Building,sampling_region,building_type,size_bin,heating_fuel,hvac_system_type
0,19,strip_mall,0,NaturalGas,PSZ-AC with gas coil
1,19,retail,0,NaturalGas,PSZ-AC with gas coil
2,19,warehouse,0,NaturalGas,PSZ-AC with gas coil
3,19,small_office,0,NaturalGas,PSZ-AC with gas coil
4,19,small_office,0,NaturalGas,Residential AC with residential forced air furnace
5,13,strip_mall,0,NaturalGas,PSZ-AC with gas coil
6,48,strip_mall,0,NaturalGas,PSZ-AC with gas coil
7,5,strip_mall,0,Electricity,PSZ-AC with electric coil
8,19,full_service_restaurant,0,NaturalGas,PSZ-AC with gas coil
9,5,small_office,0,Electricity,PTHP
10,22,warehouse,0,Electricity,PSZ-AC with electric coil
11,5,small_office,0,Electricity,PSZ-AC with electric coil
12,105,strip_mall,0,NaturalGas,PSZ-AC with gas coil
13,22,strip_mall,0,NaturalGas,PSZ-AC with gas coil
14,18,strip_mall,0,NaturalGas,PSZ-AC with gas coil
15,5,warehouse,0,Electricity,PSZ-AC with electric coil
16,9,strip_mall,0,NaturalGas,PSZ-AC with gas coil
17,22,warehouse,0,NaturalGas,PSZ-AC with gas coil
18,10,strip_mall,0,NaturalGas,PSZ-AC with gas coil
19,19,warehouse,0,NaturalGas,Residential AC with residential forced air furnace
20,0,strip_mall,0,Electricity,PSZ-AC with electric coil
21,29,strip_mall,0,NaturalGas,PSZ-AC with gas coil
22,19,strip_mall,0,NaturalGas,Residential AC with residential forced air furnace
23,9,warehouse,0,NaturalGas,PSZ-AC with gas coil
24,22,small_office,0,Electricity,PSZ-AC with electric coil
25,30,strip_mall,0,NaturalGas,PSZ-AC with gas coil
26,0,small_office,0,NaturalGas,PSZ-AC with gas coil
27,5,small_office,0,Electricity,PSZ-HP
28,48,warehouse,0,NaturalGas,PSZ-AC with gas coil
29,39,strip_mall,0,NaturalGas,PSZ-AC with gas coil
30,22,retail,0,Electricity,PSZ-AC with electric coil
31,5,retail,0,Electricity,PSZ-AC with electric coil
32,29,warehouse,0,NaturalGas,PSZ-AC with gas coil
33,18,warehouse,0,NaturalGas,PSZ-AC with gas coil
34,5,warehouse,0,Electricity,PSZ-HP
35,102,strip_mall,0,NaturalGas,PSZ-AC with gas coil
36,5,strip_mall,0,Electricity,PSZ-HP
37,8,warehouse,0,NaturalGas,PSZ-AC with gas coil
38,13,warehouse,0,NaturalGas,PSZ-AC with gas coil
39,22,strip_mall,0,Electricity,PSZ-AC with electric coil
40,9,strip_mall,0,Electricity,PSZ-AC with electric coil
41,33,strip_mall,0,NaturalGas,PSZ-AC with gas coil
42,17,strip_mall,0,NaturalGas,PSZ-AC with gas coil
43,0,strip_mall,0,NaturalGas,PSZ-AC with gas coil
44,0,warehouse,0,NaturalGas,PSZ-AC with gas coil
45,9,small_office,0,Electricity,PTHP
46,107,strip_mall,0,NaturalGas,PSZ-AC with gas coil
47,8,strip_mall,0,NaturalGas,PSZ-AC with gas coil
48,38,strip_mall,0,Electricity,PSZ-AC with electric coil
49,36,strip_mall,0,NaturalGas,PSZ-AC with gas coil
50,39,small_office,0,Electricity,PSZ-AC with electric coil
51,30,warehouse,0,NaturalGas,PSZ-AC with gas coil
52,4,warehouse,0,NaturalGas,PSZ-AC with gas coil
53,22,warehouse,0,NaturalGas,Residential AC with residential forced air furnace
54,40,strip_mall,0,NaturalGas,PSZ-AC with gas coil
55,104,strip_mall,0,NaturalGas,PSZ-AC with gas coil
56,101,strip_mall,0,NaturalGas,PSZ-AC with gas coil
57,22,retail,0,NaturalGas,PSZ-AC with gas coil
58,22,small_office,0,NaturalGas,PSZ-AC with gas coil
59,9,small_office,0,Electricity,PSZ-AC with electric coil
60,40,warehouse,0,Electricity,PSZ-AC with electric coil
61,19,quick_service_restaurant,0,NaturalGas,PSZ-AC with gas coil
62,20,strip_mall,0,NaturalGas,PSZ-AC with gas coil
63,17,small_office,0,NaturalGas,PSZ-AC with gas coil
64,17,warehouse,0,NaturalGas,PSZ-AC with gas coil
65,18,retail,0,NaturalGas,PSZ-AC with gas coil
66,36,warehouse,0,NaturalGas,PSZ-AC with gas coil
67,5,retail,0,Electricity,PTHP
68,29,small_office,0,NaturalGas,PSZ-AC with gas coil
69,9,retail,0,NaturalGas,PSZ-AC with gas coil
70,9,small_office,0,NaturalGas,PSZ-AC with gas coil
71,30,small_office,0,NaturalGas,PSZ-AC with gas coil
72,5,retail,0,Electricity,PSZ-HP
73,8,small_office,0,NaturalGas,PSZ-AC with gas coil
74,39,warehouse,0,Electricity,PSZ-AC with electric coil
75,26,strip_mall,0,NaturalGas,PSZ-AC with gas coil
76,10,retail,0,FuelOil,PSZ-AC with gas coil
77,18,small_office,0,NaturalGas,PSZ-AC with gas coil
78,4,small_office,0,NaturalGas,PSZ-AC with gas coil
79,105,warehouse,0,NaturalGas,PSZ-AC with gas coil
80,38,warehouse,0,NaturalGas,PSZ-AC with gas coil
81,19,retail,1,NaturalGas,PSZ-AC with gas coil
82,40,small_office,0,Electricity,PSZ-AC with electric coil
83,6,warehouse,0,Electricity,PSZ-AC with electric coil
84,8,retail,0,NaturalGas,PSZ-AC with gas coil
85,18,small_office,0,NaturalGas,Residential AC with residential forced air furnace
86,40,retail,0,Electricity,PSZ-AC with electric coil
87,5,full_service_restaurant,0,Electricity,PSZ-AC with electric coil
88,13,small_office,0,NaturalGas,PSZ-AC with gas coil
89,30,retail,0,NaturalGas,PSZ-AC with gas coil
90,13,small_office,0,NaturalGas,Residential AC with residential forced air furnace
91,10,small_office,0,NaturalGas,PSZ-AC with gas coil
92,40,warehouse,0,NaturalGas,PSZ-AC with gas coil
93,103,strip_mall,0,NaturalGas,PSZ-AC with gas coil
94,25,warehouse,0,NaturalGas,PSZ-AC with gas coil
95,39,strip_mall,0,Electricity,PSZ-AC with electric coil
96,29,retail,0,NaturalGas,PSZ-AC with gas coil
97,39,retail,0,NaturalGas,PSZ-AC with gas coil
98,0,small_office,0,Electricity,PSZ-AC with electric coil
99,4,strip_mall,0,NaturalGas,PSZ-AC with gas coil
100,28,small_office,0,NaturalGas,PSZ-AC with gas coil
101,104,warehouse,0,NaturalGas,PSZ-AC with gas coil
102,38,small_office,0,NaturalGas,PSZ-AC with gas coil
103,9,small_office,0,Electricity,PSZ-HP
104,4,retail,0,NaturalGas,PSZ-AC with gas coil
105,22,small_office,0,NaturalGas,Residential AC with residential forced air furnace
106,36,small_office,0,NaturalGas,PSZ-AC with gas coil
107,26,retail,0,NaturalGas,PSZ-AC with gas coil
108,33,warehouse,0,NaturalGas,PSZ-AC with gas coil
109,36,retail,0,NaturalGas,PSZ-AC with gas coil
110,9,strip_mall,0,Electricity,PSZ-HP
111,29,small_office,0,NaturalGas,Residential AC with residential forced air furnace
112,30,small_office,0,NaturalGas,Residential AC with residential forced air furnace
113,12,strip_mall,0,Electricity,PSZ-AC with electric coil
114,22,full_service_restaurant,0,NaturalGas,PSZ-AC with gas coil
115,17,retail,0,NaturalGas,PSZ-AC with gas coil
116,107,retail,0,NaturalGas,PSZ-AC with gas coil
117,5,warehouse,0,Electricity,PTAC with electric coil
118,5,warehouse,0,NaturalGas,PSZ-AC with gas coil
119,12,small_office,0,NaturalGas,PSZ-AC with gas coil
120,26,warehouse,0,NaturalGas,PSZ-AC with gas coil
121,5,full_service_restaurant,0,Electricity,PSZ-HP
122,40,small_office,0,NaturalGas,PSZ-AC with gas coil
123,33,small_office,0,NaturalGas,PSZ-AC with gas coil
124,25,strip_mall,0,NaturalGas,PSZ-AC with gas coil
125,48,small_office,0,NaturalGas,PSZ-AC with gas coil
126,38,strip_mall,0,NaturalGas,PSZ-AC with gas coil
127,12,warehouse,0,Electricity,PSZ-AC with electric coil
128,5,quick_service_restaurant,0,Electricity,PSZ-AC with electric coil
129,8,small_office,0,Electricity,PTHP
130,10,warehouse,0,NaturalGas,PSZ-AC with gas coil
131,40,strip_mall,0,Electricity,PSZ-AC with electric coil
132,6,strip_mall,0,Electricity,PSZ-AC with electric coil
133,2,strip_mall,0,NaturalGas,PSZ-AC with gas coil
134,13,retail,0,NaturalGas,PSZ-AC with gas coil
135,32,strip_mall,0,Electricity,PSZ-AC with electric coil
136,17,small_office,0,NaturalGas,Residential AC with residential forced air furnace
137,0,small_office,0,Electricity,PTHP
138,9,retail,0,Propane,PSZ-AC with gas coil
139,19,retail,0,Electricity,PSZ-AC with electric coil
140,37,strip_mall,0,Electricity,PSZ-AC with electric coil
141,5,retail,1,Electricity,PSZ-AC with electric coil
142,40,retail,0,NaturalGas,PSZ-AC with gas coil
143,32,small_office,0,Electricity,PTHP
144,32,warehouse,0,NaturalGas,PSZ-AC with gas coil
145,107,warehouse,0,NaturalGas,PSZ-AC with gas coil
146,13,warehouse,0,NaturalGas,Residential AC with residential forced air furnace
147,6,warehouse,0,Electricity,PSZ-HP
148,106,strip_mall,0,NaturalGas,PSZ-AC with gas coil
149,9,small_office,0,NaturalGas,Residential AC with residential forced air furnace
150,105,warehouse,0,Electricity,PSZ-AC with electric coil
151,10,warehouse,0,FuelOil,PSZ-AC with gas coil
152,8,small_office,0,Electricity,PSZ-AC with electric coil
153,0,retail,0,NaturalGas,PSZ-AC with gas coil
154,13,strip_mall,0,NaturalGas,Residential AC with residential forced air furnace
155,8,small_office,0,NaturalGas,Residential AC with residential forced air furnace
156,37,strip_mall,0,NaturalGas,PSZ-AC with gas coil
157,9,warehouse,0,Electricity,PSZ-AC with electric coil
158,37,small_office,0,Electricity,PTHP
159,108,strip_mall,0,NaturalGas,PSZ-AC with gas coil
160,24,strip_mall,0,NaturalGas,PSZ-AC with gas coil
161,105,small_office,0,NaturalGas,PSZ-AC with gas coil
162,48,strip_mall,0,NaturalGas,Residential AC with residential forced air furnace
163,0,strip_mall,0,Electricity,PSZ-HP
164,27,strip_mall,0,NaturalGas,PSZ-AC with gas coil
165,9,retail,0,Electricity,PSZ-AC with electric coil
166,105,retail,0,NaturalGas,PSZ-AC with gas coil
167,32,small_office,0,Electricity,PSZ-AC with electric coil
168,33,retail,0,NaturalGas,PSZ-AC with gas coil
169,18,warehouse,0,NaturalGas,Residential AC with residential forced air furnace
170,26,small_office,0,NaturalGas,PSZ-AC with gas coil
171,38,retail,0,Electricity,PSZ-AC with electric coil
172,8,strip_mall,0,Electricity,PSZ-AC with electric coil
173,28,strip_mall,0,NaturalGas,PSZ-AC with gas coil
174,107,small_office,0,NaturalGas,PSZ-AC with gas coil
175,37,warehouse,0,NaturalGas,PSZ-AC with gas coil
176,18,full_service_restaurant,0,NaturalGas,PSZ-AC with gas coil
177,28,retail,0,NaturalGas,PSZ-AC with gas coil
178,20,warehouse,0,NaturalGas,PSZ-AC with gas coil
179,102,small_office,0,NaturalGas,PSZ-AC with gas coil
180,39,small_office,0,NaturalGas,PSZ-AC with gas coil
181,37,small_office,0,Electricity,PSZ-AC with electric coil
182,5,strip_mall,0,NaturalGas,PSZ-AC with gas coil
183,12,warehouse,0,NaturalGas,PSZ-AC with gas coil
184,26,full_service_restaurant,0,NaturalGas,PSZ-AC with gas coil
185,36,small_office,0,NaturalGas,Residential AC with residential forced air furnace
186,28,warehouse,0,NaturalGas,PSZ-AC with gas coil
187,102,retail,0,NaturalGas,PSZ-AC with gas coil
188,13,retail,0,Propane,PSZ-AC with gas coil
189,16,small_office,0,NaturalGas,PSZ-AC with gas coil
190,13,warehouse,0,Electricity,PSZ-AC with electric coil
191,0,small_office,0,NaturalGas,Residential AC with residential forced air furnace
192,0,retail,0,Electricity,PSZ-AC with electric coil
193,19,small_office,1,NaturalGas,PSZ-AC with gas coil
194,106,warehouse,0,NaturalGas,PSZ-AC with gas coil
195,4,warehouse,0,NaturalGas,Residential AC with residential forced air furnace
196,48,retail,0,NaturalGas,PSZ-AC with gas coil
197,18,strip_mall,0,NaturalGas,Residential AC with residential forced air furnace
198,22,retail,0,Electricity,PTHP
199,17,strip_mall,0,Electricity,PSZ-AC with electric coil
200,16,strip_mall,0,NaturalGas,PSZ-AC with gas coil
201,26,small_office,0,NaturalGas,Residential AC with residential forced air furnace
202,32,strip_mall,0,NaturalGas,PSZ-AC with gas coil
203,48,small_office,0,NaturalGas,Residential AC with residential forced air furnace
204,39,warehouse,0,NaturalGas,PSZ-AC with gas coil
205,25,small_office,0,NaturalGas,PSZ-AC with gas coil
206,36,full_service_restaurant,0,NaturalGas,PSZ-AC with gas coil
207,107,warehouse,0,Electricity,PSZ-AC with electric coil
208,22,strip_mall,0,NaturalGas,Residential AC with residential forced air furnace
209,104,warehouse,0,Electricity,PSZ-AC with electric coil
210,16,retail,0,NaturalGas,PSZ-AC with gas coil
211,9,full_service_restaurant,0,NaturalGas,PSZ-AC with gas coil
212,40,warehouse,0,NaturalGas,Residential AC with residential forced air furnace
213,101,warehouse,0,NaturalGas,PSZ-AC with gas coil
214,22,full_service_restaurant,0,Electricity,PSZ-AC with electric coil
215,11,strip_mall,0,NaturalGas,PSZ-AC with gas coil
216,38,small_office,0,Electricity,PSZ-AC with electric coil
217,13,full_service_restaurant,0,NaturalGas,PSZ-AC with gas coil
218,0,retail,0,Propane,PSZ-AC with gas coil
219,30,full_service_restaurant,0,NaturalGas,PSZ-AC with gas coil
220,33,small_office,0,NaturalGas,Residential AC with residential forced air furnace
221,10,small_office,0,FuelOil,PSZ-AC with gas coil
222,0,small_office,0,Electricity,PSZ-HP
223,22,retail,1,Electricity,PSZ-AC with electric coil
224,106,retail,0,NaturalGas,PSZ-AC with gas coil
225,37,retail,0,Electricity,PSZ-AC with electric coil
226,11,retail,0,NaturalGas,PSZ-AC with gas coil
227,40,small_office,0,NaturalGas,Residential AC with residential forced air furnace
228,25,retail,0,NaturalGas,PSZ-AC with gas coil
229,39,retail,0,Electricity,PSZ-AC with electric coil
230,33,warehouse,0,NaturalGas,Residential AC with residential forced air furnace
231,13,full_service_restaurant,0,Propane,PSZ-AC with gas coil
232,16,small_office,0,Electricity,PSZ-AC with electric coil
233,38,retail,0,NaturalGas,PSZ-AC with gas coil
234,11,warehouse,0,NaturalGas,PSZ-AC with gas coil
235,12,retail,0,NaturalGas,PSZ-AC with gas coil
236,29,full_service_restaurant,0,NaturalGas,PSZ-AC with gas coil
237,24,retail,0,FuelOil,PSZ-AC with gas coil
238,5,small_office,0,Electricity,PTAC with electric coil
239,17,full_service_restaurant,0,NaturalGas,PSZ-AC with gas coil
240,10,small_office,0,Electricity,PSZ-AC with electric coil
241,6,retail,0,Electricity,PSZ-AC with electric coil
242,9,quick_service_restaurant,0,Electricity,PSZ-AC with electric coil
243,20,small_office,0,NaturalGas,Residential AC with residential forced air furnace
244,6,small_office,0,Electricity,PTHP
245,20,small_office,0,NaturalGas,PSZ-AC with gas coil
246,37,retail,0,NaturalGas,PSZ-AC with gas coil
247,102,warehouse,0,NaturalGas,PSZ-AC with gas coil
248,32,retail,0,Propane,PSZ-AC with gas coil
249,107,small_office,0,Electricity,PSZ-AC with electric coil
250,22,quick_service_restaurant,0,Electricity,PSZ-AC with electric coil
251,19,retail,0,NaturalGas,Residential AC with residential forced air furnace
252,19,warehouse,1,NaturalGas,PSZ-AC with gas coil
253,11,small_office,0,NaturalGas,PSZ-AC with gas coil
254,100,strip_mall,0,NaturalGas,PSZ-AC with gas coil
255,15,strip_mall,0,NaturalGas,PSZ-AC with gas coil
256,9,warehouse,0,Electricity,PSZ-HP
257,8,small_office,0,Electricity,PSZ-HP
258,24,small_office,0,FuelOil,PSZ-AC with gas coil
259,39,small_office,0,Electricity,PSZ-HP
260,38,strip_mall,0,Electricity,PSZ-HP
261,16,strip_mall,0,Electricity,PSZ-AC with electric coil
262,39,warehouse,0,Electricity,PSZ-HP
263,33,small_office,0,Electricity,PSZ-AC with electric coil
264,38,small_office,0,Electricity,PTHP
265,22,strip_mall,0,Electricity,PSZ-HP
266,5,small_office,1,Electricity,PSZ-AC with electric coil
267,101,retail,0,NaturalGas,PSZ-AC with gas coil
268,104,retail,0,NaturalGas,PSZ-AC with gas coil
269,33,full_service_restaurant,0,NaturalGas,PSZ-AC with gas coil
270,9,retail,0,Electricity,PTHP
271,20,retail,0,NaturalGas,PSZ-AC with gas coil
272,33,warehouse,0,Electricity,PSZ-AC with electric coil
273,13,small_office,0,Electricity,PSZ-AC with electric coil
274,32,small_office,0,Electricity,PSZ-HP
275,9,retail,0,Electricity,PSZ-HP
276,6,small_office,0,Electricity,PSZ-AC with electric coil
277,4,small_office,0,NaturalGas,Residential AC with residential forced air furnace
278,101,small_office,0,NaturalGas,PSZ-AC with gas coil
279,8,full_service_restaurant,0,NaturalGas,PSZ-AC with gas coil
280,5,warehouse,0,Electricity,PTHP
281,30,small_office,0,Electricity,PSZ-AC with electric coil
282,108,retail,0,NaturalGas,PSZ-AC with gas coil
283,37,small_office,0,Electricity,PSZ-HP
284,105,small_office,0,Electricity,PSZ-AC with electric coil
285,30,strip_mall,0,Electricity,PSZ-AC with electric coil
286,9,full_service_restaurant,0,Electricity,PSZ-AC with electric coil
287,105,full_service_restaurant,0,NaturalGas,PSZ-AC with gas coil
288,4,strip_mall,0,Electricity,PSZ-AC with electric coil
289,13,warehouse,0,Propane,PSZ-AC with gas coil
290,6,strip_mall,0,Electricity,PSZ-HP
291,40,full_service_restaurant,0,NaturalGas,PSZ-AC with gas coil
292,22,quick_service_restaurant,0,NaturalGas,PSZ-AC with gas coil
293,29,strip_mall,0,NaturalGas,Residential AC with residential forced air furnace
294,20,retail,0,Propane,PSZ-AC with gas coil
295,37,strip_mall,0,Electricity,PSZ-HP
296,17,retail,0,Electricity,PSZ-AC with electric coil
297,13,quick_service_restaurant,0,NaturalGas,PSZ-AC with gas coil
298,15,small_office,0,NaturalGas,PSZ-AC with gas coil
299,0,full_service_restaurant,0,NaturalGas,PSZ-AC with gas coil
300,31,strip_mall,0,NaturalGas,PSZ-AC with gas coil
301,39,full_service_restaurant,0,NaturalGas,PSZ-AC with gas coil
302,47,strip_mall,0,NaturalGas,PSZ-AC with gas coil
303,2,small_office,0,NaturalGas,PSZ-AC with gas coil
304,32,small_office,0,NaturalGas,PSZ-AC with gas coil
305,49,small_office,0,NaturalGas,PSZ-AC with gas coil
306,32,strip_mall,0,Electricity,PSZ-HP
307,31,small_office,0,NaturalGas,PSZ-AC with gas coil
308,30,strip_mall,0,NaturalGas,Residential AC with residential forced air furnace
309,21,strip_mall,0,NaturalGas,PSZ-AC with gas coil
310,32,warehouse,0,Electricity,PSZ-AC with electric coil
311,33,strip_mall,0,Electricity,PSZ-AC with electric coil
312,31,warehouse,0,NaturalGas,PSZ-AC with gas coil
313,102,small_office,0,Electricity,PSZ-AC with electric coil
314,0,warehouse,0,NaturalGas,Residential AC with residential forced air furnace
315,48,warehouse,0,NaturalGas,Residential AC with residential forced air furnace
316,4,full_service_restaurant,0,NaturalGas,PSZ-AC with gas coil
317,16,warehouse,0,NaturalGas,PSZ-AC with gas coil
318,27,warehouse,0,NaturalGas,PSZ-AC with gas coil
319,39,full_service_restaurant,0,Electricity,PSZ-AC with electric coil
320,48,warehouse,0,FuelOil,PSZ-AC with gas coil
321,32,retail,0,NaturalGas,PSZ-AC with gas coil
322,2,retail,0,NaturalGas,PSZ-AC with gas coil
323,17,warehouse,0,NaturalGas,Residential AC with residential forced air furnace
324,105,strip_mall,0,Electricity,PSZ-AC with electric coil
325,37,warehouse,0,Electricity,PSZ-AC with electric coil
326,16,warehouse,0,Electricity,PSZ-AC with electric coil
327,22,retail,0,NaturalGas,Residential AC with residential forced air furnace
328,101,warehouse,0,Electricity,PSZ-AC with electric coil
329,0,quick_service_restaurant,0,NaturalGas,PSZ-AC with gas coil
330,22,retail,1,NaturalGas,PSZ-AC with gas coil
331,37,retail,0,Electricity,PTHP
332,5,strip_mall,1,Electricity,PSZ-AC with electric coil
333,5,retail,0,NaturalGas,PSZ-AC with gas coil
334,19,full_service_restaurant,1,NaturalGas,PSZ-AC with gas coil
335,38,retail,0,Electricity,PSZ-HP
336,37,retail,0,Electricity,PSZ-HP
337,49,warehouse,0,NaturalGas,PSZ-AC with gas coil
338,12,retail,0,Electricity,PSZ-AC with electric coil
339,19,warehouse,0,Electricity,PSZ-AC with electric coil
340,37,retail,0,Propane,PSZ-AC with gas coil
341,32,retail,0,Electricity,PSZ-AC with electric coil
342,104,small_office,0,NaturalGas,PSZ-AC with gas coil
343,29,warehouse,0,NaturalGas,Residential AC with residential forced air furnace
344,25,small_office,0,Electricity,PTHP
345,33,strip_mall,0,NaturalGas,Residential AC with residential forced air furnace
346,2,retail,0,Electricity,PSZ-AC with electric coil
347,13,retail,0,Electricity,PSZ-AC with electric coil
348,19,strip_mall,1,NaturalGas,PSZ-AC with gas coil
349,2,warehouse,0,NaturalGas,PSZ-AC with gas coil
350,8,retail,0,Electricity,PSZ-AC with electric coil
351,9,full_service_restaurant,0,Electricity,PSZ-HP
352,108,warehouse,0,NaturalGas,PSZ-AC with gas coil
353,6,warehouse,0,Electricity,PTAC with electric coil
354,5,small_office,0,NaturalGas,PSZ-AC with gas coil
355,2,small_office,0,Electricity,PSZ-AC with electric coil
356,37,small_office,0,NaturalGas,PSZ-AC with gas coil
357,8,strip_mall,0,Electricity,PSZ-HP
358,18,quick_service_restaurant,0,NaturalGas,PSZ-AC with gas coil
359,25,small_office,0,NaturalGas,Residential AC with residential forced air furnace
360,2,strip_mall,0,Electricity,PSZ-AC with electric coil
361,40,retail,1,Electricity,PSZ-AC with electric coil
362,33,retail,0,Electricity,PSZ-AC with electric coil
363,17,strip_mall,0,NaturalGas,Residential AC with residential forced air furnace
364,6,retail,0,Electricity,PTHP
365,28,small_office,0,NaturalGas,Residential AC with residential forced air furnace
366,40,retail,0,Electricity,PTHP
367,106,warehouse,0,Electricity,PSZ-AC with electric coil
368,19,quick_service_restaurant,0,Electricity,PSZ-AC with electric coil
369,103,retail,0,NaturalGas,PSZ-AC with gas coil
370,23,strip_mall,0,NaturalGas,PSZ-AC with gas coil
371,0,retail,0,Electricity,PSZ-HP
372,9,warehouse,0,NaturalGas,Residential AC with residential forced air furnace
373,6,retail,0,Electricity,PSZ-HP
374,24,full_service_restaurant,0,Propane,PSZ-AC with gas coil
375,15,strip_mall,0,Electricity,PSZ-AC with electric coil
376,49,retail,0,NaturalGas,PSZ-AC with gas coil
377,40,quick_service_restaurant,0,Electricity,PSZ-AC with electric coil
378,108,small_office,0,NaturalGas,PSZ-AC with gas coil
379,22,small_office,0,Electricity,PTHP
380,5,small_office,1,Electricity,PVAV with PFP boxes
381,10,retail,0,Propane,PSZ-AC with gas coil
382,34,strip_mall,0,NaturalGas,PSZ-AC with gas coil
383,19,strip_mall,2,NaturalGas,PSZ-AC with gas coil
384,12,small_office,0,NaturalGas,Residential AC with residential forced air furnace
385,30,small_office,0,Electricity,PTAC with electric coil
386,8,warehouse,0,Electricity,PSZ-AC with electric coil
387,0,warehouse,0,Electricity,PSZ-AC with electric coil
388,25,small_office,0,Electricity,PSZ-AC with electric coil
389,109,strip_mall,0,NaturalGas,PSZ-AC with gas coil
390,20,full_service_restaurant,0,NaturalGas,PSZ-AC with gas coil
391,47,retail,0,FuelOil,PSZ-AC with gas coil
392,0,full_service_restaurant,0,Electricity,PSZ-AC with electric coil
393,38,small_office,0,Electricity,PSZ-HP
394,30,small_office,0,Electricity,PTHP
395,5,large_hotel,0,Electricity,PTAC with electric coil
396,38,warehouse,0,Electricity,PSZ-AC with electric coil
397,8,retail,0,Propane,PSZ-AC with gas coil
398,5,small_hotel,0,Electricity,PTAC with electric coil
399,31,retail,0,NaturalGas,PSZ-AC with gas coil
400,9,retail,1,Electricity,PSZ-AC with electric coil
401,9,quick_service_restaurant,0,NaturalGas,PSZ-AC with gas coil
402,10,strip_mall,0,NaturalGas,Residential AC with residential forced air furnace
403,5,retail,0,Propane,PSZ-AC with gas coil
404,29,small_office,0,Electricity,PSZ-AC with electric coil
405,2,warehouse,0,Electricity,PSZ-AC with electric coil
406,102,full_service_restaurant,0,NaturalGas,PSZ-AC with gas coil
407,13,strip_mall,0,Electricity,PSZ-AC with electric coil
408,17,small_office,0,Electricity,PSZ-AC with electric coil
409,13,small_office,0,Electricity,PTAC with electric coil
410,26,warehouse,0,NaturalGas,Residential AC with residential forced air furnace
411,107,full_service_restaurant,0,NaturalGas,PSZ-AC with gas coil
412,24,warehouse,0,FuelOil,PSZ-AC with gas coil
413,40,strip_mall,0,NaturalGas,Residential AC with residential forced air furnace
414,38,small_office,0,NaturalGas,Residential AC with residential forced air furnace
415,22,small_office,0,Electricity,PSZ-HP
416,8,quick_service_restaurant,0,NaturalGas,PSZ-AC with gas coil
417,108,warehouse,0,Electricity,PSZ-AC with electric coil
418,39,small_office,0,Electricity,PTAC with electric coil
419,5,retail,0,Electricity,PTAC with electric coil
420,105,warehouse,0,Electricity,PSZ-HP
421,6,small_office,0,Electricity,PSZ-HP
422,48,full_service_restaurant,0,NaturalGas,PSZ-AC with gas coil
423,19,warehouse,1,NaturalGas,PVAV with gas boiler reheat
424,0,full_service_restaurant,0,Propane,PSZ-AC with gas coil
425,0,quick_service_restaurant,0,Electricity,PSZ-AC with electric coil
426,22,retail,0,Electricity,PTAC with electric coil
427,26,strip_mall,0,NaturalGas,Residential AC with residential forced air furnace
428,20,full_service_restaurant,0,Propane,PSZ-AC with gas coil
429,29,warehouse,0,Electricity,PSZ-AC with electric coil
430,22,warehouse,0,Electricity,PTHP
431,19,small_office,0,Electricity,PSZ-AC with electric coil
432,11,warehouse,0,Electricity,PSZ-AC with electric coil
433,18,retail,1,NaturalGas,PSZ-AC with gas coil
434,39,retail,0,NaturalGas,Residential AC with residential forced air furnace
435,5,strip_mall,2,Electricity,PVAV with PFP boxes
436,30,warehouse,0,NaturalGas,Residential AC with residential forced air furnace
437,5,small_office,1,Electricity,PSZ-HP
438,102,warehouse,0,Electricity,PSZ-AC with electric coil
439,11,warehouse,0,NaturalGas,Residential AC with residential forced air furnace
440,8,warehouse,0,NaturalGas,Residential AC with residential forced air furnace
441,22,retail,0,Electricity,PSZ-HP
442,30,warehouse,0,Electricity,PSZ-AC with electric coil
443,20,warehouse,0,NaturalGas,Residential AC with residential forced air furnace
444,101,small_office,0,Electricity,PSZ-AC with electric coil
445,12,strip_mall,0,NaturalGas,PSZ-AC with gas coil
446,19,small_office,1,NaturalGas,Residential AC with residential forced air furnace
447,38,warehouse,0,NaturalGas,Residential AC with residential forced air furnace
448,11,small_office,0,NaturalGas,Residential AC with residential forced air furnace
449,107,retail,1,NaturalGas,PSZ-AC with gas coil
450,40,quick_service_restaurant,0,NaturalGas,PSZ-AC with gas coil
451,19,retail,0,Electricity,PSZ-HP
452,12,warehouse,0,NaturalGas,Residential AC with residential forced air furnace
453,36,strip_mall,0,NaturalGas,Residential AC with residential forced air furnace
454,24,small_office,0,NaturalGas,PSZ-AC with gas coil
455,28,warehouse,0,NaturalGas,Residential AC with residential forced air furnace
456,25,full_service_restaurant,0,NaturalGas,PSZ-AC with gas coil
457,10,retail,0,Electricity,PSZ-AC with electric coil
458,6,retail,1,Electricity,PSZ-AC with electric coil
459,32,warehouse,0,Electricity,PSZ-HP
460,8,quick_service_restaurant,0,Electricity,PSZ-AC with electric coil
461,27,small_office,0,NaturalGas,PSZ-AC with gas coil
462,48,strip_mall,0,Electricity,PSZ-AC with electric coil
463,106,small_office,0,NaturalGas,PSZ-AC with gas coil
464,12,strip_mall,0,Electricity,PSZ-HP
465,24,retail,0,Propane,PSZ-AC with gas coil
466,30,small_office,0,Electricity,PSZ-HP
467,12,small_office,0,Electricity,PSZ-AC with electric coil
468,22,small_office,0,Electricity,PTAC with electric coil
469,12,warehouse,0,Electricity,PSZ-HP
470,107,retail,0,NaturalGas,Residential AC with residential forced air furnace
471,27,small_office,0,NaturalGas,Residential AC with residential forced air furnace
472,29,strip_mall,0,Electricity,PSZ-AC with electric coil
473,17,quick_service_restaurant,0,NaturalGas,PSZ-AC with gas coil
474,9,small_office,1,Electricity,PSZ-AC with electric coil
475,9,retail,1,NaturalGas,PSZ-AC with gas coil
476,37,warehouse,0,Electricity,PSZ-HP
477,37,full_service_restaurant,0,Electricity,PSZ-AC with electric coil
478,32,full_service_restaurant,0,Electricity,PSZ-AC with electric coil
479,19,small_office,1,NaturalGas,PVAV with gas boiler reheat
480,38,retail,0,Propane,PSZ-AC with gas coil
481,45,strip_mall,0,Electricity,PSZ-AC with electric coil
482,100,small_office,0,NaturalGas,PSZ-AC with gas coil
483,29,small_office,0,Electricity,PTAC with electric coil
484,0,strip_mall,0,NaturalGas,Residential AC with residential forced air furnace
485,101,full_service_restaurant,0,NaturalGas,PSZ-AC with gas coil
486,39,small_office,0,Electricity,PTHP
487,2,small_office,0,NaturalGas,Residential AC with residential forced air furnace
488,19,small_office,1,NaturalGas,PVAV with gas heat with electric reheat
489,36,full_service_restaurant,0,Propane,PSZ-AC with gas coil
490,16,retail,0,Electricity,PSZ-AC with electric coil
491,12,full_service_restaurant,0,Electricity,PSZ-AC with electric coil
492,13,retail,0,Propane,Residential AC with residential forced air furnace
493,32,retail,0,Electricity,PSZ-HP
494,39,quick_service_restaurant,0,Electricity,PSZ-AC with electric coil
495,12,quick_service_restaurant,0,Electricity,PSZ-AC with electric coil
496,36,warehouse,0,NaturalGas,Residential AC with residential forced air furnace
497,40,full_service_restaurant,0,Electricity,PSZ-AC with electric coil
498,39,warehouse,0,Electricity,PTHP
499,8,retail,0,Electricity,PTHP
500,32,retail,0,Electricity,PTHP
501,4,warehouse,0,Electricity,PSZ-AC with electric coil
502,104,full_service_restaurant,0,NaturalGas,PSZ-AC with gas coil
503,20,strip_mall,0,NaturalGas,Residential AC with residential forced air furnace
504,10,full_service_restaurant,0,Electricity,PSZ-AC with electric coil
505,35,small_office,0,NaturalGas,PSZ-AC with gas coil
506,107,strip_mall,0,Electricity,PSZ-AC with electric coil
507,13,small_office,0,Electricity,PSZ-HP
508,14,strip_mall,0,NaturalGas,PSZ-AC with gas coil
509,25,strip_mall,0,Electricity,PSZ-AC with electric coil
510,10,small_office,0,Electricity,PTAC with electric coil
511,8,retail,0,Electricity,PSZ-HP
512,32,small_office,0,NaturalGas,Residential AC with residential forced air furnace
513,9,warehouse,0,Electricity,PTAC with electric coil
514,38,full_service_restaurant,0,Electricity,PSZ-AC with electric coil
515,108,small_office,0,Electricity,PSZ-AC with electric coil
516,107,warehouse,0,Electricity,PSZ-HP
517,10,full_service_restaurant,0,NaturalGas,PSZ-AC with gas coil
518,105,retail,1,NaturalGas,PSZ-AC with gas coil
519,24,warehouse,0,NaturalGas,PSZ-AC with gas coil
520,11,small_office,0,Electricity,PSZ-AC with electric coil
521,29,small_office,0,Electricity,PTHP
522,20,warehouse,0,Propane,PSZ-AC with gas coil
523,7,strip_mall,0,Electricity,PSZ-AC with electric coil
524,109,retail,0,NaturalGas,PSZ-AC with gas coil
525,38,quick_service_restaurant,0,Electricity,PSZ-AC with electric coil
526,36,retail,1,NaturalGas,PSZ-AC with gas coil
527,15,retail,0,NaturalGas,PSZ-AC with gas coil
528,102,strip_mall,0,Electricity,PSZ-AC with electric coil
529,48,retail,0,FuelOil,PSZ-AC with gas coil
530,9,small_office,0,Electricity,PTAC with electric coil
531,4,retail,1,NaturalGas,PSZ-AC with gas coil
532,5,medium_office,0,Electricity,PSZ-AC with electric coil
533,17,small_office,0,Electricity,PTHP
534,30,retail,0,NaturalGas,Residential AC with residential forced air furnace
535,2,full_service_restaurant,0,NaturalGas,PSZ-AC with gas coil
536,104,warehouse,0,Electricity,PSZ-HP
537,39,warehouse,0,Electricity,PTAC with electric coil
538,37,quick_service_restaurant,0,Electricity,PSZ-AC with electric coil
539,42,warehouse,0,NaturalGas,PSZ-AC with gas coil
540,12,small_office,0,Electricity,PSZ-HP
541,10,retail,0,NaturalGas,PSZ-AC with gas coil
542,8,retail,1,NaturalGas,PSZ-AC with gas coil
543,10,small_office,0,Electricity,PSZ-HP
544,22,full_service_restaurant,0,Propane,PSZ-AC with gas coil
545,40,strip_mall,0,Electricity,PSZ-HP
546,8,warehouse,0,Electricity,PSZ-HP
547,103,warehouse,0,NaturalGas,PSZ-AC with gas coil
548,39,retail,1,NaturalGas,PSZ-AC with gas coil
549,5,warehouse,1,Electricity,PSZ-AC with electric coil
550,5,medium_office,1,Electricity,PVAV with PFP boxes
551,13,retail,1,NaturalGas,PSZ-AC with gas coil
552,11,strip_mall,0,Electricity,PSZ-AC with electric coil
553,45,small_office,0,NaturalGas,PSZ-AC with gas coil
554,8,full_service_restaurant,0,Electricity,PSZ-AC with electric coil
555,11,retail,0,Electricity,PSZ-AC with electric coil
556,105,retail,0,NaturalGas,Residential AC with residential forced air furnace
557,4,quick_service_restaurant,0,NaturalGas,PSZ-AC with gas coil
558,19,retail,1,Electricity,PSZ-AC with electric coil
559,13,small_office,0,Propane,Residential AC with residential forced air furnace
560,40,retail,1,NaturalGas,PSZ-AC with gas coil
561,18,warehouse,1,NaturalGas,PSZ-AC with gas coil
562,5,full_service_restaurant,1,Electricity,PSZ-AC with electric coil
563,15,warehouse,0,NaturalGas,PSZ-AC with gas coil
564,32,quick_service_restaurant,0,Electricity,PSZ-AC with electric coil
565,40,retail,0,NaturalGas,Residential AC with residential forced air furnace
566,37,small_office,0,NaturalGas,Residential AC with residential forced air furnace
567,100,retail,0,NaturalGas,PSZ-AC with gas coil
568,9,small_office,1,NaturalGas,PSZ-AC with gas coil
569,102,retail,1,NaturalGas,PSZ-AC with gas coil
570,45,small_office,0,Electricity,PSZ-AC with electric coil
571,32,full_service_restaurant,0,Electricity,PSZ-HP
572,25,small_office,0,Electricity,PSZ-HP
573,29,retail,0,NaturalGas,Residential AC with residential forced air furnace
574,9,strip_mall,0,NaturalGas,Residential AC with residential forced air furnace
575,49,strip_mall,0,Electricity,PSZ-AC with electric coil
576,30,retail,0,FuelOil,PSZ-AC with gas coil
577,2,warehouse,0,NaturalGas,Residential AC with residential forced air furnace
578,5,large_hotel,0,Electricity,PTHP
579,104,small_office,0,Electricity,PSZ-AC with electric coil
580,30,retail,0,Electricity,PSZ-AC with electric coil
581,37,full_service_restaurant,0,Electricity,PSZ-HP
582,29,warehouse,1,NaturalGas,PSZ-AC with gas coil
583,35,strip_mall,0,NaturalGas,PSZ-AC with gas coil
584,8,warehouse,1,NaturalGas,PSZ-AC with gas coil
585,5,small_office,0,NaturalGas,Residential AC with residential forced air furnace
586,28,full_service_restaurant,0,NaturalGas,PSZ-AC with gas coil
587,38,quick_service_restaurant,0,NaturalGas,PSZ-AC with gas coil
588,22,quick_service_restaurant,0,Electricity,PSZ-HP
589,6,full_service_restaurant,0,Electricity,PSZ-AC with electric coil
590,13,small_office,0,Propane,PSZ-AC with gas coil
591,45,retail,0,Electricity,PSZ-AC with electric coil
592,36,retail,0,NaturalGas,Residential AC with residential forced air furnace
593,18,small_office,1,NaturalGas,PSZ-AC with gas coil
594,19,medium_office,1,NaturalGas,PVAV with gas boiler reheat
595,102,retail,0,NaturalGas,Residential AC with residential forced air furnace
596,7,small_office,0,Electricity,PTHP
597,16,small_office,0,NaturalGas,Residential AC with residential forced air furnace
598,38,full_service_restaurant,0,NaturalGas,PSZ-AC with gas coil
599,29,retail,1,NaturalGas,PSZ-AC with gas coil
600,33,quick_service_restaurant,0,NaturalGas,PSZ-AC with gas coil
601,4,strip_mall,0,NaturalGas,Residential AC with residential forced air furnace
602,22,small_hotel,0,Electricity,PTAC with electric coil
603,28,strip_mall,0,Electricity,PSZ-AC with electric coil
604,11,full_service_restaurant,0,NaturalGas,PSZ-AC with gas coil
605,22,small_office,1,Electricity,PSZ-AC with electric coil
606,19,strip_mall,0,Electricity,PSZ-AC with electric coil
607,28,quick_service_restaurant,0,NaturalGas,PSZ-AC with gas coil
608,17,strip_mall,0,Electricity,PSZ-HP
609,10,retail,1,FuelOil,PSZ-AC with gas coil
610,22,small_office,1,NaturalGas,PSZ-AC with gas coil
611,39,retail,0,Electricity,PSZ-HP
612,101,strip_mall,0,Electricity,PSZ-AC with electric coil
613,38,retail,1,Electricity,PSZ-AC with electric coil
614,33,full_service_restaurant,0,Propane,PSZ-AC with gas coil
615,16,small_office,0,Electricity,PSZ-HP
616,29,small_office,0,Electricity,PSZ-HP
617,49,strip_mall,0,NaturalGas,PSZ-AC with gas coil
618,47,small_office,0,NaturalGas,PSZ-AC with gas coil
619,25,retail,0,Propane,PSZ-AC with gas coil
620,13,quick_service_restaurant,0,Electricity,PSZ-AC with electric coil
621,27,retail,0,NaturalGas,PSZ-AC with gas coil
622,39,warehouse,1,Electricity,PSZ-AC with electric coil
623,19,small_hotel,0,Electricity,PTAC with electric coil
624,37,full_service_restaurant,0,NaturalGas,PSZ-AC with gas coil
625,30,warehouse,0,FuelOil,PSZ-AC with gas coil
626,17,retail,0,Electricity,PSZ-HP
627,22,strip_mall,1,NaturalGas,PSZ-AC with gas coil
628,13,strip_mall,1,NaturalGas,PSZ-AC with gas coil
629,6,warehouse,0,Electricity,PTHP
630,10,warehouse,0,NaturalGas,Residential AC with residential forced air furnace
631,14,warehouse,0,NaturalGas,PSZ-AC with gas coil
632,13,small_office,1,NaturalGas,PSZ-AC with gas coil
633,36,quick_service_restaurant,0,NaturalGas,PSZ-AC with gas coil
634,31,warehouse,0,NaturalGas,Residential AC with residential forced air furnace
635,33,retail,0,NaturalGas,Residential AC with residential forced air furnace
636,24,small_office,0,Electricity,PSZ-AC with electric coil
637,108,full_service_restaurant,0,NaturalGas,PSZ-AC with gas coil
638,45,warehouse,0,NaturalGas,PSZ-AC with gas coil
639,16,full_service_restaurant,0,NaturalGas,PSZ-AC with gas coil
640,5,quick_service_restaurant,0,Electricity,PSZ-HP
641,39,strip_mall,0,Electricity,PSZ-HP
642,30,full_service_restaurant,0,Propane,PSZ-AC with gas coil
643,24,strip_mall,0,Electricity,PSZ-AC with electric coil
644,13,warehouse,0,Propane,Residential AC with residential forced air furnace
645,30,retail,1,NaturalGas,PSZ-AC with gas coil
646,45,small_office,0,Electricity,PTHP
647,8,full_service_restaurant,0,Electricity,PSZ-HP
648,103,warehouse,0,Electricity,PSZ-AC with electric coil
649,6,warehouse,0,NaturalGas,PSZ-AC with gas coil
650,27,full_service_restaurant,0,NaturalGas,PSZ-AC with gas coil
651,104,strip_mall,0,Electricity,PSZ-AC with electric coil
652,9,small_office,1,Electricity,PVAV with PFP boxes
653,36,small_office,0,Electricity,PSZ-AC with electric coil
654,39,small_office,1,Electricity,PVAV with PFP boxes
655,5,medium_office,0,Electricity,PVAV with PFP boxes
656,2,strip_mall,0,NaturalGas,Residential AC with residential forced air furnace
657,10,small_office,0,Electricity,PTHP
658,7,small_office,0,Electricity,PSZ-AC with electric coil
659,47,retail,0,Propane,PSZ-AC with gas coil
660,17,quick_service_restaurant,0,Electricity,PSZ-AC with electric coil
661,32,full_service_restaurant,0,NaturalGas,PSZ-AC with gas coil
662,103,strip_mall,0,Electricity,PSZ-AC with electric coil
663,18,retail,0,Propane,PSZ-AC with gas coil
664,31,small_office,0,NaturalGas,Residential AC with residential forced air furnace
665,5,full_service_restaurant,0,NaturalGas,PSZ-AC with gas coil
666,24,retail,0,NaturalGas,PSZ-AC with gas coil
667,16,full_service_restaurant,0,Electricity,PSZ-AC with electric coil
668,35,retail,0,NaturalGas,PSZ-AC with gas coil
669,19,warehouse,1,NaturalGas,PVAV with gas heat with electric reheat
670,12,retail,0,Electricity,PSZ-HP
671,10,small_office,0,NaturalGas,Residential AC with residential forced air furnace
672,10,retail,0,FuelOil,Residential AC with residential forced air furnace
673,40,small_office,0,Electricity,PTHP
674,26,retail,1,NaturalGas,PSZ-AC with gas coil
675,9,small_hotel,0,Electricity,PTAC with electric coil
676,106,retail,0,NaturalGas,Residential AC with residential forced air furnace
677,8,small_office,1,NaturalGas,PSZ-AC with gas coil
678,0,retail,1,Electricity,PSZ-AC with electric coil
679,36,strip_mall,0,Electricity,PSZ-AC with electric coil
680,20,quick_service_restaurant,0,NaturalGas,PSZ-AC with gas coil
681,30,full_service_restaurant,0,Electricity,PSZ-AC with electric coil
682,17,retail,0,Propane,PSZ-AC with gas coil
683,10,warehouse,0,FuelOil,Residential AC with residential forced air furnace
684,17,warehouse,0,Electricity,PSZ-AC with electric coil
685,107,small_office,0,Electricity,PSZ-HP
686,0,retail,0,Propane,Residential AC with residential forced air furnace
687,39,retail,1,Electricity,PSZ-AC with electric coil
688,6,full_service_restaurant,0,Electricity,PSZ-HP
689,9,strip_mall,1,Electricity,PSZ-AC with electric coil
690,106,full_service_restaurant,0,NaturalGas,PSZ-AC with gas coil
691,26,quick_service_restaurant,0,NaturalGas,PSZ-AC with gas coil
692,27,warehouse,0,NaturalGas,Residential AC with residential forced air furnace
693,100,small_office,0,Electricity,PSZ-AC with electric coil
694,25,retail,0,Electricity,PSZ-AC with electric coil
695,4,small_office,1,NaturalGas,PSZ-AC with gas coil
696,24,strip_mall,0,FuelOil,PSZ-AC with gas coil
697,22,strip_mall,1,Electricity,PSZ-AC with electric coil
698,17,small_office,0,Electricity,PSZ-HP
699,19,retail,0,Electricity,PTHP
700,37,retail,1,Electricity,PSZ-AC with electric coil
701,27,full_service_restaurant,0,Propane,PSZ-AC with gas coil
702,40,retail,0,Electricity,PTAC with electric coil
703,40,small_office,0,Electricity,PSZ-HP
704,100,warehouse,0,NaturalGas,PSZ-AC with gas coil
705,18,full_service_restaurant,0,Propane,PSZ-AC with gas coil
706,49,warehouse,0,NaturalGas,Residential AC with residential forced air furnace
707,19,grocery,0,NaturalGas,PSZ-AC with gas coil
708,24,small_office,0,NaturalGas,Residential AC with residential forced air furnace
709,0,full_service_restaurant,0,Electricity,PSZ-HP
710,25,warehouse,0,Electricity,PSZ-AC with electric coil
711,6,warehouse,1,Electricity,PSZ-AC with electric coil
712,8,retail,1,Electricity,PSZ-AC with electric coil
713,39,small_office,1,Electricity,PSZ-AC with electric coil
714,12,small_office,0,Electricity,PTHP
715,9,warehouse,1,NaturalGas,PSZ-AC with gas coil
716,107,retail,0,Electricity,PSZ-AC with electric coil
717,15,small_office,0,NaturalGas,Residential AC with residential forced air furnace
718,19,medium_office,0,NaturalGas,PSZ-AC with gas coil
719,0,strip_mall,1,Electricity,PSZ-AC with electric coil
720,13,full_service_restaurant,0,Electricity,PSZ-AC with electric coil
721,29,warehouse,0,FuelOil,PSZ-AC with gas coil
722,40,retail,0,Electricity,PSZ-HP
723,20,retail,0,Propane,Residential AC with residential forced air furnace
724,38,retail,0,Electricity,PTHP
725,0,small_office,1,NaturalGas,PSZ-AC with gas coil
726,107,quick_service_restaurant,0,NaturalGas,PSZ-AC with gas coil
727,105,quick_service_restaurant,0,NaturalGas,PSZ-AC with gas coil
728,6,quick_service_restaurant,0,Electricity,PSZ-AC with electric coil
729,9,small_office,1,Electricity,PSZ-HP
730,13,retail,0,NaturalGas,Residential AC with residential forced air furnace
731,23,retail,0,Propane,PSZ-AC with gas coil
732,104,retail,0,NaturalGas,Residential AC with residential forced air furnace
733,19,medium_office,0,NaturalGas,PVAV with gas boiler reheat
734,103,full_service_restaurant,0,NaturalGas,PSZ-AC with gas coil
735,47,small_office,0,FuelOil,PSZ-AC with gas coil
736,19,small_office,0,Electricity,PTHP
737,18,warehouse,0,Electricity,PSZ-AC with electric coil
738,22,small_office,1,Electricity,PVAV with PFP boxes
739,42,small_office,0,NaturalGas,PSZ-AC with gas coil
740,25,warehouse,0,NaturalGas,Residential AC with residential forced air furnace
741,33,retail,1,NaturalGas,PSZ-AC with gas coil
742,109,small_office,0,NaturalGas,PSZ-AC with gas coil
743,49,warehouse,0,Electricity,PSZ-AC with electric coil
744,101,retail,0,NaturalGas,Residential AC with residential forced air furnace
745,16,warehouse,0,Electricity,PSZ-HP
746,49,small_office,0,NaturalGas,Residential AC with residential forced air furnace
747,106,quick_service_restaurant,0,NaturalGas,PSZ-AC with gas coil
748,27,retail,0,Propane,PSZ-AC with gas coil
749,15,full_service_restaurant,0,NaturalGas,PSZ-AC with gas coil
750,105,warehouse,0,Electricity,PTHP
751,44,retail,0,NaturalGas,PSZ-AC with gas coil
752,9,retail,0,Propane,Residential AC with residential forced air furnace
753,24,full_service_restaurant,0,NaturalGas,PSZ-AC with gas coil
754,105,warehouse,0,Electricity,PTAC with electric coil
755,14,warehouse,0,Electricity,PSZ-AC with electric coil
756,25,retail,1,NaturalGas,PSZ-AC with gas coil
757,101,warehouse,0,Electricity,PSZ-HP
758,5,small_hotel,0,Electricity,PTHP
759,30,warehouse,1,NaturalGas,PSZ-AC with gas coil
760,17,retail,1,NaturalGas,PSZ-AC with gas coil
761,13,retail,0,Electricity,PSZ-HP
762,47,warehouse,0,FuelOil,PSZ-AC with gas coil
763,105,small_office,0,Electricity,PSZ-HP
764,40,small_office,0,Electricity,PTAC with electric coil
765,18,retail,0,Electricity,PSZ-AC with electric coil
766,0,warehouse,1,NaturalGas,PSZ-AC with gas coil
767,18,strip_mall,1,NaturalGas,PSZ-AC with gas coil
768,34,warehouse,0,NaturalGas,PSZ-AC with gas coil
769,20,warehouse,0,Electricity,PSZ-AC with electric coil
770,22,warehouse,1,Electricity,PVAV with PFP boxes
771,106,small_office,0,Electricity,PSZ-AC with electric coil
772,5,warehouse,0,NaturalGas,Residential AC with residential forced air furnace
773,13,warehouse,0,Electricity,PSZ-HP
774,24,small_hotel,0,Electricity,PTAC with electric coil
775,36,small_office,0,Electricity,PTAC with electric coil
776,22,warehouse,1,Electricity,PSZ-AC with electric coil
777,9,medium_office,1,Electricity,PVAV with PFP boxes
778,40,warehouse,1,Electricity,PSZ-AC with electric coil
779,28,strip_mall,0,NaturalGas,Residential AC with residential forced air furnace
780,13,retail,1,Electricity,PSZ-AC with electric coil
781,29,small_office,1,NaturalGas,PSZ-AC with gas coil
782,10,strip_mall,0,Electricity,PSZ-AC with electric coil
783,12,full_service_restaurant,0,NaturalGas,PSZ-AC with gas coil
784,106,warehouse,0,Electricity,PSZ-HP
785,105,small_office,0,NaturalGas,Residential AC with residential forced air furnace
786,48,retail,0,NaturalGas,Residential AC with residential forced air furnace
787,42,strip_mall,0,NaturalGas,PSZ-AC with gas coil
788,13,small_hotel,0,Electricity,PTAC with electric coil
789,40,quick_service_restaurant,0,Electricity,PSZ-HP
790,39,full_service_restaurant,0,FuelOil,PSZ-AC with gas coil
791,40,small_office,1,NaturalGas,PSZ-AC with gas coil
792,22,strip_mall,2,NaturalGas,PSZ-AC with gas coil
793,9,strip_mall,1,NaturalGas,PSZ-AC with gas coil
794,40,warehouse,1,Electricity,PVAV with PFP boxes
795,5,medium_office,1,Electricity,VAV chiller with PFP boxes
796,0,retail,0,Electricity,PTHP
797,108,retail,0,NaturalGas,Residential AC with residential forced air furnace
798,36,warehouse,0,Electricity,PSZ-AC with electric coil
799,27,warehouse,0,Electricity,PSZ-AC with electric coil
800,30,small_office,1,NaturalGas,PSZ-AC with gas coil
801,35,strip_mall,0,Electricity,PSZ-AC with electric coil
802,40,warehouse,0,Electricity,PTHP
803,103,small_office,0,NaturalGas,PSZ-AC with gas coil
804,0,retail,1,NaturalGas,PSZ-AC with gas coil
805,36,small_office,0,Electricity,PTHP
806,1,strip_mall,0,NaturalGas,PSZ-AC with gas coil
807,106,retail,1,NaturalGas,PSZ-AC with gas coil
808,25,quick_service_restaurant,0,NaturalGas,PSZ-AC with gas coil
809,9,medium_office,0,Electricity,PSZ-AC with electric coil
810,22,full_service_restaurant,1,NaturalGas,PSZ-AC with gas coil
811,47,warehouse,0,NaturalGas,PSZ-AC with gas coil
812,38,strip_mall,0,NaturalGas,Residential AC with residential forced air furnace
813,19,grocery,1,NaturalGas,PSZ-AC with gas coil
814,35,warehouse,0,NaturalGas,PSZ-AC with gas coil
815,48,retail,1,NaturalGas,PSZ-AC with gas coil
816,27,strip_mall,0,NaturalGas,Residential AC with residential forced air furnace
817,29,retail,0,Electricity,PSZ-AC with electric coil
818,19,medium_office,0,Electricity,PSZ-AC with electric coil
819,18,warehouse,1,NaturalGas,PVAV with gas boiler reheat
820,19,primary_school,1,NaturalGas,VAV air-cooled chiller with gas boiler reheat
821,39,full_service_restaurant,0,Electricity,PSZ-HP
822,20,small_office,0,Propane,Residential AC with residential forced air furnace
823,4,strip_mall,0,Electricity,PSZ-HP
824,8,small_office,0,Electricity,PTAC with electric coil
825,39,retail,0,Electricity,PTHP
826,45,small_office,0,Electricity,PSZ-HP
827,28,retail,1,NaturalGas,PSZ-AC with gas coil
828,48,large_office,0,DistrictHeating,VAV district chilled water with district hot water reheat
829,22,large_hotel,0,Electricity,PTAC with electric coil
830,32,warehouse,0,Electricity,PTAC with electric coil
831,105,warehouse,1,Electricity,PSZ-AC with electric coil
832,9,strip_mall,2,Electricity,PVAV with PFP boxes
833,19,warehouse,0,FuelOil,PSZ-AC with gas coil
834,32,retail,1,Electricity,PSZ-AC with electric coil
835,104,retail,1,NaturalGas,PSZ-AC with gas coil
836,104,quick_service_restaurant,0,NaturalGas,PSZ-AC with gas coil
837,102,small_office,0,Electricity,PSZ-HP
838,22,warehouse,1,NaturalGas,PSZ-AC with gas coil
839,13,small_office,0,Electricity,PTHP
840,11,retail,0,NaturalGas,Residential AC with residential forced air furnace
841,31,full_service_restaurant,0,NaturalGas,PSZ-AC with gas coil
842,20,small_office,0,Propane,PSZ-AC with gas coil
843,102,small_office,0,NaturalGas,Residential AC with residential forced air furnace
844,9,warehouse,1,Electricity,PSZ-AC with electric coil
845,40,full_service_restaurant,0,Propane,PSZ-AC with gas coil
846,30,retail,0,Electricity,PSZ-HP
847,23,full_service_restaurant,0,Propane,PSZ-AC with gas coil
848,12,warehouse,0,Electricity,PTAC with electric coil
849,17,small_office,1,NaturalGas,PSZ-AC with gas coil
850,107,small_office,0,NaturalGas,Residential AC with residential forced air furnace
851,7,strip_mall,0,Electricity,PSZ-HP
852,19,large_hotel,0,Electricity,PTAC with electric coil
853,39,small_office,0,NaturalGas,Residential AC with residential forced air furnace
854,25,strip_mall,0,Electricity,PSZ-HP
855,11,quick_service_restaurant,0,NaturalGas,PSZ-AC with gas coil
856,45,retail,0,NaturalGas,PSZ-AC with gas coil
857,48,warehouse,0,Electricity,PSZ-AC with electric coil
858,107,warehouse,0,Electricity,PTHP
859,30,strip_mall,0,Electricity,PSZ-HP
860,37,warehouse,0,Electricity,PTAC with electric coil
861,40,warehouse,1,NaturalGas,PSZ-AC with gas coil
862,2,quick_service_restaurant,0,NaturalGas,PSZ-AC with gas coil
863,6,small_hotel,0,Electricity,PTAC with electric coil
864,109,warehouse,0,NaturalGas,PSZ-AC with gas coil
865,12,retail,1,Electricity,PSZ-AC with electric coil
866,104,warehouse,0,Electricity,PTHP
867,4,small_office,0,Propane,PSZ-AC with gas coil
868,17,warehouse,1,NaturalGas,PSZ-AC with gas coil
869,101,retail,1,NaturalGas,PSZ-AC with gas coil
870,10,quick_service_restaurant,0,NaturalGas,PSZ-AC with gas coil
871,24,strip_mall,0,NaturalGas,Residential AC with residential forced air furnace
872,32,warehouse,0,NaturalGas,Residential AC with residential forced air furnace
873,29,full_service_restaurant,0,Propane,PSZ-AC with gas coil
874,38,full_service_restaurant,0,Electricity,PSZ-HP
875,18,warehouse,0,Propane,PSZ-AC with gas coil
876,8,strip_mall,0,NaturalGas,Residential AC with residential forced air furnace
877,32,small_office,0,Electricity,PTAC with electric coil
878,16,quick_service_restaurant,0,Electricity,PSZ-AC with electric coil
879,15,full_service_restaurant,0,Propane,PSZ-AC with gas coil
880,20,retail,1,NaturalGas,PSZ-AC with gas coil
881,40,small_office,1,Electricity,PSZ-AC with electric coil
882,7,small_office,0,Electricity,PSZ-HP
883,108,warehouse,0,Electricity,PSZ-HP
884,105,strip_mall,1,NaturalGas,PSZ-AC with gas coil
885,18,strip_mall,2,NaturalGas,PSZ-AC with gas coil
886,100,full_service_restaurant,0,NaturalGas,PSZ-AC with gas coil
887,11,strip_mall,0,NaturalGas,Residential AC with residential forced air furnace
888,9,warehouse,0,Electricity,PTHP
889,24,small_office,0,Electricity,PTAC with electric coil
890,30,quick_service_restaurant,0,NaturalGas,PSZ-AC with gas coil
891,27,quick_service_restaurant,0,NaturalGas,PSZ-AC with gas coil
892,6,strip_mall,1,Electricity,PSZ-AC with electric coil
893,16,warehouse,0,NaturalGas,Residential AC with residential forced air furnace
894,13,warehouse,1,NaturalGas,PSZ-AC with gas coil
895,45,strip_mall,0,NaturalGas,PSZ-AC with gas coil
896,39,quick_service_restaurant,0,NaturalGas,PSZ-AC with gas coil
897,22,medium_office,1,Electricity,PVAV with PFP boxes
898,30,quick_service_restaurant,0,Electricity,PSZ-AC with electric coil
899,7,retail,0,Electricity,PSZ-AC with electric coil
900,13,warehouse,0,Electricity,PTHP
901,37,small_office,0,Electricity,PTAC with electric coil
902,36,small_office,1,NaturalGas,PSZ-AC with gas coil
903,48,strip_mall,1,NaturalGas,PSZ-AC with gas coil
904,49,full_service_restaurant,0,NaturalGas,PSZ-AC with gas coil
905,0,small_hotel,0,Electricity,PTAC with electric coil
906,102,quick_service_restaurant,0,NaturalGas,PSZ-AC with gas coil
907,17,full_service_restaurant,0,Electricity,PSZ-AC with electric coil
908,2,retail,0,Electricity,PTHP
909,0,small_office,1,Electricity,PSZ-AC with electric coil
910,8,small_office,1,Electricity,PSZ-AC with electric coil
911,102,warehouse,0,Electricity,PSZ-HP
912,107,warehouse,0,Electricity,PTAC with electric coil
913,44,strip_mall,0,NaturalGas,PSZ-AC with gas coil
914,9,large_hotel,0,Electricity,PTAC with electric coil
915,104,warehouse,0,Electricity,PTAC with electric coil
916,108,strip_mall,0,Electricity,PSZ-AC with electric coil
917,25,warehouse,0,Electricity,PSZ-HP
918,9,quick_service_restaurant,0,Electricity,PSZ-HP
919,36,warehouse,0,FuelOil,PSZ-AC with gas coil
920,19,large_hotel,0,NaturalGas,PTAC with gas boiler
921,45,retail,0,Electricity,PSZ-HP
922,4,full_service_restaurant,0,Electricity,PSZ-AC with electric coil
923,19,small_office,0,Electricity,PSZ-HP
924,10,full_service_restaurant,0,Propane,PSZ-AC with gas coil
925,15,small_office,0,Propane,PSZ-AC with gas coil
926,10,medium_office,0,NaturalGas,PSZ-AC with gas coil
927,18,retail,0,NaturalGas,Residential AC with residential forced air furnace
928,9,retail,0,Electricity,PTAC with electric coil
929,33,retail,0,Electricity,PTHP
930,16,retail,0,NaturalGas,Residential AC with residential forced air furnace
931,21,warehouse,0,NaturalGas,PSZ-AC with gas coil
932,25,warehouse,1,NaturalGas,PSZ-AC with gas coil
933,105,full_service_restaurant,0,Electricity,PSZ-AC with electric coil
934,29,full_service_restaurant,0,Electricity,PSZ-AC with electric coil
935,16,small_office,0,Electricity,PTAC with electric coil
936,36,retail,0,FuelOil,PSZ-AC with gas coil
937,27,small_office,0,Electricity,PSZ-AC with electric coil
938,22,warehouse,0,Electricity,PTAC with electric coil
939,22,warehouse,1,NaturalGas,PVAV with gas heat with electric reheat
940,24,small_office,0,FuelOil,Residential AC with residential forced air furnace
941,104,warehouse,1,Electricity,PSZ-AC with electric coil
942,108,retail,1,NaturalGas,PSZ-AC with gas coil
943,107,quick_service_restaurant,0,Electricity,PSZ-AC with electric coil
944,14,retail,0,NaturalGas,PSZ-AC with gas coil
945,22,full_service_restaurant,0,Electricity,PSZ-HP
946,4,medium_office,1,NaturalGas,PVAV with gas boiler reheat
947,40,strip_mall,1,NaturalGas,PSZ-AC with gas coil
948,37,warehouse,0,NaturalGas,Residential AC with residential forced air furnace
949,25,retail,0,Electricity,PTHP
950,5,warehouse,1,Electricity,PVAV with PFP boxes
951,16,strip_mall,0,Electricity,PSZ-HP
952,48,quick_service_restaurant,0,NaturalGas,PSZ-AC with gas coil
953,8,warehouse,0,Electricity,PTAC with electric coil
954,29,quick_service_restaurant,0,NaturalGas,PSZ-AC with gas coil
955,38,small_hotel,0,Electricity,PTAC with electric coil
956,9,small_office,0,Propane,PSZ-AC with gas coil
957,19,secondary_school,0,NaturalGas,PSZ-AC with gas boiler
958,29,full_service_restaurant,1,NaturalGas,PSZ-AC with gas coil
959,7,strip_mall,0,NaturalGas,PSZ-AC with gas coil
960,13,strip_mall,2,NaturalGas,PSZ-AC with gas coil
961,33,strip_mall,0,Electricity,PSZ-HP
962,19,primary_school,0,NaturalGas,PSZ-AC with gas coil
963,26,small_office,1,NaturalGas,PSZ-AC with gas coil
964,3,strip_mall,0,NaturalGas,PSZ-AC with gas coil
965,31,strip_mall,0,Electricity,PSZ-AC with electric coil
966,22,medium_office,1,Electricity,PSZ-AC with electric coil
967,25,retail,1,Electricity,PSZ-AC with electric coil
968,16,small_office,0,Electricity,PTHP
969,25,retail,0,Electricity,PSZ-HP
970,2,full_service_restaurant,0,Propane,PSZ-AC with gas coil
971,105,small_office,1,NaturalGas,PSZ-AC with gas coil
972,7,warehouse,0,Electricity,PSZ-AC with electric coil
973,9,strip_mall,2,NaturalGas,PSZ-AC with gas coil
974,36,small_office,0,Electricity,PSZ-HP
975,9,medium_office,0,Electricity,PVAV with PFP boxes
976,28,small_office,1,NaturalGas,PSZ-AC with gas coil
977,10,retail,0,Electricity,PSZ-HP
978,25,quick_service_restaurant,0,Electricity,PSZ-AC with electric coil
979,25,full_service_restaurant,0,Electricity,PSZ-AC with electric coil
980,33,full_service_restaurant,0,Electricity,PSZ-AC with electric coil
981,38,strip_mall,1,Electricity,PSZ-AC with electric coil
982,2,quick_service_restaurant,0,Electricity,PSZ-AC with electric coil
983,103,retail,0,NaturalGas,Residential AC with residential forced air furnace
984,107,small_office,0,Electricity,PTAC with electric coil
985,17,retail,1,Electricity,PSZ-AC with electric coil
986,10,small_office,1,NaturalGas,PSZ-AC with gas coil
987,6,large_hotel,0,Electricity,PTAC with electric coil
988,10,strip_mall,0,FuelOil,PSZ-AC with gas coil
989,13,small_office,1,NaturalGas,PVAV with gas boiler reheat
990,103,small_office,0,Electricity,PSZ-AC with electric coil
991,22,quick_service_restaurant,0,Propane,PSZ-AC with gas coil
992,39,large_hotel,0,Electricity,PTAC with electric coil
993,34,retail,0,Propane,PSZ-AC with gas coil
994,105,medium_office,1,NaturalGas,PVAV with gas boiler reheat
995,105,warehouse,1,NaturalGas,PSZ-AC with gas coil
996,4,retail,0,Electricity,PSZ-AC with electric coil
997,18,full_service_restaurant,1,NaturalGas,PSZ-AC with gas coil
998,20,warehouse,0,Propane,Residential AC with residential forced air furnace
999,2,retail,0,NaturalGas,Residential AC with residential forced air furnace
1000,8,strip_mall,1,NaturalGas,PSZ-AC with gas coil
1001,105,retail,0,Electricity,PSZ-AC with electric coil
1002,0,strip_mall,2,Electricity,PVAV with PFP boxes
1003,22,strip_mall,2,Electricity,PVAV with PFP boxes
1004,19,secondary_school,0,NaturalGas,PSZ-AC with gas coil
1005,36,retail,0,Electricity,PSZ-AC with electric coil
1006,4,full_service_restaurant,0,Propane,PSZ-AC with gas coil
1007,25,small_office,1,NaturalGas,PSZ-AC with gas coil
1008,48,small_office,0,Electricity,PSZ-AC with electric coil
1009,107,warehouse,1,Electricity,PSZ-AC with electric coil
1010,40,small_hotel,0,Electricity,PTAC with electric coil
1011,40,warehouse,1,NaturalGas,PVAV with gas heat with electric reheat
1012,102,retail,0,Electricity,PSZ-AC with electric coil
1013,46,warehouse,0,NaturalGas,PSZ-AC with gas coil
1014,42,warehouse,0,NaturalGas,Residential AC with residential forced air furnace
1015,7,warehouse,0,NaturalGas,PSZ-AC with gas coil
1016,20,retail,0,Electricity,PSZ-AC with electric coil
1017,6,small_office,1,Electricity,PSZ-AC with electric coil
1018,26,retail,0,Electricity,PSZ-AC with electric coil
1019,1,warehouse,0,NaturalGas,PSZ-AC with gas coil
1020,15,strip_mall,0,Electricity,PSZ-HP
1021,30,strip_mall,1,NaturalGas,PSZ-AC with gas coil
1022,29,retail,0,FuelOil,PSZ-AC with gas coil
1023,39,medium_office,1,NaturalGas,PVAV with gas boiler reheat
1024,22,warehouse,0,Electricity,PSZ-HP
1025,48,medium_office,0,NaturalGas,PSZ-AC with gas coil
1026,2,retail,1,Electricity,PSZ-AC with electric coil
1027,19,medium_office,1,Electricity,PSZ-AC with electric coil
1028,15,strip_mall,0,NaturalGas,Residential AC with residential forced air furnace
1029,16,retail,0,Electricity,PSZ-HP
1030,106,warehouse,1,NaturalGas,PSZ-AC with gas coil
1031,34,small_office,0,NaturalGas,Residential AC with residential forced air furnace
1032,12,quick_service_restaurant,0,NaturalGas,PSZ-AC with gas coil
1033,20,small_office,0,Electricity,PSZ-AC with electric coil
1034,29,strip_mall,1,NaturalGas,PSZ-AC with gas coil
1035,2,full_service_restaurant,0,Electricity,PSZ-AC with electric coil
1036,2,strip_mall,0,Electricity,PSZ-HP
1037,39,strip_mall,1,NaturalGas,PSZ-AC with gas coil
1038,9,medium_office,0,NaturalGas,PSZ-AC with gas coil
1039,106,strip_mall,0,Electricity,PSZ-AC with electric coil
1040,10,medium_office,1,DistrictHeating,VAV district chilled water with district hot water reheat
1041,40,small_office,1,Electricity,PVAV with PFP boxes
1042,23,full_service_restaurant,0,NaturalGas,PSZ-AC with gas coil
1043,102,medium_office,1,NaturalGas,PVAV with gas boiler reheat
1044,5,medium_office,1,Electricity,PSZ-AC with electric coil
1045,32,retail,0,Propane,Residential AC with residential forced air furnace
1046,13,strip_mall,0,Electricity,PSZ-HP
1047,8,small_hotel,0,Electricity,PTAC with electric coil
1048,49,retail,1,NaturalGas,PSZ-AC with gas coil
1049,24,small_office,0,Electricity,PSZ-HP
1050,12,small_office,1,NaturalGas,PSZ-AC with gas coil
1051,38,warehouse,1,NaturalGas,PSZ-AC with gas coil
1052,106,warehouse,1,Electricity,PSZ-AC with electric coil
1053,18,primary_school,0,NaturalGas,PSZ-AC with gas coil
1054,19,outpatient,0,NaturalGas,PSZ-AC with gas coil
1055,10,strip_mall,1,NaturalGas,PSZ-AC with gas coil
1056,10,full_service_restaurant,0,Electricity,PSZ-HP
1057,107,small_office,1,NaturalGas,PSZ-AC with gas coil
1058,24,small_office,0,Electricity,PTHP
1059,18,small_office,0,Electricity,PSZ-AC with electric coil
1060,32,small_office,1,Electricity,PSZ-AC with electric coil
1061,22,large_hotel,0,NaturalGas,PTAC with gas boiler
1062,38,retail,1,NaturalGas,PSZ-AC with gas coil
1063,33,quick_service_restaurant,0,Electricity,PSZ-AC with electric coil
1064,102,small_office,1,NaturalGas,PSZ-AC with gas coil
1065,37,small_hotel,0,Electricity,PTAC with electric coil
1066,13,retail,0,Electricity,PTAC with electric coil
1067,107,strip_mall,1,NaturalGas,PSZ-AC with gas coil
1068,100,warehouse,0,Electricity,PSZ-AC with electric coil
1069,11,retail,1,NaturalGas,PSZ-AC with gas coil
1070,13,medium_office,0,Electricity,PSZ-AC with electric coil
1071,13,retail,0,Electricity,PTHP
1072,10,small_office,0,FuelOil,Residential AC with residential forced air furnace
1073,107,full_service_restaurant,0,Electricity,PSZ-AC with electric coil
1074,101,small_office,0,Electricity,PSZ-HP
1075,12,full_service_restaurant,0,Electricity,PSZ-HP
1076,35,small_office,0,NaturalGas,Residential AC with residential forced air furnace
1077,105,small_office,0,Electricity,PTAC with electric coil
1078,15,warehouse,0,NaturalGas,Residential AC with residential forced air furnace
1079,34,small_office,0,NaturalGas,PSZ-AC with gas coil
1080,20,small_office,1,NaturalGas,PSZ-AC with gas coil
1081,30,full_service_restaurant,1,NaturalGas,PSZ-AC with gas coil
1082,19,medium_office,0,Electricity,PVAV with PFP boxes
1083,22,large_hotel,0,NaturalGas,PTAC with gas coil
1084,10,retail,0,Propane,Residential AC with residential forced air furnace
1085,30,small_office,1,Electricity,PSZ-AC with electric coil
1086,22,large_hotel,0,Electricity,PTHP
1087,18,small_office,1,NaturalGas,PVAV with gas boiler reheat
1088,32,quick_service_restaurant,0,NaturalGas,PSZ-AC with gas coil
1089,13,medium_office,1,Electricity,PVAV with PFP boxes
1090,107,medium_office,1,NaturalGas,PVAV with gas boiler reheat
1091,49,retail,0,Electricity,PSZ-AC with electric coil
1092,12,retail,1,NaturalGas,PSZ-AC with gas coil
1093,10,full_service_restaurant,0,FuelOil,PSZ-AC with gas coil
1094,43,strip_mall,0,NaturalGas,PSZ-AC with gas coil
1095,104,warehouse,1,NaturalGas,PSZ-AC with gas coil
1096,29,medium_office,0,NaturalGas,PSZ-AC with gas coil
1097,23,retail,0,NaturalGas,PSZ-AC with gas coil
1098,16,retail,1,NaturalGas,PSZ-AC with gas coil
1099,45,full_service_restaurant,0,Electricity,PSZ-AC with electric coil
1100,105,quick_service_restaurant,0,Electricity,PSZ-AC with electric coil
1101,31,quick_service_restaurant,0,NaturalGas,PSZ-AC with gas coil
1102,36,quick_service_restaurant,0,Electricity,PSZ-AC with electric coil
1103,100,strip_mall,0,Electricity,PSZ-AC with electric coil
1104,38,full_service_restaurant,0,Propane,PSZ-AC with gas coil
1105,107,small_office,0,Electricity,PTHP
1106,19,medium_office,1,Electricity,PVAV with PFP boxes
1107,44,warehouse,0,NaturalGas,PSZ-AC with gas coil
1108,4,warehouse,1,NaturalGas,PSZ-AC with gas coil
1109,36,full_service_restaurant,0,Electricity,PSZ-AC with electric coil
1110,36,warehouse,1,NaturalGas,PSZ-AC with gas coil
1111,37,retail,0,Electricity,PTAC with electric coil
1112,14,small_office,0,NaturalGas,PSZ-AC with gas coil
1113,48,small_office,0,FuelOil,PSZ-AC with gas coil
1114,31,strip_mall,0,NaturalGas,Residential AC with residential forced air furnace
1115,109,full_service_restaurant,0,NaturalGas,PSZ-AC with gas coil
1116,33,retail,1,Electricity,PSZ-AC with electric coil
1117,38,small_office,1,NaturalGas,PSZ-AC with gas coil
1118,9,medium_office,1,Electricity,VAV chiller with PFP boxes
1119,22,medium_office,0,Electricity,PSZ-AC with electric coil
1120,34,full_service_restaurant,0,Propane,PSZ-AC with gas coil
1121,3,small_office,0,NaturalGas,PSZ-AC with gas coil
1122,37,quick_service_restaurant,0,NaturalGas,PSZ-AC with gas coil
1123,0,small_office,1,Electricity,PVAV with PFP boxes
1124,17,retail,0,Electricity,PTHP
1125,19,secondary_school,0,NaturalGas,PTAC with gas boiler
1126,24,full_service_restaurant,0,Electricity,PSZ-AC with electric coil
1127,38,small_office,1,Electricity,PSZ-AC with electric coil
1128,12,warehouse,0,Electricity,PTHP
1129,5,grocery,1,Electricity,PSZ-AC with electric coil
1130,20,retail,0,NaturalGas,Residential AC with residential forced air furnace
1131,19,medium_office,1,NaturalGas,PVAV with gas heat with electric reheat
1132,9,full_service_restaurant,1,Electricity,PSZ-AC with electric coil
1133,45,strip_mall,0,Electricity,PSZ-HP
1134,0,small_office,0,Propane,PSZ-AC with gas coil
1135,0,small_office,0,Electricity,PTAC with electric coil
1136,30,small_office,0,FuelOil,PSZ-AC with gas coil
1137,33,quick_service_restaurant,0,Propane,PSZ-AC with gas coil
1138,10,medium_office,1,NaturalGas,PVAV with gas boiler reheat
1139,108,retail,0,Electricity,PSZ-AC with electric coil
1140,9,medium_office,0,NaturalGas,PVAV with gas boiler reheat
1141,27,warehouse,0,Propane,PSZ-AC with gas coil
1142,4,quick_service_restaurant,0,Electricity,PSZ-AC with electric coil
1143,8,warehouse,1,NaturalGas,PVAV with gas boiler reheat
1144,27,small_office,0,Electricity,PTAC with electric coil
1145,39,medium_office,1,Electricity,PVAV with PFP boxes
1146,19,warehouse,0,Electricity,PSZ-HP
1147,30,medium_office,0,NaturalGas,PSZ-AC with gas coil
1148,24,retail,0,FuelOil,Residential AC with residential forced air furnace
1149,108,quick_service_restaurant,0,NaturalGas,PSZ-AC with gas coil
1150,101,small_office,0,NaturalGas,Residential AC with residential forced air furnace
1151,9,medium_office,1,NaturalGas,PVAV with gas heat with electric reheat
1152,109,small_office,0,Electricity,PSZ-AC with electric coil
1153,10,small_office,1,Electricity,PSZ-AC with electric coil
1154,48,small_office,1,NaturalGas,PSZ-AC with gas coil
1155,41,strip_mall,0,Electricity,PSZ-AC with electric coil
1156,44,small_office,0,NaturalGas,PSZ-AC with gas coil
1157,25,full_service_restaurant,0,Electricity,PSZ-HP
1158,23,small_office,0,NaturalGas,Residential AC with residential forced air furnace
1159,6,retail,0,Electricity,PTAC with electric coil
1160,9,retail,1,Propane,PSZ-AC with gas coil
1161,2,retail,1,NaturalGas,PSZ-AC with gas coil
1162,4,small_office,1,NaturalGas,PVAV with gas boiler reheat
1163,49,full_service_restaurant,0,Electricity,PSZ-AC with electric coil
1164,101,medium_office,1,NaturalGas,PVAV with gas boiler reheat
1165,27,retail,0,Electricity,PSZ-AC with electric coil
1166,34,warehouse,0,Electricity,PSZ-AC with electric coil
1167,19,large_hotel,0,Electricity,PTHP
1168,8,warehouse,1,NaturalGas,PVAV with gas heat with electric reheat
1169,22,medium_office,0,Electricity,PVAV with PFP boxes
1170,47,small_office,0,Electricity,PSZ-AC with electric coil
1171,29,quick_service_restaurant,0,Electricity,PSZ-AC with electric coil
1172,1,warehouse,0,Electricity,PSZ-AC with electric coil
1173,102,strip_mall,1,NaturalGas,PSZ-AC with gas coil
1174,29,retail,0,Electricity,PSZ-HP
1175,17,strip_mall,1,NaturalGas,PSZ-AC with gas coil
1176,19,medium_office,1,Electricity,VAV chiller with PFP boxes
1177,22,warehouse,1,NaturalGas,PVAV with gas boiler reheat
1178,14,small_office,0,Electricity,PSZ-AC with electric coil
1179,15,full_service_restaurant,0,Electricity,PSZ-AC with electric coil
1180,4,warehouse,0,Electricity,PSZ-HP
1181,17,full_service_restaurant,0,Propane,PSZ-AC with gas coil
1182,0,warehouse,0,Electricity,PSZ-HP
1183,37,large_hotel,0,Electricity,PTAC with electric coil
1184,19,large_hotel,0,NaturalGas,PTAC with gas coil
1185,106,quick_service_restaurant,0,Electricity,PSZ-AC with electric coil
1186,19,small_office,0,Electricity,PTAC with electric coil
1187,17,strip_mall,2,NaturalGas,PSZ-AC with gas coil
1188,8,strip_mall,2,NaturalGas,PSZ-AC with gas coil
1189,102,small_office,0,Electricity,PTAC with electric coil
1190,10,strip_mall,2,NaturalGas,PSZ-AC with gas coil
1191,106,retail,0,Electricity,PSZ-AC with electric coil
1192,9,large_office,1,Electricity,VAV chiller with PFP boxes
1193,29,strip_mall,2,NaturalGas,PSZ-AC with gas coil
1194,29,small_office,1,Electricity,PSZ-AC with electric coil
1195,31,warehouse,0,Electricity,PSZ-AC with electric coil
1196,9,small_office,1,NaturalGas,PVAV with gas boiler reheat
1197,107,small_office,1,Electricity,PVAV with PFP boxes
1198,8,small_office,1,Electricity,PVAV with PFP boxes
1199,36,full_service_restaurant,1,NaturalGas,PSZ-AC with gas coil
1200,19,small_hotel,0,NaturalGas,Residential AC with residential forced air furnace
1201,105,small_office,0,Electricity,PTHP
1202,12,warehouse,1,Electricity,PSZ-AC with electric coil
1203,108,small_office,0,Electricity,PSZ-HP
1204,48,warehouse,1,NaturalGas,PSZ-AC with gas coil
1205,103,retail,1,NaturalGas,PSZ-AC with gas coil
1206,19,secondary_school,0,NaturalGas,VAV air-cooled chiller with gas boiler reheat
1207,40,strip_mall,1,Electricity,PSZ-AC with electric coil
1208,23,small_office,0,NaturalGas,PSZ-AC with gas coil
1209,37,small_office,1,Electricity,PSZ-AC with electric coil
1210,18,small_office,1,NaturalGas,Residential AC with residential forced air furnace
1211,30,strip_mall,2,NaturalGas,PSZ-AC with gas coil
1212,24,retail,0,Propane,Residential AC with residential forced air furnace
1213,13,retail,1,Propane,PSZ-AC with gas coil
1214,33,small_office,1,NaturalGas,PSZ-AC with gas coil
1215,38,warehouse,0,Electricity,PSZ-HP
1216,39,small_office,1,NaturalGas,PSZ-AC with gas coil
1217,17,retail,0,NaturalGas,Residential AC with residential forced air furnace
1218,7,retail,0,Electricity,PTHP
1219,6,medium_office,0,Electricity,PSZ-AC with electric coil
1220,48,small_office,0,Electricity,PTAC with electric coil
1221,105,small_office,1,Electricity,PVAV with PFP boxes
1222,6,warehouse,1,Electricity,PVAV with PFP boxes
1223,6,strip_mall,2,Electricity,PVAV with PFP boxes
1224,33,strip_mall,1,NaturalGas,PSZ-AC with gas coil
1225,36,outpatient,0,NaturalGas,PSZ-AC with gas coil
1226,40,warehouse,1,NaturalGas,PVAV with gas boiler reheat
1227,19,full_service_restaurant,0,Propane,PSZ-AC with gas coil
1228,22,small_office,1,NaturalGas,PVAV with gas boiler reheat
1229,12,small_office,0,Electricity,PTAC with electric coil
1230,39,medium_office,0,Electricity,PSZ-AC with electric coil
1231,19,primary_school,1,NaturalGas,PVAV with gas boiler reheat
1232,20,small_office,0,Electricity,PTAC with electric coil
1233,101,warehouse,0,Electricity,PTHP
1234,29,strip_mall,0,Electricity,PSZ-HP
1235,4,small_hotel,0,Electricity,PTAC with electric coil
1236,9,large_office,0,Electricity,PVAV with PFP boxes
1237,42,full_service_restaurant,0,NaturalGas,PSZ-AC with gas coil
1238,6,small_office,0,Electricity,PTAC with electric coil
1239,46,strip_mall,0,NaturalGas,PSZ-AC with gas coil
1240,19,small_hotel,0,Electricity,PTHP
1241,7,warehouse,0,Electricity,PSZ-HP
1242,0,retail,0,NaturalGas,Residential AC with residential forced air furnace
1243,9,small_hotel,0,Electricity,PTHP
1244,36,small_hotel,0,Electricity,PTAC with electric coil
1245,48,warehouse,0,FuelOil,Residential AC with residential forced air furnace
1246,102,full_service_restaurant,0,Electricity,PSZ-AC with electric coil
1247,10,small_office,1,Electricity,PVAV with PFP boxes
1248,39,retail,0,Electricity,PTAC with electric coil
1249,33,small_hotel,0,Electricity,PTAC with electric coil
1250,0,quick_service_restaurant,0,Electricity,PSZ-HP
1251,30,full_service_restaurant,0,Electricity,PSZ-HP
1252,25,small_office,1,Electricity,PSZ-AC with electric coil
1253,5,primary_school,1,Electricity,PVAV with PFP boxes
1254,24,warehouse,0,Propane,PSZ-AC with gas coil
1255,18,warehouse,1,NaturalGas,PVAV with gas heat with electric reheat
1256,22,medium_office,0,NaturalGas,PVAV with gas boiler reheat
1257,22,full_service_restaurant,1,Electricity,PSZ-AC with electric coil
1258,103,strip_mall,1,NaturalGas,PSZ-AC with gas coil
1259,107,small_office,1,Electricity,PSZ-AC with electric coil
1260,109,warehouse,0,Electricity,PSZ-AC with electric coil
1261,48,medium_office,0,NaturalGas,PVAV with gas boiler reheat
1262,18,small_office,1,NaturalGas,PVAV with gas heat with electric reheat
1263,38,retail,0,Propane,Residential AC with residential forced air furnace
1264,21,strip_mall,0,NaturalGas,Residential AC with residential forced air furnace
1265,101,retail,0,Electricity,PSZ-AC with electric coil
1266,18,secondary_school,0,NaturalGas,PSZ-AC with gas boiler
1267,109,retail,0,NaturalGas,Residential AC with residential forced air furnace
1268,42,retail,0,NaturalGas,PSZ-AC with gas coil
1269,10,warehouse,0,Propane,PSZ-AC with gas coil
1270,9,large_hotel,0,NaturalGas,PTAC with gas boiler
1271,29,medium_office,1,NaturalGas,PVAV with gas boiler reheat
1272,40,full_service_restaurant,1,NaturalGas,PSZ-AC with gas coil
1273,6,small_office,1,Electricity,PVAV with PFP boxes
1274,9,large_hotel,0,Electricity,PTHP
1275,45,small_office,0,NaturalGas,Residential AC with residential forced air furnace
1276,33,small_office,0,Electricity,PTHP
1277,12,quick_service_restaurant,0,Electricity,PSZ-HP
1278,0,strip_mall,1,NaturalGas,PSZ-AC with gas coil
1279,48,small_office,0,Electricity,PTHP
1280,29,warehouse,0,Electricity,PSZ-HP
1281,104,quick_service_restaurant,0,Electricity,PSZ-AC with electric coil
1282,12,small_hotel,0,Electricity,PTAC with electric coil
1283,6,strip_mall,0,NaturalGas,PSZ-AC with gas coil
1284,16,quick_service_restaurant,0,NaturalGas,PSZ-AC with gas coil
1285,42,strip_mall,0,Electricity,PSZ-AC with electric coil
1286,18,secondary_school,0,NaturalGas,PSZ-AC with gas coil
1287,9,full_service_restaurant,1,NaturalGas,PSZ-AC with gas coil
1288,103,retail,0,Electricity,PSZ-AC with electric coil
1289,41,warehouse,0,Electricity,PSZ-AC with electric coil
1290,7,retail,0,Electricity,PSZ-HP
1291,101,warehouse,0,Electricity,PTAC with electric coil
1292,105,strip_mall,0,Electricity,PSZ-HP
1293,39,small_hotel,0,Electricity,PTAC with electric coil
1294,16,warehouse,0,Electricity,PTHP
1295,0,small_office,1,NaturalGas,PVAV with gas heat with electric reheat
1296,48,strip_mall,0,Electricity,PSZ-HP
1297,13,small_office,1,Electricity,PSZ-AC with electric coil
1298,103,warehouse,0,Electricity,PSZ-HP
1299,39,warehouse,1,Electricity,PVAV with PFP boxes
1300,6,medium_office,1,Electricity,PVAV with PFP boxes
1301,23,strip_mall,0,NaturalGas,Residential AC with residential forced air furnace
1302,13,warehouse,0,Electricity,PTAC with electric coil
1303,24,retail,1,FuelOil,PSZ-AC with gas coil
1304,36,strip_mall,1,NaturalGas,PSZ-AC with gas coil
1305,17,full_service_restaurant,1,NaturalGas,PSZ-AC with gas coil
1306,5,secondary_school,0,Electricity,PSZ-AC with electric coil
1307,4,retail,0,NaturalGas,Residential AC with residential forced air furnace
1308,29,medium_office,0,NaturalGas,PVAV with gas boiler reheat
1309,40,quick_service_restaurant,0,Propane,PSZ-AC with gas coil
1310,8,warehouse,1,Electricity,PSZ-AC with electric coil
1311,12,small_office,1,Electricity,PSZ-AC with electric coil
1312,10,retail,0,Electricity,PTHP
1313,102,small_office,0,Electricity,PTHP
1314,107,warehouse,1,NaturalGas,PSZ-AC with gas coil
1315,10,small_hotel,0,Electricity,PTAC with electric coil
1316,104,small_office,0,Electricity,PSZ-HP
1317,6,large_hotel,0,Electricity,PTHP
1318,37,retail,0,Propane,Residential AC with residential forced air furnace
1319,7,full_service_restaurant,0,Electricity,PSZ-AC with electric coil
1320,104,retail,0,Electricity,PSZ-AC with electric coil
1321,30,warehouse,0,Electricity,PSZ-HP
1322,38,warehouse,0,Electricity,PTHP
1323,32,strip_mall,1,Electricity,PSZ-AC with electric coil
1324,106,warehouse,0,Electricity,PTHP
1325,26,retail,0,NaturalGas,Residential AC with residential forced air furnace
1326,11,retail,0,Electricity,PTHP
1327,28,warehouse,1,NaturalGas,PSZ-AC with gas coil
1328,22,primary_school,1,Electricity,PVAV with PFP boxes
1329,23,warehouse,0,NaturalGas,PSZ-AC with gas coil
1330,19,large_office,1,NaturalGas,VAV chiller with gas boiler reheat
1331,40,strip_mall,2,NaturalGas,PSZ-AC with gas coil
1332,29,small_office,1,NaturalGas,PVAV with gas boiler reheat
1333,22,small_office,1,Electricity,PSZ-HP
1334,18,quick_service_restaurant,0,Electricity,PSZ-AC with electric coil
1335,19,secondary_school,0,NaturalGas,PVAV with gas heat with electric reheat
1336,25,strip_mall,0,NaturalGas,Residential AC with residential forced air furnace
1337,10,retail,1,Electricity,PSZ-AC with electric coil
1338,100,retail,0,NaturalGas,Residential AC with residential forced air furnace
1339,14,full_service_restaurant,0,NaturalGas,PSZ-AC with gas coil
1340,18,medium_office,1,NaturalGas,PVAV with gas boiler reheat
1341,35,small_office,0,Propane,PSZ-AC with gas coil
1342,101,quick_service_restaurant,0,NaturalGas,PSZ-AC with gas coil
1343,16,warehouse,0,Electricity,PTAC with electric coil
1344,12,retail,0,Electricity,PTHP
1345,0,warehouse,0,Electricity,PTHP
1346,29,warehouse,1,NaturalGas,PVAV with gas boiler reheat
1347,18,small_office,0,Propane,Residential AC with residential forced air furnace
1348,48,large_office,1,DistrictHeating,VAV chiller with district hot water reheat
1349,33,small_office,0,Electricity,PSZ-HP
1350,39,strip_mall,1,Electricity,PSZ-AC with electric coil
1351,18,retail,0,Propane,Residential AC with residential forced air furnace
1352,10,quick_service_restaurant,0,Electricity,PSZ-AC with electric coil
1353,21,small_office,0,NaturalGas,Residential AC with residential forced air furnace
1354,105,small_office,1,Electricity,PSZ-AC with electric coil
1355,105,strip_mall,2,NaturalGas,PSZ-AC with gas coil
1356,32,small_office,1,Electricity,PVAV with PFP boxes
1357,26,full_service_restaurant,1,NaturalGas,PSZ-AC with gas coil
1358,22,medium_office,0,NaturalGas,PSZ-AC with gas coil
1359,22,medium_office,1,NaturalGas,PVAV with gas boiler reheat
1360,20,strip_mall,1,NaturalGas,PSZ-AC with gas coil
1361,30,small_office,1,NaturalGas,PVAV with gas boiler reheat
1362,27,small_office,0,Propane,PSZ-AC with gas coil
1363,17,small_hotel,0,Electricity,PTAC with electric coil
1364,104,small_office,0,NaturalGas,Residential AC with residential forced air furnace
1365,22,small_hotel,0,Electricity,PTHP
1366,102,small_office,1,Electricity,PVAV with PFP boxes
1367,8,small_office,1,Electricity,PSZ-HP
1368,24,warehouse,0,FuelOil,Residential AC with residential forced air furnace
1369,36,medium_office,0,NaturalGas,PSZ-AC with gas coil
1370,49,strip_mall,0,Electricity,PSZ-HP
1371,21,retail,0,Propane,PSZ-AC with gas coil
1372,107,retail,1,Electricity,PSZ-AC with electric coil
1373,38,small_office,1,Electricity,PVAV with PFP boxes
1374,109,retail,1,NaturalGas,PSZ-AC with gas coil
1375,18,small_office,0,Propane,PSZ-AC with gas coil
1376,19,quick_service_restaurant,0,Electricity,PSZ-HP
1377,101,full_service_restaurant,0,Electricity,PSZ-AC with electric coil
1378,21,warehouse,0,Propane,PSZ-AC with gas coil
1379,9,small_office,0,Propane,Residential AC with residential forced air furnace
1380,30,medium_office,1,NaturalGas,PVAV with gas boiler reheat
1381,13,full_service_restaurant,1,NaturalGas,PSZ-AC with gas coil
1382,49,quick_service_restaurant,0,NaturalGas,PSZ-AC with gas coil
1383,36,strip_mall,2,NaturalGas,PSZ-AC with gas coil
1384,40,medium_office,1,Electricity,PVAV with PFP boxes
1385,20,warehouse,1,NaturalGas,PSZ-AC with gas coil
1386,24,retail,0,Electricity,PSZ-AC with electric coil
1387,11,strip_mall,0,Electricity,PSZ-HP
1388,27,small_office,0,Electricity,PSZ-HP
1389,30,small_hotel,0,Electricity,PTAC with electric coil
1390,9,warehouse,1,NaturalGas,PVAV with gas boiler reheat
1391,32,warehouse,0,Electricity,PTHP
1392,30,small_office,1,NaturalGas,PVAV with gas heat with electric reheat
1393,109,quick_service_restaurant,0,NaturalGas,PSZ-AC with gas coil
1394,5,grocery,0,Electricity,PSZ-AC with electric coil
1395,29,small_office,1,NaturalGas,PVAV with gas heat with electric reheat
1396,30,secondary_school,0,NaturalGas,PSZ-AC with gas boiler
1397,38,quick_service_restaurant,0,Electricity,PSZ-HP
1398,37,warehouse,0,Electricity,PTHP
1399,102,quick_service_restaurant,0,Electricity,PSZ-AC with electric coil
1400,5,quick_service_restaurant,0,NaturalGas,PSZ-AC with gas coil
1401,21,small_office,0,NaturalGas,PSZ-AC with gas coil
1402,9,medium_office,1,NaturalGas,VAV air-cooled chiller with gas boiler reheat
1403,41,small_office,0,Electricity,PSZ-AC with electric coil
1404,8,small_office,1,NaturalGas,PVAV with gas boiler reheat
1405,7,quick_service_restaurant,0,Electricity,PSZ-AC with electric coil
1406,29,warehouse,1,NaturalGas,PVAV with gas heat with electric reheat
1407,106,warehouse,0,Electricity,PTAC with electric coil
1408,45,warehouse,0,Electricity,PSZ-AC with electric coil
1409,30,retail,1,Electricity,PSZ-AC with electric coil
1410,27,small_office,0,Propane,Residential AC with residential forced air furnace
1411,48,small_office,0,FuelOil,Residential AC with residential forced air furnace
1412,5,secondary_school,0,Electricity,PTHP
1413,4,small_office,1,NaturalGas,PVAV with gas heat with electric reheat
1414,47,retail,0,NaturalGas,PSZ-AC with gas coil
1415,32,retail,1,NaturalGas,PSZ-AC with gas coil
1416,12,strip_mall,0,NaturalGas,Residential AC with residential forced air furnace
1417,30,small_office,1,Electricity,PVAV with PFP boxes
1418,25,medium_office,1,Electricity,PVAV with PFP boxes
1419,40,medium_office,1,Electricity,PSZ-AC with electric coil
1420,108,small_office,0,NaturalGas,Residential AC with residential forced air furnace
1421,8,strip_mall,1,Electricity,PSZ-AC with electric coil
1422,28,medium_office,1,NaturalGas,PVAV with gas boiler reheat
1423,26,strip_mall,1,NaturalGas,PSZ-AC with gas coil
1424,30,medium_office,0,NaturalGas,PVAV with gas boiler reheat
1425,13,full_service_restaurant,1,Propane,PSZ-AC with gas coil
1426,9,warehouse,1,NaturalGas,PVAV with gas heat with electric reheat
1427,13,full_service_restaurant,0,Electricity,PSZ-HP
1428,12,strip_mall,2,Electricity,PVAV with PFP boxes
1429,37,strip_mall,1,Electricity,PSZ-AC with electric coil
1430,24,small_hotel,0,Electricity,PTHP
1431,34,warehouse,0,Propane,PSZ-AC with gas coil
1432,48,small_office,0,Electricity,PSZ-HP
1433,33,small_office,0,Electricity,PTAC with electric coil
1434,39,strip_mall,2,NaturalGas,PSZ-AC with gas coil
1435,108,warehouse,0,Electricity,PTAC with electric coil
1436,16,retail,1,Electricity,PSZ-AC with electric coil
1437,102,small_hotel,0,NaturalGas,Residential AC with residential forced air furnace
1438,26,warehouse,1,NaturalGas,PSZ-AC with gas coil
1439,22,medium_office,1,NaturalGas,PVAV with gas heat with electric reheat
1440,39,large_hotel,0,Electricity,PTHP
1441,6,medium_office,0,Electricity,PVAV with PFP boxes
1442,37,retail,1,NaturalGas,PSZ-AC with gas coil
1443,32,full_service_restaurant,1,Electricity,PSZ-AC with electric coil
1444,18,primary_school,1,NaturalGas,VAV air-cooled chiller with gas boiler reheat
1445,11,quick_service_restaurant,0,Electricity,PSZ-AC with electric coil
1446,0,small_office,1,NaturalGas,Residential AC with residential forced air furnace
1447,102,small_office,1,Electricity,PSZ-AC with electric coil
1448,9,warehouse,1,Electricity,PVAV with PFP boxes
1449,28,strip_mall,0,Electricity,PSZ-HP
1450,16,retail,0,FuelOil,PSZ-AC with gas coil
1451,32,retail,0,Electricity,PTAC with electric coil
1452,16,full_service_restaurant,0,Electricity,PSZ-HP
1453,21,full_service_restaurant,0,Propane,PSZ-AC with gas coil
1454,34,strip_mall,0,NaturalGas,Residential AC with residential forced air furnace
1455,36,retail,0,Electricity,PSZ-HP
1456,16,small_office,1,Electricity,PVAV with PFP boxes
1457,40,large_hotel,0,Electricity,PTAC with electric coil
1458,13,small_office,1,Electricity,PVAV with PFP boxes
1459,39,small_office,1,Electricity,PSZ-HP
1460,105,full_service_restaurant,1,NaturalGas,PSZ-AC with gas coil
1461,6,small_office,1,Electricity,PSZ-HP
1462,8,quick_service_restaurant,0,Electricity,PSZ-HP
1463,101,warehouse,1,Electricity,PSZ-AC with electric coil
1464,108,quick_service_restaurant,0,Electricity,PSZ-AC with electric coil
1465,0,strip_mall,2,NaturalGas,PSZ-AC with gas coil
1466,102,warehouse,0,Electricity,PTHP
1467,42,small_office,0,NaturalGas,Residential AC with residential forced air furnace
1468,19,strip_mall,0,Electricity,PSZ-HP
1469,104,full_service_restaurant,0,Electricity,PSZ-AC with electric coil
1470,5,retail,0,Propane,Residential AC with residential forced air furnace
1471,101,small_office,0,Electricity,PTAC with electric coil
1472,101,small_office,1,NaturalGas,PSZ-AC with gas coil
1473,48,strip_mall,2,NaturalGas,PSZ-AC with gas coil
1474,36,small_office,1,NaturalGas,PVAV with gas boiler reheat
1475,11,full_service_restaurant,0,Propane,PSZ-AC with gas coil
1476,43,retail,0,NaturalGas,PSZ-AC with gas coil
1477,11,full_service_restaurant,0,Electricity,PSZ-AC with electric coil
1478,7,retail,0,NaturalGas,PSZ-AC with gas coil
1479,44,small_office,0,Electricity,PTHP
1480,104,strip_mall,1,NaturalGas,PSZ-AC with gas coil
1481,20,small_office,0,Electricity,PSZ-HP
1482,23,retail,0,Propane,Residential AC with residential forced air furnace
1483,108,warehouse,0,Electricity,PTHP
1484,4,full_service_restaurant,1,NaturalGas,PSZ-AC with gas coil
1485,34,warehouse,0,NaturalGas,Residential AC with residential forced air furnace
1486,8,retail,0,Propane,Residential AC with residential forced air furnace
1487,19,quick_service_restaurant,0,NaturalGas,Residential AC with residential forced air furnace
1488,14,warehouse,0,Electricity,PSZ-HP
1489,37,small_office,1,Electricity,PVAV with PFP boxes
1490,16,small_office,1,NaturalGas,PSZ-AC with gas coil
1491,15,quick_service_restaurant,0,NaturalGas,PSZ-AC with gas coil
1492,9,large_office,0,DistrictHeating,VAV district chilled water with district hot water reheat
1493,9,medium_office,1,Electricity,PSZ-AC with electric coil
1494,13,medium_office,1,Electricity,PSZ-AC with electric coil
1495,101,large_hotel,0,Electricity,PTAC with electric coil
1496,101,small_hotel,0,NaturalGas,Residential AC with residential forced air furnace
1497,38,retail,0,Electricity,PTAC with electric coil
1498,15,warehouse,0,Electricity,PSZ-AC with electric coil
1499,28,small_office,1,NaturalGas,PVAV with gas boiler reheat
1500,15,small_office,0,Electricity,PSZ-AC with electric coil
1501,8,retail,0,Electricity,PTAC with electric coil
1502,26,small_hotel,0,Electricity,PTAC with electric coil
1503,39,medium_office,0,NaturalGas,PSZ-AC with gas coil
1504,25,medium_office,0,NaturalGas,PSZ-AC with gas coil
1505,5,quick_service_restaurant,0,Electricity,PTAC with electric coil
1506,39,quick_service_restaurant,0,Electricity,PSZ-HP
1507,29,small_office,1,Electricity,PVAV with PFP boxes
1508,19,retail,0,Electricity,PTAC with electric coil
1509,49,quick_service_restaurant,0,Electricity,PSZ-AC with electric coil
1510,5,large_office,0,Electricity,PVAV with PFP boxes
1511,105,small_hotel,0,NaturalGas,Residential AC with residential forced air furnace
1512,106,strip_mall,1,NaturalGas,PSZ-AC with gas coil
1513,104,small_hotel,0,NaturalGas,Residential AC with residential forced air furnace
1514,16,retail,0,Electricity,PTHP
1515,107,retail,0,Electricity,PSZ-HP
1516,8,full_service_restaurant,1,NaturalGas,PSZ-AC with gas coil
1517,22,secondary_school,0,NaturalGas,PSZ-AC with gas coil
1518,18,small_office,0,Electricity,PTAC with electric coil
1519,102,warehouse,0,Electricity,PTAC with electric coil
1520,30,small_office,0,FuelOil,Residential AC with residential forced air furnace
1521,24,full_service_restaurant,0,FuelOil,PSZ-AC with gas coil
1522,7,retail,0,Propane,PSZ-AC with gas coil
1523,36,retail,0,Propane,PSZ-AC with gas coil
1524,23,large_hotel,0,Propane,PTAC with gas boiler
1525,100,small_hotel,0,Propane,Residential AC with residential forced air furnace
1526,13,medium_office,0,Electricity,PVAV with PFP boxes
1527,5,retail,1,NaturalGas,PSZ-AC with gas coil
1528,37,strip_mall,0,NaturalGas,Residential AC with residential forced air furnace
1529,104,small_office,1,NaturalGas,PSZ-AC with gas coil
1530,18,secondary_school,0,NaturalGas,PTAC with gas boiler
1531,7,full_service_restaurant,0,Electricity,PSZ-HP
1532,36,medium_office,1,NaturalGas,PVAV with gas boiler reheat
1533,25,small_office,0,Electricity,PTAC with electric coil
1534,2,small_office,0,Electricity,PTHP
1535,27,retail,0,Propane,Residential AC with residential forced air furnace
1536,103,quick_service_restaurant,0,NaturalGas,PSZ-AC with gas coil
1537,28,warehouse,0,Electricity,PSZ-AC with electric coil
1538,15,retail,0,Electricity,PSZ-AC with electric coil
1539,107,strip_mall,2,NaturalGas,PSZ-AC with gas coil
1540,35,full_service_restaurant,0,NaturalGas,PSZ-AC with gas coil
1541,22,primary_school,1,Electricity,DOAS with water source heat pumps with ground source heat pump
1542,0,small_office,1,Electricity,PSZ-HP
1543,22,large_office,1,Electricity,VAV chiller with PFP boxes
1544,13,quick_service_restaurant,0,Electricity,PSZ-HP
1545,46,retail,0,NaturalGas,PSZ-AC with gas coil
1546,108,full_service_restaurant,0,Electricity,PSZ-AC with electric coil
1547,22,medium_office,1,NaturalGas,PSZ-AC with gas coil
1548,38,strip_mall,2,Electricity,PVAV with PFP boxes
1549,46,small_office,0,NaturalGas,PSZ-AC with gas coil
1550,24,strip_mall,0,Electricity,PSZ-HP
1551,18,retail,0,Electricity,PSZ-HP
1552,31,retail,1,NaturalGas,PSZ-AC with gas coil
1553,16,small_office,1,Electricity,PSZ-AC with electric coil
1554,2,quick_service_restaurant,0,Propane,PSZ-AC with gas coil
1555,8,warehouse,0,Electricity,PTHP
1556,2,small_hotel,0,Electricity,PTAC with electric coil
1557,24,quick_service_restaurant,0,Electricity,PSZ-AC with electric coil
1558,17,full_service_restaurant,0,Electricity,PSZ-HP
1559,9,grocery,1,Electricity,PSZ-AC with electric coil
1560,36,warehouse,0,Propane,PSZ-AC with gas coil
1561,40,medium_office,0,Electricity,PSZ-AC with electric coil
1562,104,medium_office,1,NaturalGas,PVAV with gas boiler reheat
1563,16,small_hotel,0,Electricity,PTAC with electric coil
1564,9,retail,0,NaturalGas,Residential AC with residential forced air furnace
1565,24,warehouse,0,Electricity,PSZ-AC with electric coil
1566,22,large_office,1,Electricity,PVAV with PFP boxes
1567,18,medium_office,0,NaturalGas,PSZ-AC with gas coil
1568,0,medium_office,1,DistrictHeating,VAV district chilled water with district hot water reheat
1569,3,strip_mall,0,Electricity,PSZ-AC with electric coil
1570,6,small_hotel,0,Electricity,PTHP
1571,40,small_office,1,NaturalGas,PVAV with gas boiler reheat
1572,25,medium_office,1,NaturalGas,PVAV with gas heat with electric reheat
1573,32,small_hotel,0,Electricity,PTAC with electric coil
1574,105,medium_office,0,NaturalGas,PSZ-AC with gas coil
1575,19,strip_mall,1,NaturalGas,PTAC with gas coil
1576,47,strip_mall,0,NaturalGas,Residential AC with residential forced air furnace
1577,32,large_hotel,0,Electricity,PTAC with electric coil
1578,11,small_office,1,NaturalGas,PSZ-AC with gas coil
1579,27,retail,1,NaturalGas,PSZ-AC with gas coil
1580,5,full_service_restaurant,1,Electricity,PVAV with PFP boxes
1581,100,small_office,0,Electricity,PSZ-HP
1582,35,warehouse,0,NaturalGas,Residential AC with residential forced air furnace
1583,2,retail,0,Electricity,PTAC with electric coil
1584,19,medium_office,0,NaturalGas,DOAS with fan coil air-cooled chiller with boiler
1585,15,retail,1,NaturalGas,PSZ-AC with gas coil
1586,32,small_office,0,Propane,PSZ-AC with gas coil
1587,20,small_office,1,NaturalGas,PVAV with gas boiler reheat
1588,47,full_service_restaurant,0,Propane,PSZ-AC with gas coil
1589,5,strip_mall,0,NaturalGas,Residential AC with residential forced air furnace
1590,17,small_office,1,NaturalGas,Residential AC with residential forced air furnace
1591,32,small_office,1,Electricity,PSZ-HP
1592,3,warehouse,0,NaturalGas,PSZ-AC with gas coil
1593,17,small_office,1,NaturalGas,PVAV with gas heat with electric reheat
1594,19,primary_school,1,NaturalGas,PSZ-AC with gas boiler
1595,106,small_office,0,NaturalGas,Residential AC with residential forced air furnace
1596,4,medium_office,0,NaturalGas,PSZ-AC with gas coil
1597,12,warehouse,1,Electricity,PVAV with PFP boxes
1598,44,small_office,0,Electricity,PSZ-AC with electric coil
1599,22,grocery,1,Electricity,PSZ-AC with electric coil
1600,0,retail,0,Electricity,PTAC with electric coil
1601,33,retail,0,Electricity,PSZ-HP
1602,103,full_service_restaurant,0,Electricity,PSZ-AC with electric coil
1603,17,warehouse,1,NaturalGas,PVAV with gas boiler reheat
1604,18,medium_office,0,NaturalGas,PVAV with gas boiler reheat
1605,105,warehouse,0,NaturalGas,Residential AC with residential forced air furnace
1606,9,medium_office,1,NaturalGas,PVAV with gas boiler reheat
1607,30,large_hotel,0,Electricity,PTAC with electric coil
1608,102,medium_office,0,NaturalGas,PSZ-AC with gas coil
1609,20,retail,1,Propane,PSZ-AC with gas coil
1610,39,warehouse,1,NaturalGas,PSZ-AC with gas coil
1611,19,small_office,0,Propane,PSZ-AC with gas coil
1612,4,warehouse,1,NaturalGas,PVAV with gas boiler reheat
1613,33,retail,0,Electricity,PTAC with electric coil
1614,18,warehouse,0,Propane,Residential AC with residential forced air furnace
1615,0,warehouse,1,NaturalGas,PVAV with gas heat with electric reheat
1616,10,small_office,1,FuelOil,PSZ-AC with gas coil
1617,36,small_office,1,NaturalGas,PVAV with gas heat with electric reheat
1618,18,retail,1,Electricity,PSZ-AC with electric coil
1619,22,large_office,0,Electricity,PVAV with PFP boxes
1620,28,retail,0,NaturalGas,Residential AC with residential forced air furnace
1621,11,retail,1,Electricity,PSZ-AC with electric coil
1622,2,retail,0,Electricity,PSZ-HP
1623,48,retail,0,FuelOil,Residential AC with residential forced air furnace
1624,107,small_office,0,Propane,PSZ-AC with gas coil
1625,13,warehouse,1,NaturalGas,PVAV with gas boiler reheat
1626,26,strip_mall,2,NaturalGas,PSZ-AC with gas coil
1627,27,quick_service_restaurant,0,Electricity,PSZ-AC with electric coil
1628,25,warehouse,0,Electricity,PTAC with electric coil
1629,37,quick_service_restaurant,0,Electricity,PSZ-HP
1630,44,small_office,0,NaturalGas,Residential AC with residential forced air furnace
1631,9,primary_school,1,Electricity,PVAV with PFP boxes
1632,34,small_office,0,Electricity,PSZ-AC with electric coil
1633,25,medium_office,0,Electricity,PSZ-AC with electric coil
1634,45,full_service_restaurant,0,NaturalGas,PSZ-AC with gas coil
1635,1,small_office,0,NaturalGas,PSZ-AC with gas coil
1636,24,large_hotel,0,Electricity,PTAC with electric coil
1637,38,small_office,0,Electricity,PTAC with electric coil
1638,37,large_hotel,0,Electricity,PTHP
1639,4,medium_office,0,NaturalGas,PVAV with gas boiler reheat
1640,18,medium_office,0,Electricity,PSZ-AC with electric coil
1641,25,small_office,1,Electricity,PVAV with PFP boxes
1642,39,small_hotel,0,Electricity,PTHP
1643,12,small_office,1,NaturalGas,PVAV with gas boiler reheat
1644,38,large_hotel,0,Electricity,PTAC with electric coil
1645,35,full_service_restaurant,0,Propane,PSZ-AC with gas coil
1646,49,small_office,1,NaturalGas,PSZ-AC with gas coil
1647,37,full_service_restaurant,1,Electricity,PSZ-AC with electric coil
1648,22,large_office,0,Electricity,VAV chiller with PFP boxes
1649,4,medium_office,1,DistrictHeating,VAV district chilled water with district hot water reheat
1650,47,retail,0,Electricity,PSZ-AC with electric coil
1651,0,warehouse,1,NaturalGas,PVAV with gas boiler reheat
1652,7,small_office,0,NaturalGas,PSZ-AC with gas coil
1653,30,secondary_school,0,NaturalGas,PSZ-AC with gas coil
1654,19,warehouse,0,FuelOil,Residential AC with residential forced air furnace
1655,101,medium_office,0,NaturalGas,PSZ-AC with gas coil
1656,0,outpatient,0,Electricity,PSZ-AC with electric coil
1657,31,retail,0,Electricity,PSZ-AC with electric coil
1658,108,small_office,0,Electricity,PTAC with electric coil
1659,43,small_office,0,NaturalGas,PSZ-AC with gas coil
1660,26,secondary_school,0,NaturalGas,PSZ-AC with gas boiler
1661,101,warehouse,1,NaturalGas,PSZ-AC with gas coil
1662,37,small_office,1,Electricity,PSZ-HP
1663,27,small_office,1,NaturalGas,PSZ-AC with gas coil
1664,0,large_hotel,0,Electricity,PTAC with electric coil
1665,38,retail,0,NaturalGas,Residential AC with residential forced air furnace
1666,30,retail,0,Propane,PSZ-AC with gas coil
1667,23,small_office,0,Propane,Residential AC with residential forced air furnace
1668,46,retail,0,Propane,PSZ-AC with gas coil
1669,9,large_hotel,0,NaturalGas,PTAC with gas coil
1670,18,small_office,0,Electricity,PSZ-HP
1671,38,full_service_restaurant,1,Electricity,PSZ-AC with electric coil
1672,29,full_service_restaurant,0,Electricity,PSZ-HP
1673,26,small_office,1,NaturalGas,Residential AC with residential forced air furnace
1674,4,small_office,0,Electricity,PSZ-AC with electric coil
1675,32,small_office,1,NaturalGas,PSZ-AC with gas coil
1676,29,retail,1,Electricity,PSZ-AC with electric coil
1677,10,warehouse,1,NaturalGas,PSZ-AC with gas coil
1678,18,secondary_school,0,NaturalGas,VAV air-cooled chiller with gas boiler reheat
1679,40,grocery,1,Electricity,PSZ-AC with electric coil
1680,13,large_hotel,0,Electricity,PTAC with electric coil
1681,37,warehouse,1,Electricity,PSZ-AC with electric coil
1682,36,small_office,0,FuelOil,PSZ-AC with gas coil
1683,47,retail,0,Propane,Residential AC with residential forced air furnace
1684,32,warehouse,1,NaturalGas,PSZ-AC with gas coil
1685,48,large_office,0,NaturalGas,PVAV with gas boiler reheat
1686,17,strip_mall,1,Electricity,PSZ-AC with electric coil
1687,8,retail,0,NaturalGas,Residential AC with residential forced air furnace
1688,48,retail,0,Electricity,PSZ-AC with electric coil
1689,0,retail,1,Propane,PSZ-AC with gas coil
1690,19,full_service_restaurant,0,Electricity,PSZ-AC with electric coil
1691,17,large_hotel,0,Electricity,PTAC with electric coil
1692,36,medium_office,0,NaturalGas,PVAV with gas boiler reheat
1693,29,secondary_school,0,NaturalGas,PSZ-AC with gas boiler
1694,38,warehouse,0,Electricity,PTAC with electric coil
1695,23,warehouse,0,Propane,PSZ-AC with gas coil
1696,107,strip_mall,0,Electricity,PSZ-HP
1697,40,large_office,1,Electricity,VAV chiller with PFP boxes
1698,4,retail,0,Electricity,PSZ-HP
1699,0,full_service_restaurant,1,NaturalGas,PSZ-AC with gas coil
1700,3,retail,0,NaturalGas,PSZ-AC with gas coil
1701,19,medium_office,1,NaturalGas,VAV air-cooled chiller with gas boiler reheat
1702,30,retail,0,FuelOil,Residential AC with residential forced air furnace
1703,32,strip_mall,0,NaturalGas,Residential AC with residential forced air furnace
1704,40,medium_office,0,Electricity,PVAV with PFP boxes
1705,17,retail,0,Propane,Residential AC with residential forced air furnace
1706,12,warehouse,1,NaturalGas,PSZ-AC with gas coil
1707,44,strip_mall,0,Electricity,PSZ-AC with electric coil
1708,40,full_service_restaurant,0,Electricity,PSZ-HP
1709,30,warehouse,1,NaturalGas,PVAV with gas boiler reheat
1710,19,strip_mall,1,NaturalGas,PVAV with gas heat with electric reheat
1711,101,small_office,0,Electricity,PTHP
1712,100,small_office,0,NaturalGas,Residential AC with residential forced air furnace
1713,40,warehouse,0,Electricity,PTAC with electric coil
1714,21,warehouse,0,NaturalGas,Residential AC with residential forced air furnace
1715,10,small_office,1,NaturalGas,PVAV with gas heat with electric reheat
1716,45,retail,0,Propane,PSZ-AC with gas coil
1717,49,warehouse,0,Electricity,PSZ-HP
1718,29,small_office,0,FuelOil,PSZ-AC with gas coil
1719,26,warehouse,0,Electricity,PSZ-AC with electric coil
1720,1,retail,0,NaturalGas,PSZ-AC with gas coil
1721,2,small_office,0,Electricity,PSZ-HP
1722,8,strip_mall,2,Electricity,PVAV with PFP boxes
1723,45,full_service_restaurant,0,Electricity,PSZ-HP
1724,25,medium_office,0,NaturalGas,PVAV with gas boiler reheat
1725,23,small_office,0,Propane,PSZ-AC with gas coil
1726,32,quick_service_restaurant,0,Electricity,PSZ-HP
1727,10,strip_mall,0,Electricity,PSZ-HP
1728,22,large_hotel,0,NaturalGas,DOAS with water source heat pumps cooling tower with boiler
1729,26,secondary_school,0,NaturalGas,PSZ-AC with gas coil
1730,103,quick_service_restaurant,0,Electricity,PSZ-AC with electric coil
1731,33,strip_mall,2,NaturalGas,PSZ-AC with gas coil
1732,39,medium_office,0,Electricity,PVAV with PFP boxes
1733,8,large_hotel,0,NaturalGas,PTAC with gas boiler
1734,34,full_service_restaurant,0,NaturalGas,PSZ-AC with gas coil
1735,24,warehouse,0,NaturalGas,Residential AC with residential forced air furnace
1736,100,small_hotel,0,NaturalGas,Residential AC with residential forced air furnace
1737,13,small_hotel,0,Propane,Residential AC with residential forced air furnace
1738,6,full_service_restaurant,1,Electricity,PSZ-AC with electric coil
1739,31,small_office,0,Electricity,PSZ-AC with electric coil
1740,5,medium_office,0,Electricity,PSZ-HP
1741,4,small_office,0,Propane,Residential AC with residential forced air furnace
1742,12,full_service_restaurant,1,Electricity,PSZ-AC with electric coil
1743,48,large_office,0,Electricity,PVAV with PFP boxes
1744,22,medium_office,1,NaturalGas,VAV air-cooled chiller with gas boiler reheat
1745,29,small_hotel,0,Electricity,PTAC with electric coil
1746,39,medium_office,1,Electricity,PSZ-AC with electric coil
1747,35,small_hotel,0,Electricity,PTAC with electric coil
1748,33,warehouse,0,Electricity,PTHP
1749,45,quick_service_restaurant,0,Electricity,PSZ-AC with electric coil
1750,47,retail,0,FuelOil,Residential AC with residential forced air furnace
1751,30,warehouse,1,Electricity,PSZ-AC with electric coil
1752,102,retail,1,Electricity,PSZ-AC with electric coil
1753,105,warehouse,1,Electricity,PVAV with PFP boxes
1754,44,retail,0,Electricity,PSZ-AC with electric coil
1755,26,primary_school,0,NaturalGas,PSZ-AC with gas coil
1756,28,small_office,0,Propane,PSZ-AC with gas coil
1757,29,medium_office,1,NaturalGas,PSZ-AC with gas coil
1758,13,medium_office,1,Electricity,VAV chiller with PFP boxes
1759,2,small_office,1,NaturalGas,PSZ-AC with gas coil
1760,36,strip_mall,0,Electricity,PSZ-HP
1761,24,small_hotel,0,Propane,Residential AC with residential forced air furnace
1762,105,retail,1,Electricity,PSZ-AC with electric coil
1763,32,warehouse,1,Electricity,PSZ-AC with electric coil
1764,39,medium_office,0,NaturalGas,PVAV with gas boiler reheat
1765,22,strip_mall,1,NaturalGas,PVAV with gas heat with electric reheat
1766,26,small_office,1,NaturalGas,PVAV with gas boiler reheat
1767,48,full_service_restaurant,0,Propane,PSZ-AC with gas coil
1768,8,medium_office,1,NaturalGas,PVAV with gas heat with electric reheat
1769,107,medium_office,0,NaturalGas,PSZ-AC with gas coil
1770,30,medium_office,1,NaturalGas,PSZ-AC with gas coil
1771,101,large_office,1,NaturalGas,VAV chiller with gas boiler reheat
1772,34,retail,0,NaturalGas,PSZ-AC with gas coil
1773,26,small_office,1,NaturalGas,PVAV with gas heat with electric reheat
1774,35,strip_mall,0,NaturalGas,Residential AC with residential forced air furnace
1775,40,large_office,1,Electricity,PVAV with PFP boxes
1776,6,medium_office,1,Electricity,VAV chiller with PFP boxes
1777,24,quick_service_restaurant,0,NaturalGas,PSZ-AC with gas coil
1778,106,small_office,0,Electricity,PSZ-HP
1779,37,warehouse,1,NaturalGas,PSZ-AC with gas coil
1780,48,retail,1,FuelOil,PSZ-AC with gas coil
1781,40,strip_mall,2,Electricity,PVAV with PFP boxes
1782,41,retail,0,Electricity,PSZ-AC with electric coil
1783,10,large_hotel,0,Electricity,PTAC with electric coil
1784,30,retail,0,Electricity,PTHP
1785,48,large_office,1,NaturalGas,VAV chiller with gas boiler reheat
1786,40,warehouse,0,Electricity,PSZ-HP
1787,105,large_office,1,NaturalGas,VAV chiller with gas boiler reheat
1788,38,medium_office,1,DistrictHeating,VAV district chilled water with district hot water reheat
1789,22,medium_office,1,Electricity,VAV chiller with PFP boxes
1790,9,medium_office,1,NaturalGas,PSZ-AC with gas coil
1791,107,warehouse,0,Propane,PSZ-AC with gas coil
1792,101,quick_service_restaurant,0,Electricity,PSZ-AC with electric coil
1793,104,small_office,0,Electricity,PTAC with electric coil
1794,10,small_office,1,Electricity,PSZ-HP
1795,30,warehouse,1,NaturalGas,PVAV with gas heat with electric reheat
1796,45,warehouse,0,NaturalGas,Residential AC with residential forced air furnace
1797,6,retail,0,NaturalGas,PSZ-AC with gas coil
1798,12,small_office,0,Propane,PSZ-AC with gas coil
1799,18,grocery,0,NaturalGas,PSZ-AC with gas coil
1800,19,warehouse,0,Electricity,PTAC with electric coil
1801,22,small_office,1,NaturalGas,Residential AC with residential forced air furnace
1802,19,warehouse,1,Electricity,PSZ-AC with electric coil
1803,40,medium_office,0,NaturalGas,PVAV with gas boiler reheat
1804,108,small_office,0,Electricity,PTHP
1805,25,warehouse,1,NaturalGas,PVAV with gas boiler reheat
1806,39,full_service_restaurant,1,NaturalGas,PSZ-AC with gas coil
1807,109,strip_mall,0,Electricity,PSZ-AC with electric coil
1808,0,warehouse,0,Electricity,PTAC with electric coil
1809,34,small_office,0,Electricity,PTAC with electric coil
1810,41,strip_mall,0,NaturalGas,PSZ-AC with gas coil
1811,42,full_service_restaurant,0,Propane,PSZ-AC with gas coil
1812,4,small_office,1,NaturalGas,Residential AC with residential forced air furnace
1813,17,small_office,0,Electricity,PTAC with electric coil
1814,15,small_hotel,0,Electricity,PTAC with electric coil
1815,18,secondary_school,0,NaturalGas,PVAV with gas heat with electric reheat
1816,49,strip_mall,0,NaturalGas,Residential AC with residential forced air furnace
1817,48,medium_office,1,NaturalGas,PVAV with gas boiler reheat
1818,19,small_office,0,Propane,Residential AC with residential forced air furnace
1819,40,small_office,1,Electricity,PSZ-HP
1820,4,retail,1,Electricity,PSZ-AC with electric coil
1821,2,small_office,0,Electricity,PTAC with electric coil
1822,45,retail,0,Electricity,PTHP
1823,39,grocery,1,NaturalGas,PSZ-AC with gas coil
1824,5,primary_school,1,Electricity,DOAS with water source heat pumps with ground source heat pump
1825,25,medium_office,1,NaturalGas,VAV air-cooled chiller with gas boiler reheat
1826,42,warehouse,0,Electricity,PSZ-AC with electric coil
1827,9,medium_office,0,NaturalGas,DOAS with fan coil chiller with boiler
1828,47,retail,1,FuelOil,PSZ-AC with gas coil
1829,18,strip_mall,0,Electricity,PSZ-AC with electric coil
1830,102,strip_mall,0,Electricity,PSZ-HP
1831,1,small_office,0,Electricity,PSZ-AC with electric coil
1832,4,strip_mall,2,NaturalGas,PSZ-AC with gas coil
1833,25,small_hotel,0,Electricity,PTAC with electric coil
1834,12,small_office,1,Electricity,PVAV with PFP boxes
1835,5,large_hotel,1,Electricity,PTAC with electric coil
1836,104,warehouse,0,NaturalGas,Residential AC with residential forced air furnace
1837,17,warehouse,1,NaturalGas,PVAV with gas heat with electric reheat
1838,101,small_office,1,Electricity,PVAV with PFP boxes
1839,14,strip_mall,0,Electricity,PSZ-AC with electric coil
1840,40,large_hotel,0,NaturalGas,PTAC with gas boiler
1841,40,medium_office,0,NaturalGas,PSZ-AC with gas coil
1842,15,small_office,1,NaturalGas,PSZ-AC with gas coil
1843,102,strip_mall,2,NaturalGas,PSZ-AC with gas coil
1844,8,small_hotel,0,Electricity,PTHP
1845,20,full_service_restaurant,1,NaturalGas,PSZ-AC with gas coil
1846,10,large_office,0,Electricity,PVAV with PFP boxes
1847,37,small_hotel,0,Electricity,PTHP
1848,9,large_hotel,0,NaturalGas,DOAS with water source heat pumps cooling tower with boiler
1849,4,full_service_restaurant,0,Electricity,PSZ-HP
1850,27,full_service_restaurant,0,Electricity,PSZ-AC with electric coil
1851,23,large_hotel,0,Propane,PTAC with gas coil
1852,20,retail,0,Electricity,PSZ-HP
1853,4,small_office,0,Electricity,PSZ-HP
1854,48,full_service_restaurant,1,NaturalGas,PSZ-AC with gas coil
1855,25,medium_office,0,Electricity,PVAV with PFP boxes
1856,10,warehouse,1,FuelOil,PSZ-AC with gas coil
1857,10,full_service_restaurant,1,Electricity,PSZ-AC with electric coil
1858,16,small_office,0,Propane,PSZ-AC with gas coil
1859,49,retail,1,Electricity,PSZ-AC with electric coil
1860,40,large_hotel,0,NaturalGas,PTAC with gas coil
1861,105,medium_office,0,NaturalGas,PVAV with gas boiler reheat
1862,30,warehouse,0,Propane,PSZ-AC with gas coil
1863,25,strip_mall,1,NaturalGas,PSZ-AC with gas coil
1864,28,warehouse,1,NaturalGas,PVAV with gas boiler reheat
1865,49,small_hotel,0,Electricity,PTAC with electric coil
1866,9,grocery,1,NaturalGas,PSZ-AC with gas coil
1867,10,secondary_school,0,NaturalGas,PSZ-AC with gas coil
1868,11,small_office,0,Electricity,PTHP
1869,8,medium_office,0,NaturalGas,PSZ-AC with gas coil
1870,12,retail,0,Electricity,PTAC with electric coil
1871,18,primary_school,1,NaturalGas,PVAV with gas boiler reheat
1872,101,small_office,1,Electricity,PSZ-AC with electric coil
1873,33,full_service_restaurant,1,NaturalGas,PSZ-AC with gas coil
1874,11,small_hotel,0,Electricity,PTAC with electric coil
1875,8,medium_office,1,Electricity,PVAV with PFP boxes
1876,17,warehouse,0,Electricity,PSZ-HP
1877,102,medium_office,0,NaturalGas,PVAV with gas boiler reheat
1878,38,small_office,1,NaturalGas,PVAV with gas heat with electric reheat
1879,0,full_service_restaurant,1,Electricity,PSZ-AC with electric coil
1880,101,strip_mall,1,NaturalGas,PSZ-AC with gas coil
1881,9,medium_office,1,NaturalGas,VAV chiller with gas boiler reheat
1882,11,retail,0,Electricity,PSZ-HP
1883,35,quick_service_restaurant,0,NaturalGas,PSZ-AC with gas coil
1884,25,small_office,1,Electricity,PSZ-HP
1885,25,warehouse,1,NaturalGas,PVAV with gas heat with electric reheat
1886,22,grocery,0,Electricity,PSZ-AC with electric coil
1887,100,warehouse,0,Electricity,PSZ-HP
1888,43,warehouse,0,NaturalGas,PSZ-AC with gas coil
1889,106,small_office,1,NaturalGas,PSZ-AC with gas coil
1890,9,large_office,1,DistrictHeating,VAV district chilled water with district hot water reheat
1891,100,large_hotel,0,Electricity,PTAC with electric coil
1892,36,small_office,1,Electricity,PSZ-AC with electric coil
1893,28,retail,0,Electricity,PSZ-AC with electric coil
1894,8,small_office,0,Propane,PSZ-AC with gas coil
1895,19,large_hotel,0,NaturalGas,DOAS with water source heat pumps cooling tower with boiler
1896,2,quick_service_restaurant,0,Electricity,PSZ-HP
1897,19,warehouse,0,Electricity,PTHP
1898,45,retail,1,Electricity,PSZ-AC with electric coil
1899,25,medium_office,1,Electricity,VAV chiller with PFP boxes
1900,28,small_office,1,NaturalGas,PVAV with gas heat with electric reheat
1901,10,medium_office,1,NaturalGas,PVAV with gas heat with electric reheat
1902,104,warehouse,1,Electricity,PVAV with PFP boxes
1903,15,small_office,0,Propane,Residential AC with residential forced air furnace
1904,8,medium_office,0,Electricity,PSZ-AC with electric coil
1905,49,small_office,0,Electricity,PSZ-AC with electric coil
1906,17,strip_mall,2,Electricity,PVAV with PFP boxes
1907,106,full_service_restaurant,0,Electricity,PSZ-AC with electric coil
1908,48,small_office,1,NaturalGas,PVAV with gas boiler reheat
1909,12,retail,0,NaturalGas,Residential AC with residential forced air furnace
1910,13,small_office,1,NaturalGas,PVAV with gas heat with electric reheat
1911,104,small_office,1,Electricity,PVAV with PFP boxes
1912,18,large_office,1,NaturalGas,VAV chiller with gas boiler reheat
1913,101,strip_mall,0,Electricity,PSZ-HP
1914,18,small_hotel,0,Electricity,PTAC with electric coil
1915,38,small_office,1,Electricity,PSZ-HP
1916,30,medium_office,0,Electricity,PSZ-AC with electric coil
1917,19,full_service_restaurant,1,NaturalGas,PVAV with gas heat with electric reheat
1918,40,large_hotel,0,Electricity,PTHP
1919,19,full_service_restaurant,1,NaturalGas,PVAV with gas boiler reheat
1920,9,strip_mall,2,NaturalGas,PVAV with gas heat with electric reheat
1921,35,strip_mall,0,Electricity,PSZ-HP
1922,17,quick_service_restaurant,0,Electricity,PSZ-HP
1923,17,small_office,1,Electricity,PSZ-AC with electric coil
1924,29,warehouse,1,Electricity,PSZ-AC with electric coil
1925,30,secondary_school,0,NaturalGas,PTAC with gas boiler
1926,11,small_office,0,Electricity,PSZ-HP
1927,25,small_office,1,NaturalGas,PVAV with gas boiler reheat
1928,19,medium_office,0,Electricity,PSZ-HP
1929,102,large_office,1,NaturalGas,VAV chiller with gas boiler reheat
1930,26,full_service_restaurant,0,Propane,PSZ-AC with gas coil
1931,101,medium_office,0,NaturalGas,PVAV with gas boiler reheat
1932,34,retail,0,Propane,Residential AC with residential forced air furnace
1933,19,small_office,1,Electricity,PSZ-AC with electric coil
1934,40,large_office,0,Electricity,PVAV with PFP boxes
1935,13,warehouse,1,Electricity,PSZ-AC with electric coil
1936,25,full_service_restaurant,1,NaturalGas,PSZ-AC with gas coil
1937,18,medium_office,1,Electricity,PVAV with PFP boxes
1938,49,retail,0,Electricity,PSZ-HP
1939,29,medium_office,0,Electricity,PSZ-AC with electric coil
1940,40,medium_office,1,NaturalGas,PVAV with gas boiler reheat
1941,100,retail,1,NaturalGas,PSZ-AC with gas coil
1942,47,small_office,0,Electricity,PTAC with electric coil
1943,8,large_hotel,0,Electricity,PTAC with electric coil
1944,19,medium_office,1,NaturalGas,VAV chiller with gas boiler reheat
1945,24,retail,0,NaturalGas,Residential AC with residential forced air furnace
1946,20,medium_office,1,Electricity,PVAV with PFP boxes
1947,40,full_service_restaurant,1,Electricity,PSZ-AC with electric coil
1948,20,retail,1,Electricity,PSZ-AC with electric coil
1949,29,medium_office,1,Electricity,PVAV with PFP boxes
1950,16,full_service_restaurant,0,FuelOil,PSZ-AC with gas coil
1951,29,secondary_school,0,NaturalGas,PSZ-AC with gas coil
1952,48,medium_office,0,Electricity,PSZ-AC with electric coil
1953,107,retail,0,Electricity,PTHP
1954,38,small_hotel,0,Electricity,PTHP
1955,28,small_hotel,0,Electricity,PTAC with electric coil
1956,39,secondary_school,0,Electricity,PSZ-AC with electric coil
1957,34,small_hotel,0,Electricity,PTAC with electric coil
1958,18,small_office,0,Electricity,PTHP
1959,107,small_hotel,0,NaturalGas,Residential AC with residential forced air furnace
1960,9,large_office,1,DistrictHeating,VAV chiller with district hot water reheat
1961,22,primary_school,1,NaturalGas,PSZ-AC with gas coil
1962,34,quick_service_restaurant,0,NaturalGas,PSZ-AC with gas coil
1963,105,warehouse,1,NaturalGas,PVAV with gas boiler reheat
1964,48,large_hotel,0,Electricity,PTAC with electric coil
1965,13,secondary_school,0,NaturalGas,PSZ-AC with gas coil
1966,13,primary_school,0,NaturalGas,PSZ-AC with gas coil
1967,34,small_office,0,Propane,Residential AC with residential forced air furnace
1968,17,medium_office,0,Electricity,PSZ-AC with electric coil
1969,9,warehouse,0,FuelOil,PSZ-AC with gas coil
1970,32,strip_mall,1,NaturalGas,PSZ-AC with gas coil
1971,17,secondary_school,0,NaturalGas,PSZ-AC with gas coil
1972,105,full_service_restaurant,0,Electricity,PSZ-HP
1973,48,secondary_school,0,NaturalGas,PSZ-AC with gas boiler
1974,36,retail,1,Electricity,PSZ-AC with electric coil
1975,20,full_service_restaurant,0,Electricity,PSZ-AC with electric coil
1976,12,secondary_school,0,NaturalGas,PSZ-AC with gas coil
1977,0,outpatient,0,Electricity,PSZ-HP
1978,5,small_office,1,NaturalGas,PSZ-AC with gas coil
1979,40,large_office,0,Electricity,VAV chiller with PFP boxes
1980,19,large_office,0,Electricity,PVAV with PFP boxes
1981,33,secondary_school,0,NaturalGas,PSZ-AC with gas coil
1982,5,large_office,1,Electricity,VAV chiller with PFP boxes
1983,14,retail,1,NaturalGas,PSZ-AC with gas coil
1984,28,quick_service_restaurant,0,Electricity,PSZ-AC with electric coil
1985,24,small_office,1,FuelOil,PSZ-AC with gas coil
1986,100,retail,0,Electricity,PSZ-AC with electric coil
1987,25,retail,0,Propane,Residential AC with residential forced air furnace
1988,48,quick_service_restaurant,0,Electricity,PSZ-AC with electric coil
1989,39,large_hotel,0,Electricity,DOAS with water source heat pumps with ground source heat pump
1990,0,small_hotel,0,Electricity,PTHP
1991,20,quick_service_restaurant,0,Electricity,PSZ-AC with electric coil
1992,101,small_hotel,0,Electricity,PTAC with electric coil
1993,10,secondary_school,0,NaturalGas,PSZ-AC with gas boiler
1994,33,quick_service_restaurant,0,Electricity,PSZ-HP
1995,17,secondary_school,0,NaturalGas,PSZ-AC with gas boiler
1996,21,warehouse,0,Electricity,PSZ-AC with electric coil
1997,48,small_office,1,NaturalGas,PVAV with gas heat with electric reheat
1998,105,retail,0,Electricity,PSZ-HP
1999,104,small_office,0,Electricity,PTHP
2000,12,medium_office,1,Electricity,PVAV with PFP boxes
2001,8,full_service_restaurant,1,Electricity,PSZ-AC with electric coil
2002,103,warehouse,0,Electricity,PTHP
2003,36,medium_office,1,NaturalGas,PSZ-AC with gas coil
2004,10,warehouse,1,NaturalGas,PVAV with gas boiler reheat
2005,47,small_office,0,Electricity,PSZ-HP
2006,12,medium_office,1,NaturalGas,PVAV with gas boiler reheat
2007,24,retail,1,NaturalGas,PSZ-AC with gas coil
2008,19,small_office,1,Electricity,PVAV with PFP boxes
2009,101,large_hotel,0,Electricity,PTHP
2010,26,secondary_school,0,NaturalGas,PTAC with gas boiler
2011,19,primary_school,1,NaturalGas,VAV chiller with gas boiler reheat
2012,20,strip_mall,2,NaturalGas,PSZ-AC with gas coil
2013,8,warehouse,1,Electricity,PVAV with PFP boxes
2014,34,small_office,0,Propane,PSZ-AC with gas coil
2015,4,grocery,1,NaturalGas,PSZ-AC with gas coil
2016,106,warehouse,1,Electricity,PVAV with PFP boxes
2017,13,medium_office,0,NaturalGas,PVAV with gas boiler reheat
2018,0,medium_office,0,Electricity,PSZ-AC with electric coil
2019,107,warehouse,0,NaturalGas,Residential AC with residential forced air furnace
2020,20,large_office,1,NaturalGas,VAV chiller with gas boiler reheat
2021,20,medium_office,0,Electricity,PSZ-AC with electric coil
2022,9,large_office,1,Electricity,PVAV with PFP boxes
2023,10,retail,1,NaturalGas,PSZ-AC with gas coil
2024,10,medium_office,1,DistrictHeating,PSZ-AC with district hot water
2025,107,warehouse,1,Electricity,PVAV with PFP boxes
2026,26,warehouse,1,NaturalGas,PVAV with gas boiler reheat
2027,32,strip_mall,2,Electricity,PVAV with PFP boxes
2028,19,grocery,0,Electricity,PSZ-AC with electric coil
2029,39,strip_mall,2,Electricity,PVAV with PFP boxes
2030,102,retail,0,Electricity,PSZ-HP
2031,28,strip_mall,2,NaturalGas,PSZ-AC with gas coil
2032,9,large_office,1,NaturalGas,VAV chiller with gas boiler reheat
2033,44,full_service_restaurant,0,NaturalGas,PSZ-AC with gas coil
2034,30,warehouse,0,FuelOil,Residential AC with residential forced air furnace
2035,31,retail,0,NaturalGas,Residential AC with residential forced air furnace
2036,6,large_office,0,Electricity,PVAV with PFP boxes
2037,17,small_office,1,NaturalGas,PVAV with gas boiler reheat
2038,102,full_service_restaurant,1,NaturalGas,PSZ-AC with gas coil
2039,106,warehouse,1,NaturalGas,PVAV with gas boiler reheat
2040,18,medium_office,1,Electricity,PSZ-AC with electric coil
2041,8,medium_office,0,NaturalGas,PVAV with gas boiler reheat
2042,38,warehouse,1,NaturalGas,PVAV with gas heat with electric reheat
2043,36,small_office,0,FuelOil,Residential AC with residential forced air furnace
2044,10,large_hotel,0,NaturalGas,PTAC with gas boiler
2045,36,full_service_restaurant,0,Electricity,PSZ-HP
2046,40,secondary_school,0,NaturalGas,PSZ-AC with gas coil
2047,39,medium_office,1,Electricity,VAV chiller with PFP boxes
2048,15,quick_service_restaurant,0,Electricity,PSZ-AC with electric coil
2049,27,small_hotel,0,Electricity,PTAC with electric coil
2050,27,warehouse,0,Propane,Residential AC with residential forced air furnace
2051,39,medium_office,0,Electricity,PSZ-HP
2052,12,small_office,1,NaturalGas,PVAV with gas heat with electric reheat
2053,48,large_office,0,NaturalGas,VAV chiller with gas boiler reheat
2054,44,retail,0,Propane,PSZ-AC with gas coil
2055,32,large_hotel,0,Electricity,PTHP
2056,38,strip_mall,1,NaturalGas,PSZ-AC with gas coil
2057,107,full_service_restaurant,1,NaturalGas,PSZ-AC with gas coil
2058,105,small_office,1,NaturalGas,PVAV with gas boiler reheat
2059,30,strip_mall,1,Electricity,PSZ-AC with electric coil
2060,13,secondary_school,0,Electricity,PSZ-AC with electric coil
2061,36,large_hotel,0,Electricity,PTAC with electric coil
2062,44,small_office,0,Electricity,PSZ-HP
2063,28,medium_office,0,NaturalGas,PVAV with gas boiler reheat
2064,105,grocery,0,NaturalGas,PSZ-AC with gas coil
2065,0,primary_school,1,Electricity,DOAS with water source heat pumps with ground source heat pump
2066,5,full_service_restaurant,1,Electricity,PSZ-HP
2067,26,medium_office,1,NaturalGas,PVAV with gas boiler reheat
2068,20,secondary_school,0,NaturalGas,PSZ-AC with gas boiler
2069,40,primary_school,1,Electricity,PVAV with PFP boxes
2070,25,medium_office,1,NaturalGas,PVAV with gas boiler reheat
2071,104,small_office,1,Electricity,PSZ-AC with electric coil
2072,12,medium_office,1,DistrictHeating,VAV district chilled water with district hot water reheat
2073,8,medium_office,1,NaturalGas,VAV air-cooled chiller with gas boiler reheat
2074,33,warehouse,1,NaturalGas,PSZ-AC with gas coil
2075,32,retail,1,Propane,PSZ-AC with gas coil
2076,22,large_office,1,NaturalGas,VAV chiller with gas boiler reheat
2077,26,retail,0,Electricity,PSZ-HP
2078,9,strip_mall,1,NaturalGas,PVAV with gas heat with electric reheat
2079,36,small_hotel,0,NaturalGas,Residential AC with residential forced air furnace
2080,25,warehouse,1,Electricity,PSZ-AC with electric coil
2081,4,warehouse,0,Electricity,PTAC with electric coil
2082,18,warehouse,0,Electricity,PSZ-HP
2083,22,small_office,1,NaturalGas,PVAV with gas heat with electric reheat
2084,102,warehouse,1,Electricity,PSZ-AC with electric coil
2085,12,large_hotel,0,Electricity,PTAC with electric coil
2086,22,grocery,1,NaturalGas,PSZ-AC with gas coil
2087,29,large_hotel,0,Electricity,PTAC with electric coil
2088,20,secondary_school,0,NaturalGas,PSZ-AC with gas coil
2089,10,primary_school,0,NaturalGas,PVAV with gas boiler reheat
2090,24,full_service_restaurant,0,Electricity,PSZ-HP
2091,24,retail,0,Electricity,PSZ-HP
2092,47,full_service_restaurant,0,NaturalGas,PSZ-AC with gas coil
2093,26,quick_service_restaurant,0,Electricity,PSZ-AC with electric coil
2094,100,small_office,0,Electricity,PTAC with electric coil
2095,104,strip_mall,0,Electricity,PSZ-HP
2096,16,large_hotel,0,Electricity,PTAC with electric coil
2097,15,retail,0,FuelOil,PSZ-AC with gas coil
2098,39,full_service_restaurant,1,Electricity,PSZ-AC with electric coil
2099,39,large_office,1,NaturalGas,VAV chiller with gas boiler reheat
2100,39,primary_school,0,NaturalGas,PSZ-AC with gas coil
2101,13,outpatient,0,NaturalGas,PSZ-AC with gas coil
2102,42,small_hotel,0,Electricity,PTAC with electric coil
2103,47,warehouse,0,Propane,PSZ-AC with gas coil
2104,15,small_office,0,Electricity,PSZ-HP
2105,49,warehouse,1,NaturalGas,PSZ-AC with gas coil
2106,49,small_office,0,Electricity,PSZ-HP
2107,31,full_service_restaurant,0,Propane,PSZ-AC with gas coil
2108,14,retail,0,NaturalGas,Residential AC with residential forced air furnace
2109,29,primary_school,1,NaturalGas,PVAV with gas boiler reheat
2110,30,primary_school,1,NaturalGas,PVAV with gas boiler reheat
2111,103,medium_office,1,NaturalGas,PVAV with gas boiler reheat
2112,25,strip_mall,2,NaturalGas,PSZ-AC with gas coil
2113,105,grocery,1,NaturalGas,PSZ-AC with gas coil
2114,6,medium_office,1,Electricity,PSZ-AC with electric coil
2115,31,small_office,1,NaturalGas,PSZ-AC with gas coil
2116,109,retail,0,Electricity,PSZ-AC with electric coil
2117,7,warehouse,0,Electricity,PTAC with electric coil
2118,22,secondary_school,0,Electricity,PSZ-AC with electric coil
2119,39,primary_school,1,Electricity,PVAV with PFP boxes
2120,30,retail,1,FuelOil,PSZ-AC with gas coil
2121,30,medium_office,1,Electricity,PVAV with PFP boxes
2122,45,quick_service_restaurant,0,NaturalGas,PSZ-AC with gas coil
2123,27,small_office,0,Electricity,PTHP
2124,9,primary_school,1,Electricity,DOAS with water source heat pumps with ground source heat pump
2125,103,warehouse,0,Electricity,PTAC with electric coil
2126,103,small_office,0,Electricity,PSZ-HP
2127,5,secondary_school,1,Electricity,PTHP
2128,107,medium_office,0,NaturalGas,PVAV with gas boiler reheat
2129,13,secondary_school,0,NaturalGas,PSZ-AC with gas boiler
2130,29,warehouse,0,Propane,PSZ-AC with gas coil
2131,109,quick_service_restaurant,0,Electricity,PSZ-AC with electric coil
2132,5,strip_mall,1,NaturalGas,PSZ-AC with gas coil
2133,7,retail,1,Electricity,PSZ-AC with electric coil
2134,9,quick_service_restaurant,0,Electricity,PTAC with electric coil
2135,38,warehouse,1,Electricity,PSZ-AC with electric coil
2136,28,full_service_restaurant,0,Electricity,PSZ-AC with electric coil
2137,2,warehouse,0,Electricity,PTHP
2138,6,retail,0,Propane,PSZ-AC with gas coil
2139,28,full_service_restaurant,1,NaturalGas,PSZ-AC with gas coil
2140,26,secondary_school,0,NaturalGas,VAV air-cooled chiller with gas boiler reheat
2141,104,medium_office,0,NaturalGas,PSZ-AC with gas coil
2142,38,full_service_restaurant,1,NaturalGas,PSZ-AC with gas coil
2143,10,warehouse,1,FuelOil,PVAV with gas boiler reheat
2144,11,retail,0,Electricity,PTAC with electric coil
2145,6,quick_service_restaurant,0,Electricity,PSZ-HP
2146,29,warehouse,0,Electricity,PTHP
2147,38,small_office,1,NaturalGas,Residential AC with residential forced air furnace
2148,10,small_hotel,0,Electricity,PTHP
2149,39,grocery,1,Electricity,PSZ-AC with electric coil
2150,17,small_office,1,Electricity,PVAV with PFP boxes
2151,10,small_office,1,NaturalGas,Residential AC with residential forced air furnace
2152,103,strip_mall,0,Electricity,PSZ-HP
2153,40,medium_office,1,NaturalGas,PVAV with gas heat with electric reheat
2154,27,retail,0,Electricity,PSZ-HP
2155,1,full_service_restaurant,0,NaturalGas,PSZ-AC with gas coil
2156,2,strip_mall,1,NaturalGas,PSZ-AC with gas coil
2157,30,small_office,1,Electricity,PSZ-HP
2158,17,retail,0,Electricity,PTAC with electric coil
2159,22,secondary_school,0,NaturalGas,PSZ-AC with gas boiler
2160,10,full_service_restaurant,1,DistrictHeating,VAV district chilled water with district hot water reheat
2161,31,strip_mall,0,Electricity,PSZ-HP
2162,32,small_office,0,Propane,Residential AC with residential forced air furnace
2163,20,warehouse,0,Electricity,PSZ-HP
2164,10,strip_mall,1,NaturalGas,PVAV with gas heat with electric reheat
2165,103,strip_mall,2,NaturalGas,PSZ-AC with gas coil
2166,29,small_office,1,NaturalGas,Residential AC with residential forced air furnace
2167,107,medium_office,1,Electricity,PVAV with PFP boxes
2168,27,retail,1,Electricity,PSZ-AC with electric coil
2169,19,medium_office,0,NaturalGas,PSZ-AC with gas boiler
2170,104,warehouse,1,NaturalGas,PVAV with gas boiler reheat
2171,47,small_office,0,NaturalGas,Residential AC with residential forced air furnace
2172,11,small_office,0,Electricity,PTAC with electric coil
2173,9,outpatient,0,Electricity,PSZ-AC with electric coil
2174,2,full_service_restaurant,1,NaturalGas,PSZ-AC with gas coil
2175,5,medium_office,1,Electricity,PSZ-HP
2176,29,medium_office,1,NaturalGas,VAV air-cooled chiller with gas boiler reheat
2177,29,small_office,0,FuelOil,Residential AC with residential forced air furnace
2178,47,warehouse,0,FuelOil,Residential AC with residential forced air furnace
2179,19,large_office,1,Electricity,VAV chiller with PFP boxes
2180,109,small_hotel,0,NaturalGas,Residential AC with residential forced air furnace
2181,36,small_hotel,0,Electricity,PTHP
2182,27,retail,0,NaturalGas,Residential AC with residential forced air furnace
2183,108,small_office,1,NaturalGas,PSZ-AC with gas coil
2184,13,medium_office,0,NaturalGas,PSZ-AC with gas coil
2185,36,warehouse,0,Electricity,PSZ-HP
2186,107,grocery,1,NaturalGas,PSZ-AC with gas coil
2187,37,strip_mall,2,Electricity,PVAV with PFP boxes
2188,100,full_service_restaurant,0,Electricity,PSZ-AC with electric coil
2189,37,small_office,1,NaturalGas,PSZ-AC with gas coil
2190,47,full_service_restaurant,0,Electricity,PSZ-AC with electric coil
2191,105,small_hotel,0,Electricity,PTAC with electric coil
2192,48,warehouse,0,Electricity,PSZ-HP
2193,15,secondary_school,0,NaturalGas,PSZ-AC with gas coil
2194,18,medium_office,1,NaturalGas,PVAV with gas heat with electric reheat
2195,23,large_hotel,0,Propane,DOAS with water source heat pumps cooling tower with boiler
2196,106,strip_mall,2,NaturalGas,PSZ-AC with gas coil
2197,3,small_office,0,NaturalGas,Residential AC with residential forced air furnace
2198,40,grocery,1,NaturalGas,PSZ-AC with gas coil
2199,26,primary_school,1,NaturalGas,VAV air-cooled chiller with gas boiler reheat
2200,108,warehouse,1,Electricity,PSZ-AC with electric coil
2201,29,warehouse,0,Electricity,PTAC with electric coil
2202,18,medium_office,0,Electricity,PVAV with PFP boxes
2203,43,small_office,0,NaturalGas,Residential AC with residential forced air furnace
2204,40,small_hotel,0,Electricity,PTHP
2205,3,full_service_restaurant,0,Propane,PSZ-AC with gas coil
2206,28,medium_office,0,NaturalGas,PSZ-AC with gas coil
2207,107,large_hotel,0,Electricity,PTAC with electric coil
2208,9,small_office,1,NaturalGas,PVAV with gas heat with electric reheat
2209,38,warehouse,1,NaturalGas,PVAV with gas boiler reheat
2210,104,strip_mall,2,NaturalGas,PSZ-AC with gas coil
2211,16,retail,0,Electricity,PTAC with electric coil
2212,104,small_hotel,0,Electricity,PTAC with electric coil
2213,44,retail,0,Electricity,PSZ-HP
2214,40,medium_office,1,NaturalGas,PSZ-AC with gas coil
2215,105,medium_office,1,NaturalGas,PVAV with gas heat with electric reheat
2216,30,warehouse,0,Electricity,PTHP
2217,1,warehouse,0,Electricity,PSZ-HP
2218,107,full_service_restaurant,0,Electricity,PSZ-HP
2219,107,secondary_school,0,NaturalGas,PSZ-AC with gas coil
2220,43,retail,0,Propane,PSZ-AC with gas coil
2221,30,medium_office,1,NaturalGas,VAV air-cooled chiller with gas boiler reheat
2222,0,primary_school,1,Electricity,PVAV with PFP boxes
2223,29,medium_office,1,NaturalGas,PVAV with gas heat with electric reheat
2224,46,small_office,0,NaturalGas,Residential AC with residential forced air furnace
2225,38,medium_office,0,Electricity,PSZ-AC with electric coil
2226,26,warehouse,0,FuelOil,PSZ-AC with gas coil
2227,18,full_service_restaurant,0,Electricity,PSZ-AC with electric coil
2228,27,warehouse,0,Electricity,PSZ-HP
2229,105,primary_school,0,NaturalGas,PSZ-AC with gas coil
2230,31,small_office,0,Propane,PSZ-AC with gas coil
2231,10,full_service_restaurant,1,NaturalGas,PSZ-AC with gas coil
2232,18,large_hotel,0,NaturalGas,PTAC with gas boiler
2233,14,warehouse,0,Electricity,PTHP
2234,39,small_hotel,0,NaturalGas,Residential AC with residential forced air furnace
2235,12,warehouse,1,NaturalGas,PVAV with gas boiler reheat
2236,21,small_office,0,Propane,Residential AC with residential forced air furnace
2237,8,medium_office,0,Electricity,PVAV with PFP boxes
2238,10,retail,1,Propane,PSZ-AC with gas coil
2239,13,warehouse,1,NaturalGas,PVAV with gas heat with electric reheat
2240,30,warehouse,0,Electricity,PTAC with electric coil
2241,4,large_office,1,NaturalGas,VAV chiller with gas boiler reheat
2242,35,retail,1,NaturalGas,PSZ-AC with gas coil
2243,30,medium_office,1,NaturalGas,PVAV with gas heat with electric reheat
2244,10,large_office,1,Electricity,VAV chiller with PFP boxes
2245,101,large_office,0,NaturalGas,VAV chiller with gas boiler reheat
2246,32,medium_office,1,Electricity,PVAV with PFP boxes
2247,3,full_service_restaurant,0,NaturalGas,PSZ-AC with gas coil
2248,48,full_service_restaurant,0,Electricity,PSZ-AC with electric coil
2249,29,warehouse,0,FuelOil,Residential AC with residential forced air furnace
2250,22,warehouse,0,Propane,PSZ-AC with gas coil
2251,13,small_office,1,NaturalGas,Residential AC with residential forced air furnace
2252,4,small_office,0,Electricity,PTHP
2253,7,small_office,0,Electricity,PTAC with electric coil
2254,18,large_hotel,0,Electricity,PTAC with electric coil
2255,37,strip_mall,1,NaturalGas,PSZ-AC with gas coil
2256,33,small_office,1,NaturalGas,PVAV with gas boiler reheat
2257,27,strip_mall,1,NaturalGas,PSZ-AC with gas coil
2258,26,grocery,0,NaturalGas,PSZ-AC with gas coil
2259,19,secondary_school,1,NaturalGas,VAV air-cooled chiller with gas boiler reheat
2260,44,retail,0,Electricity,PTHP
2261,20,warehouse,1,NaturalGas,PVAV with gas boiler reheat
2262,24,strip_mall,1,NaturalGas,PSZ-AC with gas coil
2263,108,retail,1,Electricity,PSZ-AC with electric coil
2264,20,primary_school,0,NaturalGas,PSZ-AC with gas coil
2265,29,small_office,1,Electricity,PSZ-HP
2266,17,medium_office,0,Electricity,PVAV with PFP boxes
2267,39,retail,0,FuelOil,PSZ-AC with gas coil
2268,22,full_service_restaurant,1,Propane,PSZ-AC with gas coil
2269,13,strip_mall,1,NaturalGas,PVAV with gas heat with electric reheat
2270,34,small_office,0,Electricity,PSZ-HP
2271,4,secondary_school,0,NaturalGas,PSZ-AC with gas coil
2272,109,warehouse,0,Electricity,PSZ-HP
2273,102,medium_office,1,Electricity,PVAV with PFP boxes
2274,13,small_office,1,Electricity,PSZ-HP
2275,0,secondary_school,0,NaturalGas,PSZ-AC with gas coil
2276,19,warehouse,1,Electricity,PVAV with PFP boxes
2277,36,warehouse,1,NaturalGas,PVAV with gas boiler reheat
2278,27,small_office,1,NaturalGas,PVAV with gas boiler reheat
2279,40,small_office,1,NaturalGas,Residential AC with residential forced air furnace
2280,25,large_office,0,Electricity,PVAV with PFP boxes
2281,30,small_office,1,NaturalGas,Residential AC with residential forced air furnace
2282,102,medium_office,1,NaturalGas,PVAV with gas heat with electric reheat
2283,5,large_office,0,DistrictHeating,VAV district chilled water with district hot water reheat
2284,0,medium_office,1,Electricity,PVAV with PFP boxes
2285,8,large_hotel,0,NaturalGas,PTAC with gas coil
2286,27,strip_mall,0,Electricity,PSZ-AC with electric coil
2287,30,quick_service_restaurant,0,Electricity,PSZ-HP
2288,19,small_hotel,0,NaturalGas,PTAC with gas boiler
2289,108,retail,0,Electricity,PSZ-HP
2290,105,medium_office,1,Electricity,PVAV with PFP boxes
2291,48,small_hotel,0,Electricity,PTAC with electric coil
2292,9,secondary_school,0,Electricity,PSZ-AC with electric coil
2293,10,medium_office,0,NaturalGas,PSZ-AC with gas boiler
2294,9,grocery,0,Electricity,PSZ-AC with electric coil
2295,0,large_hotel,0,Electricity,PTHP
2296,105,large_hotel,0,Electricity,PTAC with electric coil
2297,16,strip_mall,0,NaturalGas,Residential AC with residential forced air furnace
2298,36,small_office,1,Electricity,PVAV with PFP boxes
2299,48,retail,0,Electricity,PSZ-HP
2300,10,retail,0,Electricity,PTAC with electric coil
2301,21,small_office,0,Propane,PSZ-AC with gas coil
2302,24,full_service_restaurant,1,Propane,PSZ-AC with gas coil
2303,7,small_office,0,NaturalGas,Residential AC with residential forced air furnace
2304,13,small_hotel,0,NaturalGas,Residential AC with residential forced air furnace
2305,36,grocery,0,NaturalGas,PSZ-AC with gas coil
2306,29,retail,0,Electricity,PTHP
2307,19,strip_mall,2,NaturalGas,PVAV with gas heat with electric reheat
2308,107,small_office,1,NaturalGas,PVAV with gas boiler reheat
2309,102,small_office,1,NaturalGas,PVAV with gas boiler reheat
2310,8,large_hotel,0,NaturalGas,DOAS with water source heat pumps cooling tower with boiler
2311,13,secondary_school,0,Electricity,PTHP
2312,8,retail,1,Propane,PSZ-AC with gas coil
2313,26,secondary_school,0,NaturalGas,PVAV with gas heat with electric reheat
2314,12,grocery,1,Electricity,PSZ-AC with electric coil
2315,39,large_office,0,Electricity,PVAV with PFP boxes
2316,32,medium_office,0,Electricity,PSZ-AC with electric coil
2317,29,secondary_school,0,NaturalGas,PTAC with gas boiler
2318,43,small_office,0,Electricity,PTHP
2319,19,grocery,1,Electricity,PSZ-AC with electric coil
2320,17,large_hotel,0,Electricity,PTHP
2321,20,full_service_restaurant,1,Propane,PSZ-AC with gas coil
2322,39,warehouse,0,NaturalGas,Residential AC with residential forced air furnace
2323,0,large_hotel,0,NaturalGas,PTAC with gas boiler
2324,105,medium_office,1,NaturalGas,PSZ-AC with gas coil
2325,49,full_service_restaurant,0,Electricity,PSZ-HP
2326,26,small_office,0,Electricity,PSZ-AC with electric coil
2327,19,large_office,0,NaturalGas,PVAV with gas boiler reheat
2328,5,outpatient,0,Electricity,PSZ-AC with electric coil
2329,26,retail,1,Electricity,PSZ-AC with electric coil
2330,26,medium_office,0,NaturalGas,PSZ-AC with gas coil
2331,39,large_office,1,Electricity,VAV chiller with PFP boxes
2332,21,full_service_restaurant,0,NaturalGas,PSZ-AC with gas coil
2333,8,medium_office,1,NaturalGas,PVAV with gas boiler reheat
2334,30,medium_office,0,Electricity,PVAV with PFP boxes
2335,11,warehouse,0,Electricity,PTHP
2336,40,primary_school,1,Electricity,DOAS with water source heat pumps with ground source heat pump
2337,9,warehouse,0,Propane,PSZ-AC with gas coil
2338,42,small_office,0,Propane,PSZ-AC with gas coil
2339,10,retail,0,NaturalGas,Residential AC with residential forced air furnace
2340,102,small_hotel,0,Electricity,PTAC with electric coil
2341,6,warehouse,0,NaturalGas,Residential AC with residential forced air furnace
2342,23,small_hotel,0,Electricity,PTAC with electric coil
2343,106,medium_office,1,NaturalGas,PVAV with gas boiler reheat
2344,19,medium_office,1,NaturalGas,DOAS with water source heat pumps cooling tower with boiler
2345,46,small_office,0,Electricity,PTHP
2346,18,retail,0,Electricity,PTHP
2347,38,large_hotel,0,Electricity,PTHP
2348,33,large_hotel,0,NaturalGas,PTAC with gas boiler
2349,16,small_hotel,0,Electricity,PTHP
2350,30,grocery,0,NaturalGas,PSZ-AC with gas coil
2351,19,quick_service_restaurant,0,FuelOil,PSZ-AC with gas coil
2352,108,small_office,1,Electricity,PVAV with PFP boxes
2353,5,warehouse,1,NaturalGas,PSZ-AC with gas coil
2354,25,medium_office,1,NaturalGas,PSZ-AC with gas coil
2355,13,large_hotel,0,NaturalGas,PTAC with gas boiler
2356,106,small_office,0,Electricity,PTAC with electric coil
2357,13,quick_service_restaurant,0,Propane,PSZ-AC with gas coil
2358,5,small_office,0,Propane,PSZ-AC with gas coil
2359,47,small_office,0,Electricity,PTHP
2360,33,small_office,1,Electricity,PSZ-AC with electric coil
2361,42,strip_mall,0,NaturalGas,Residential AC with residential forced air furnace
2362,19,medium_office,1,NaturalGas,PSZ-AC with gas coil
2363,33,large_hotel,0,NaturalGas,PTAC with gas coil
2364,102,warehouse,1,NaturalGas,PSZ-AC with gas coil
2365,48,medium_office,0,Electricity,PVAV with PFP boxes
2366,15,full_service_restaurant,0,Electricity,PSZ-HP
2367,34,warehouse,0,Propane,Residential AC with residential forced air furnace
2368,20,warehouse,0,Electricity,PTHP
2369,21,small_office,0,Electricity,PSZ-AC with electric coil
2370,13,large_hotel,0,Electricity,PTHP
2371,39,secondary_school,0,Electricity,PTHP
2372,47,warehouse,0,NaturalGas,Residential AC with residential forced air furnace
2373,100,small_office,0,Propane,PSZ-AC with gas coil
2374,17,medium_office,0,NaturalGas,PSZ-AC with gas coil
2375,108,strip_mall,1,NaturalGas,PSZ-AC with gas coil
2376,13,large_office,1,NaturalGas,VAV chiller with gas boiler reheat
2377,39,medium_office,1,NaturalGas,PVAV with gas heat with electric reheat
2378,12,outpatient,0,NaturalGas,PSZ-AC with gas coil
2379,47,strip_mall,0,FuelOil,PSZ-AC with gas coil
2380,19,secondary_school,1,NaturalGas,PVAV with gas boiler reheat
2381,109,small_office,0,NaturalGas,Residential AC with residential forced air furnace
2382,24,small_office,1,NaturalGas,PSZ-AC with gas coil
2383,36,warehouse,1,NaturalGas,PVAV with gas heat with electric reheat
2384,17,small_office,0,Propane,PSZ-AC with gas coil
2385,100,quick_service_restaurant,0,NaturalGas,PSZ-AC with gas coil
2386,25,warehouse,0,FuelOil,PSZ-AC with gas coil
2387,24,small_office,1,Electricity,PSZ-AC with electric coil
2388,37,medium_office,0,Electricity,PSZ-AC with electric coil
2389,100,small_office,0,Electricity,PTHP
2390,48,secondary_school,0,NaturalGas,PSZ-AC with gas coil
2391,11,small_office,0,Propane,PSZ-AC with gas coil
2392,17,warehouse,0,Electricity,PTHP
2393,28,retail,0,FuelOil,PSZ-AC with gas coil
2394,4,large_hotel,0,NaturalGas,PTAC with gas coil
2395,34,retail,0,Electricity,PSZ-AC with electric coil
2396,106,retail,0,Electricity,PSZ-HP
2397,24,primary_school,0,FuelOil,PVAV with gas boiler reheat
2398,35,small_office,0,Propane,Residential AC with residential forced air furnace
2399,22,primary_school,1,NaturalGas,PVAV with gas heat with electric reheat
2400,17,primary_school,0,NaturalGas,PSZ-AC with gas coil
2401,9,small_office,1,NaturalGas,Residential AC with residential forced air furnace
2402,31,quick_service_restaurant,0,Electricity,PSZ-AC with electric coil
2403,20,small_office,0,Electricity,PTHP
2404,25,retail,1,Propane,PSZ-AC with gas coil
2405,106,warehouse,0,NaturalGas,Residential AC with residential forced air furnace
2406,100,small_hotel,0,Electricity,PTAC with electric coil
2407,18,grocery,1,NaturalGas,PSZ-AC with gas coil
2408,7,full_service_restaurant,0,NaturalGas,PSZ-AC with gas coil
2409,30,small_hotel,0,Electricity,PTHP
2410,42,retail,1,NaturalGas,PSZ-AC with gas coil
2411,19,outpatient,1,NaturalGas,PSZ-AC with gas coil
2412,43,strip_mall,0,Electricity,PSZ-AC with electric coil
2413,29,medium_office,0,Electricity,PVAV with PFP boxes
2414,36,retail,1,FuelOil,PSZ-AC with gas coil
2415,9,large_office,0,Electricity,VAV chiller with PFP boxes
2416,48,medium_office,0,FuelOil,PSZ-AC with gas coil
2417,3,small_office,0,Propane,PSZ-AC with gas coil
2418,18,medium_office,1,Electricity,VAV chiller with PFP boxes
2419,25,warehouse,0,Electricity,PTHP
2420,48,warehouse,1,NaturalGas,PVAV with gas boiler reheat
2421,8,strip_mall,2,NaturalGas,PVAV with gas heat with electric reheat
2422,18,primary_school,1,NaturalGas,PSZ-AC with gas boiler
2423,5,strip_mall,2,NaturalGas,PSZ-AC with gas coil
2424,0,small_office,0,Propane,Residential AC with residential forced air furnace
2425,26,medium_office,0,NaturalGas,PVAV with gas boiler reheat
2426,23,warehouse,0,NaturalGas,Residential AC with residential forced air furnace
2427,30,primary_school,1,NaturalGas,PSZ-AC with gas boiler
2428,38,strip_mall,2,NaturalGas,PSZ-AC with gas coil
2429,13,grocery,0,NaturalGas,PSZ-AC with gas coil
2430,14,warehouse,0,Electricity,PTAC with electric coil
2431,0,warehouse,1,Electricity,PSZ-AC with electric coil
2432,9,secondary_school,0,Electricity,PTHP
2433,107,small_office,1,Electricity,PSZ-HP
2434,0,small_hotel,0,NaturalGas,Residential AC with residential forced air furnace
2435,8,medium_office,1,Electricity,VAV chiller with PFP boxes
2436,40,medium_office,1,NaturalGas,VAV air-cooled chiller with gas boiler reheat
2437,27,warehouse,0,Electricity,PTHP
2438,48,warehouse,0,Propane,PSZ-AC with gas coil
2439,28,small_office,1,NaturalGas,Residential AC with residential forced air furnace
2440,13,strip_mall,2,NaturalGas,PVAV with gas heat with electric reheat
2441,33,warehouse,1,NaturalGas,PVAV with gas heat with electric reheat
2442,4,medium_office,1,NaturalGas,VAV chiller with gas boiler reheat
2443,101,warehouse,0,NaturalGas,Residential AC with residential forced air furnace
2444,12,medium_office,0,Electricity,PSZ-AC with electric coil
2445,13,medium_office,1,NaturalGas,PSZ-AC with gas coil
2446,10,small_office,1,FuelOil,PVAV with gas heat with electric reheat
2447,20,small_hotel,0,Electricity,PTAC with electric coil
2448,9,medium_office,0,Electricity,PSZ-HP
2449,106,grocery,1,NaturalGas,PSZ-AC with gas coil
2450,16,quick_service_restaurant,0,Electricity,PSZ-HP
2451,20,retail,0,Electricity,PTAC with electric coil
2452,38,retail,1,Propane,PSZ-AC with gas coil
2453,10,small_hotel,0,NaturalGas,Residential AC with residential forced air furnace
2454,49,small_office,1,NaturalGas,PVAV with gas boiler reheat
2455,25,large_hotel,0,NaturalGas,PTAC with gas boiler
2456,13,warehouse,1,Electricity,PVAV with PFP boxes
2457,22,quick_service_restaurant,0,NaturalGas,Residential AC with residential forced air furnace
2458,36,grocery,1,NaturalGas,PSZ-AC with gas coil
2459,101,small_hotel,0,Electricity,PTHP
2460,9,outpatient,0,Electricity,PSZ-HP
2461,48,medium_office,1,NaturalGas,PSZ-AC with gas coil
2462,29,primary_school,1,NaturalGas,PSZ-AC with gas boiler
2463,49,retail,0,NaturalGas,Residential AC with residential forced air furnace
2464,30,strip_mall,2,Electricity,PVAV with PFP boxes
2465,21,warehouse,0,Propane,Residential AC with residential forced air furnace
2466,25,medium_office,1,NaturalGas,VAV chiller with gas boiler reheat
2467,40,large_office,1,NaturalGas,VAV chiller with gas boiler reheat
2468,0,full_service_restaurant,1,Propane,PSZ-AC with gas coil
2469,4,medium_office,1,NaturalGas,PVAV with gas heat with electric reheat
2470,18,retail,1,Propane,PSZ-AC with gas coil
2471,17,grocery,0,NaturalGas,PSZ-AC with gas coil
2472,0,small_office,1,NaturalGas,PVAV with gas boiler reheat
2473,21,retail,0,NaturalGas,PSZ-AC with gas coil
2474,102,medium_office,1,NaturalGas,PSZ-AC with gas coil
2475,101,retail,0,Electricity,PSZ-HP
2476,104,primary_school,0,NaturalGas,PSZ-AC with gas coil
2477,5,secondary_school,0,Electricity,DOAS with water source heat pumps with ground source heat pump
2478,10,large_office,0,Electricity,VAV chiller with PFP boxes
2479,34,strip_mall,1,NaturalGas,PSZ-AC with gas coil
2480,10,large_hotel,0,NaturalGas,PTAC with gas coil
2481,13,primary_school,1,Electricity,PVAV with PFP boxes
2482,107,warehouse,1,NaturalGas,PVAV with gas boiler reheat
2483,38,small_office,0,FuelOil,PSZ-AC with gas coil
2484,103,large_hotel,0,Electricity,PTAC with electric coil
2485,26,small_hotel,0,Propane,Residential AC with residential forced air furnace
2486,14,small_office,0,Electricity,PSZ-HP
2487,102,large_hotel,0,Electricity,PTAC with electric coil
2488,107,small_hotel,0,Electricity,PTAC with electric coil
2489,40,primary_school,1,NaturalGas,PSZ-AC with gas coil
2490,25,medium_office,0,NaturalGas,DOAS with fan coil chiller with boiler
2491,108,warehouse,0,Propane,PSZ-AC with gas coil
2492,28,medium_office,1,DistrictHeating,VAV district chilled water with district hot water reheat
2493,17,small_office,0,FuelOil,PSZ-AC with gas coil
2494,40,grocery,0,Electricity,PSZ-AC with electric coil
2495,5,large_hotel,1,Electricity,DOAS with fan coil chiller with baseboard electric
2496,101,medium_office,1,Electricity,PVAV with PFP boxes
2497,22,secondary_school,0,Electricity,PTHP
2498,39,medium_office,1,NaturalGas,PSZ-AC with gas coil
2499,100,small_office,1,NaturalGas,PSZ-AC with gas coil
2500,109,small_office,0,Electricity,PSZ-HP
2501,21,retail,0,Propane,Residential AC with residential forced air furnace
2502,7,small_hotel,0,Electricity,PTAC with electric coil
2503,8,strip_mall,1,NaturalGas,PVAV with gas heat with electric reheat
2504,103,retail,0,Electricity,PSZ-HP
2505,107,medium_office,1,NaturalGas,PVAV with gas heat with electric reheat
2506,40,strip_mall,1,NaturalGas,PVAV with gas heat with electric reheat
2507,5,retail,1,Propane,PSZ-AC with gas coil
2508,13,quick_service_restaurant,0,NaturalGas,Residential AC with residential forced air furnace
2509,27,medium_office,0,Electricity,PSZ-AC with electric coil
2510,29,retail,1,FuelOil,PSZ-AC with gas coil
2511,108,small_hotel,0,NaturalGas,Residential AC with residential forced air furnace
2512,8,primary_school,1,Electricity,PVAV with PFP boxes
2513,19,quick_service_restaurant,0,Propane,PSZ-AC with gas coil
2514,46,small_office,0,Electricity,PSZ-AC with electric coil
2515,38,medium_office,1,Electricity,PVAV with PFP boxes
2516,25,large_office,0,DistrictHeating,VAV district chilled water with district hot water reheat
2517,48,large_office,0,Electricity,VAV chiller with PFP boxes
2518,105,small_office,1,Electricity,PSZ-HP
2519,30,warehouse,1,Electricity,PVAV with PFP boxes
2520,4,warehouse,0,Electricity,PTHP
2521,15,retail,0,Electricity,PSZ-HP
2522,19,strip_mall,1,NaturalGas,Residential AC with residential forced air furnace
2523,18,warehouse,0,Electricity,PTHP
2524,34,quick_service_restaurant,0,Electricity,PSZ-AC with electric coil
2525,108,small_office,1,Electricity,PSZ-AC with electric coil
2526,25,medium_office,1,Electricity,PSZ-AC with electric coil
2527,33,small_hotel,0,Electricity,PTHP
2528,27,medium_office,1,Electricity,PVAV with PFP boxes
2529,42,full_service_restaurant,0,Electricity,PSZ-AC with electric coil
2530,32,full_service_restaurant,1,NaturalGas,PSZ-AC with gas coil
2531,36,medium_office,1,NaturalGas,VAV air-cooled chiller with gas boiler reheat
2532,26,small_hotel,0,NaturalGas,Residential AC with residential forced air furnace
2533,35,warehouse,0,Electricity,PSZ-AC with electric coil
2534,9,primary_school,0,NaturalGas,PSZ-AC with gas coil
2535,39,grocery,0,NaturalGas,PSZ-AC with gas coil
2536,32,small_hotel,0,Electricity,PTHP
2537,36,secondary_school,0,NaturalGas,PSZ-AC with gas boiler
2538,102,retail,0,Electricity,PTHP
2539,0,large_hotel,0,NaturalGas,PTAC with gas coil
2540,13,primary_school,1,NaturalGas,PVAV with gas boiler reheat
2541,106,small_office,1,Electricity,PVAV with PFP boxes
2542,25,retail,0,Electricity,PTAC with electric coil
2543,2,small_office,1,Electricity,PSZ-AC with electric coil
2544,23,small_hotel,0,Propane,Residential AC with residential forced air furnace
2545,10,medium_office,1,NaturalGas,PSZ-AC with gas coil
2546,28,full_service_restaurant,0,Propane,PSZ-AC with gas coil
2547,13,small_hotel,0,Electricity,PTHP
2548,9,primary_school,1,NaturalGas,DOAS with fan coil air-cooled chiller with boiler
2549,19,secondary_school,1,NaturalGas,VAV chiller with gas boiler reheat
2550,14,retail,0,Electricity,PSZ-AC with electric coil
2551,10,large_office,1,NaturalGas,VAV chiller with gas boiler reheat
2552,19,large_office,0,NaturalGas,VAV chiller with gas boiler reheat
2553,107,small_hotel,0,Propane,Residential AC with residential forced air furnace
2554,4,strip_mall,2,Electricity,PVAV with PFP boxes
2555,26,large_hotel,0,NaturalGas,PTAC with gas boiler
2556,36,medium_office,1,NaturalGas,PVAV with gas heat with electric reheat
2557,25,large_hotel,0,Electricity,PTAC with electric coil
2558,104,full_service_restaurant,1,NaturalGas,PSZ-AC with gas coil
2559,43,small_office,0,Electricity,PSZ-AC with electric coil
2560,31,full_service_restaurant,0,Electricity,PSZ-AC with electric coil
2561,36,small_office,1,NaturalGas,Residential AC with residential forced air furnace
2562,31,small_hotel,0,Electricity,PTAC with electric coil
2563,17,small_hotel,0,Electricity,PTHP
2564,9,primary_school,1,NaturalGas,VAV air-cooled chiller with gas boiler reheat
2565,8,small_office,1,NaturalGas,PVAV with gas heat with electric reheat
2566,30,large_office,0,DistrictHeating,VAV district chilled water with district hot water reheat
2567,26,grocery,1,NaturalGas,PSZ-AC with gas coil
2568,106,retail,1,Electricity,PSZ-AC with electric coil
2569,101,large_hotel,0,NaturalGas,PTAC with gas boiler
2570,8,large_hotel,0,Electricity,PTHP
2571,16,small_office,1,NaturalGas,PVAV with gas boiler reheat
2572,3,strip_mall,0,NaturalGas,Residential AC with residential forced air furnace
2573,32,grocery,1,Electricity,PSZ-AC with electric coil
2574,106,small_office,0,Electricity,PTHP
2575,46,strip_mall,0,Electricity,PSZ-AC with electric coil
2576,101,retail,1,Electricity,PSZ-AC with electric coil
2577,11,strip_mall,1,NaturalGas,PSZ-AC with gas coil
2578,5,outpatient,1,Electricity,PSZ-AC with electric coil
2579,101,strip_mall,2,NaturalGas,PSZ-AC with gas coil
2580,4,full_service_restaurant,1,Electricity,PSZ-AC with electric coil
2581,105,retail,0,Electricity,PTHP
2582,101,grocery,0,NaturalGas,PSZ-AC with gas coil
2583,12,small_office,1,NaturalGas,Residential AC with residential forced air furnace
2584,39,small_office,1,NaturalGas,PVAV with gas boiler reheat
2585,38,warehouse,1,Electricity,PVAV with PFP boxes
2586,19,hospital,1,NaturalGas,VAV chiller with gas boiler reheat
2587,33,warehouse,0,Propane,PSZ-AC with gas coil
2588,13,strip_mall,1,Electricity,PSZ-AC with electric coil
2589,104,medium_office,0,NaturalGas,PVAV with gas boiler reheat
2590,36,large_hotel,0,NaturalGas,PTAC with gas boiler
2591,4,small_hotel,0,NaturalGas,Residential AC with residential forced air furnace
2592,15,small_office,0,Electricity,PTHP
2593,105,small_office,1,NaturalGas,PVAV with gas heat with electric reheat
2594,101,medium_office,1,NaturalGas,PVAV with gas heat with electric reheat
2595,15,large_hotel,0,NaturalGas,PTAC with gas coil
2596,8,medium_office,1,NaturalGas,PSZ-AC with gas coil
2597,44,quick_service_restaurant,0,NaturalGas,PSZ-AC with gas coil
2598,26,medium_office,0,Electricity,PSZ-AC with electric coil
2599,47,small_office,0,FuelOil,Residential AC with residential forced air furnace
2600,35,full_service_restaurant,0,Electricity,PSZ-AC with electric coil
2601,30,full_service_restaurant,1,Electricity,PSZ-AC with electric coil
2602,104,retail,0,Electricity,PSZ-HP
2603,21,quick_service_restaurant,0,NaturalGas,PSZ-AC with gas coil
2604,107,quick_service_restaurant,0,Electricity,PSZ-HP
2605,22,grocery,0,NaturalGas,PSZ-AC with gas coil
2606,32,warehouse,1,Electricity,PVAV with PFP boxes
2607,37,primary_school,1,Electricity,PVAV with PFP boxes
2608,40,small_office,1,NaturalGas,PVAV with gas heat with electric reheat
2609,29,large_office,0,DistrictHeating,VAV district chilled water with district hot water reheat
2610,37,retail,1,Propane,PSZ-AC with gas coil
2611,25,strip_mall,1,Electricity,PSZ-AC with electric coil
2612,102,medium_office,0,Electricity,PSZ-AC with electric coil
2613,32,medium_office,0,Electricity,PVAV with PFP boxes
2614,20,small_hotel,0,Propane,Residential AC with residential forced air furnace
2615,37,warehouse,1,Electricity,PVAV with PFP boxes
2616,48,large_hotel,0,NaturalGas,PTAC with gas boiler
2617,102,full_service_restaurant,0,Electricity,PSZ-HP
2618,3,warehouse,0,NaturalGas,Residential AC with residential forced air furnace
2619,37,grocery,1,Electricity,PSZ-AC with electric coil
2620,107,strip_mall,1,Electricity,PSZ-AC with electric coil
2621,0,secondary_school,0,NaturalGas,PSZ-AC with gas boiler
2622,36,retail,0,FuelOil,Residential AC with residential forced air furnace
2623,10,grocery,1,FuelOil,PSZ-AC with gas coil
2624,104,small_hotel,0,Electricity,PTHP
2625,13,medium_office,0,Electricity,PSZ-HP
2626,4,outpatient,0,NaturalGas,PSZ-AC with gas coil
2627,40,medium_office,1,Electricity,VAV chiller with PFP boxes
2628,39,small_office,0,Propane,PSZ-AC with gas coil
2629,28,small_office,0,Electricity,PSZ-AC with electric coil
2630,0,medium_office,1,Electricity,PSZ-AC with electric coil
2631,17,medium_office,0,NaturalGas,PVAV with gas boiler reheat
2632,13,grocery,0,Electricity,PSZ-AC with electric coil
2633,8,small_office,0,Propane,Residential AC with residential forced air furnace
2634,17,secondary_school,0,NaturalGas,PVAV with gas heat with electric reheat
2635,34,small_office,1,NaturalGas,PSZ-AC with gas coil
2636,0,quick_service_restaurant,0,Electricity,PTAC with electric coil
2637,48,large_office,1,Electricity,VAV chiller with PFP boxes
2638,36,quick_service_restaurant,0,Electricity,PSZ-HP
2639,4,quick_service_restaurant,0,Electricity,PSZ-HP
2640,12,full_service_restaurant,0,Propane,PSZ-AC with gas coil
2641,1,strip_mall,0,Electricity,PSZ-AC with electric coil
2642,5,outpatient,0,Electricity,PSZ-HP
2643,38,grocery,0,Electricity,PSZ-AC with electric coil
2644,22,medium_office,0,Electricity,PSZ-HP
2645,9,primary_school,1,NaturalGas,DOAS with water source heat pumps cooling tower with boiler
2646,29,full_service_restaurant,1,Electricity,PSZ-AC with electric coil
2647,103,small_office,0,NaturalGas,Residential AC with residential forced air furnace
2648,5,large_hotel,0,NaturalGas,PTAC with gas boiler
2649,25,grocery,1,NaturalGas,PSZ-AC with gas coil
2650,109,strip_mall,1,NaturalGas,PSZ-AC with gas coil
2651,25,retail,0,NaturalGas,Residential AC with residential forced air furnace
2652,9,large_hotel,1,NaturalGas,DOAS with fan coil chiller with boiler
2653,47,quick_service_restaurant,0,NaturalGas,PSZ-AC with gas coil
2654,24,quick_service_restaurant,0,Propane,PSZ-AC with gas coil
2655,29,strip_mall,2,NaturalGas,PVAV with gas heat with electric reheat
2656,17,medium_office,1,DistrictHeating,VAV district chilled water with district hot water reheat
2657,107,medium_office,1,NaturalGas,PSZ-AC with gas coil
2658,45,small_hotel,0,Electricity,PTAC with electric coil
2659,48,primary_school,1,NaturalGas,PVAV with gas boiler reheat
2660,49,small_office,0,Electricity,PTHP
2661,29,large_office,1,DistrictHeating,VAV chiller with district hot water reheat
2662,40,large_hotel,0,NaturalGas,DOAS with water source heat pumps cooling tower with boiler
2663,0,secondary_school,0,Electricity,PSZ-AC with electric coil
2664,17,large_hotel,0,NaturalGas,PTAC with gas boiler
2665,12,medium_office,0,Electricity,PVAV with PFP boxes
2666,10,quick_service_restaurant,0,Electricity,PSZ-HP
2667,17,grocery,0,Electricity,PSZ-AC with electric coil
2668,107,medium_office,0,Electricity,PSZ-AC with electric coil
2669,20,strip_mall,0,Electricity,PSZ-AC with electric coil
2670,30,grocery,1,NaturalGas,PSZ-AC with gas coil
2671,0,medium_office,0,Electricity,PVAV with PFP boxes
2672,25,full_service_restaurant,1,Electricity,PSZ-AC with electric coil
2673,19,secondary_school,0,NaturalGas,DOAS with fan coil air-cooled chiller with boiler
2674,11,quick_service_restaurant,0,Electricity,PSZ-HP
2675,48,large_office,1,DistrictHeating,VAV district chilled water with district hot water reheat
2676,106,small_hotel,0,NaturalGas,Residential AC with residential forced air furnace
2677,10,medium_office,0,NaturalGas,PVAV with gas boiler reheat
2678,11,quick_service_restaurant,0,Propane,PSZ-AC with gas coil
2679,100,full_service_restaurant,0,FuelOil,PSZ-AC with gas coil
2680,105,small_hotel,0,Electricity,PTHP
2681,20,medium_office,1,Electricity,PSZ-AC with electric coil
2682,17,secondary_school,0,NaturalGas,PTAC with gas boiler
2683,0,outpatient,0,NaturalGas,PSZ-AC with gas coil
2684,41,strip_mall,0,Electricity,PSZ-HP
2685,37,medium_office,0,Electricity,PVAV with PFP boxes
2686,105,medium_office,0,Electricity,PSZ-AC with electric coil
2687,0,small_hotel,0,Propane,Residential AC with residential forced air furnace
2688,11,full_service_restaurant,1,NaturalGas,PSZ-AC with gas coil
2689,25,small_office,0,Propane,PSZ-AC with gas coil
2690,43,full_service_restaurant,0,NaturalGas,PSZ-AC with gas coil
2691,6,large_hotel,1,Electricity,PTAC with electric coil
2692,29,warehouse,1,Electricity,PVAV with PFP boxes
2693,36,primary_school,1,NaturalGas,PVAV with gas boiler reheat
2694,8,small_office,1,NaturalGas,Residential AC with residential forced air furnace
2695,49,medium_office,1,NaturalGas,PVAV with gas boiler reheat
2696,48,small_office,1,Electricity,PSZ-AC with electric coil
2697,48,large_office,0,DistrictHeating,PVAV with district hot water reheat
2698,24,strip_mall,2,NaturalGas,PSZ-AC with gas coil
2699,105,small_office,1,NaturalGas,Residential AC with residential forced air furnace
2700,22,full_service_restaurant,1,Electricity,PSZ-HP
2701,17,medium_office,1,NaturalGas,PVAV with gas boiler reheat
2702,0,grocery,0,Electricity,PSZ-AC with electric coil
2703,33,small_office,1,Electricity,PVAV with PFP boxes
2704,23,small_office,0,Electricity,PSZ-AC with electric coil
2705,2,secondary_school,0,NaturalGas,PSZ-AC with gas coil
2706,11,warehouse,1,NaturalGas,PSZ-AC with gas coil
2707,18,large_hotel,0,NaturalGas,PTAC with gas coil
2708,8,large_office,1,Electricity,VAV chiller with PFP boxes
2709,37,medium_office,1,Electricity,PVAV with PFP boxes
2710,105,strip_mall,1,Electricity,PSZ-AC with electric coil
2711,12,medium_office,1,Electricity,PSZ-AC with electric coil
2712,48,warehouse,1,NaturalGas,PVAV with gas heat with electric reheat
2713,42,strip_mall,0,Electricity,PSZ-HP
2714,30,strip_mall,2,NaturalGas,PVAV with gas heat with electric reheat
2715,101,medium_office,0,Electricity,PSZ-AC with electric coil
2716,29,retail,0,Propane,PSZ-AC with gas coil
2717,102,warehouse,0,NaturalGas,Residential AC with residential forced air furnace
2718,23,warehouse,0,Propane,Residential AC with residential forced air furnace
2719,44,strip_mall,0,Electricity,PSZ-HP
2720,24,small_office,1,Electricity,PVAV with PFP boxes
2721,13,medium_office,1,NaturalGas,PVAV with gas boiler reheat
2722,36,warehouse,0,FuelOil,Residential AC with residential forced air furnace
2723,20,retail,0,Electricity,PTHP
2724,24,quick_service_restaurant,0,FuelOil,PSZ-AC with gas coil
2725,8,grocery,1,NaturalGas,PSZ-AC with gas coil
2726,30,warehouse,1,FuelOil,PSZ-AC with gas coil
2727,10,large_office,0,DistrictHeating,VAV district chilled water with district hot water reheat
2728,17,primary_school,1,NaturalGas,VAV air-cooled chiller with gas boiler reheat
2729,108,retail,0,Electricity,PTHP
2730,19,large_office,0,Electricity,VAV chiller with PFP boxes
2731,6,primary_school,1,Electricity,PVAV with PFP boxes
2732,30,retail,0,Electricity,PTAC with electric coil
2733,14,full_service_restaurant,0,Electricity,PSZ-AC with electric coil
2734,106,full_service_restaurant,1,NaturalGas,PSZ-AC with gas coil
2735,105,secondary_school,0,NaturalGas,PSZ-AC with gas coil
2736,38,medium_office,1,Electricity,PSZ-AC with electric coil
2737,16,small_office,1,Electricity,PSZ-HP
2738,6,small_office,0,NaturalGas,PSZ-AC with gas coil
2739,24,strip_mall,0,FuelOil,Residential AC with residential forced air furnace
2740,26,small_hotel,0,Electricity,PTHP
2741,104,retail,1,Electricity,PSZ-AC with electric coil
2742,46,full_service_restaurant,0,NaturalGas,PSZ-AC with gas coil
2743,11,small_office,1,NaturalGas,PVAV with gas boiler reheat
2744,26,retail,0,Electricity,PTHP
2745,37,small_office,0,Propane,PSZ-AC with gas coil
2746,110,strip_mall,0,NaturalGas,PSZ-AC with gas coil
2747,26,large_hotel,0,Electricity,PTAC with electric coil
2748,15,small_office,1,NaturalGas,PVAV with gas boiler reheat
2749,49,warehouse,0,Electricity,PTAC with electric coil
2750,36,quick_service_restaurant,0,NaturalGas,Residential AC with residential forced air furnace
2751,10,warehouse,1,NaturalGas,PVAV with gas heat with electric reheat
2752,102,small_hotel,0,Electricity,PTHP
2753,37,retail,0,NaturalGas,Residential AC with residential forced air furnace
2754,19,outpatient,0,Electricity,PSZ-AC with electric coil
2755,25,quick_service_restaurant,0,Electricity,PSZ-HP
2756,106,warehouse,0,Propane,PSZ-AC with gas coil
2757,22,full_service_restaurant,1,Electricity,PVAV with PFP boxes
2758,22,full_service_restaurant,1,NaturalGas,PVAV with gas boiler reheat
2759,29,retail,0,FuelOil,Residential AC with residential forced air furnace
2760,103,strip_mall,1,Electricity,PSZ-AC with electric coil
2761,12,secondary_school,0,NaturalGas,PSZ-AC with gas boiler
2762,107,retail,0,Electricity,PTAC with electric coil
2763,9,full_service_restaurant,1,Electricity,PVAV with PFP boxes
2764,17,warehouse,0,Electricity,PTAC with electric coil
2765,8,medium_office,1,NaturalGas,VAV chiller with gas boiler reheat
2766,32,strip_mall,2,NaturalGas,PSZ-AC with gas coil
2767,39,medium_office,1,Electricity,PSZ-HP
2768,12,small_office,1,Electricity,PSZ-HP
2769,103,small_office,0,Electricity,PTAC with electric coil
2770,36,retail,0,Electricity,PTHP
2771,39,large_office,0,NaturalGas,VAV chiller with gas boiler reheat
2772,101,large_hotel,0,Electricity,DOAS with water source heat pumps with ground source heat pump
2773,102,small_office,1,Electricity,PSZ-HP
2774,24,secondary_school,0,FuelOil,PSZ-AC with gas coil
2775,29,full_service_restaurant,1,Propane,PSZ-AC with gas coil
2776,45,small_office,1,Electricity,PSZ-AC with electric coil
2777,100,large_hotel,0,Electricity,PTHP
2778,108,strip_mall,0,Electricity,PSZ-HP
2779,45,full_service_restaurant,0,Propane,PSZ-AC with gas coil
2780,44,quick_service_restaurant,0,Electricity,PSZ-AC with electric coil
2781,13,primary_school,1,Electricity,DOAS with water source heat pumps with ground source heat pump
2782,38,primary_school,1,Electricity,DOAS with water source heat pumps with ground source heat pump
2783,13,large_hotel,0,Propane,PTAC with gas boiler
2784,29,medium_office,1,Electricity,PSZ-AC with electric coil
2785,25,strip_mall,2,Electricity,PVAV with PFP boxes
2786,29,grocery,0,NaturalGas,PSZ-AC with gas coil
2787,102,grocery,0,NaturalGas,PSZ-AC with gas coil
2788,101,large_hotel,0,NaturalGas,PTAC with gas coil
2789,22,outpatient,1,Electricity,PSZ-AC with electric coil
2790,10,medium_office,1,NaturalGas,VAV air-cooled chiller with gas boiler reheat
2791,22,medium_office,1,NaturalGas,DOAS with water source heat pumps cooling tower with boiler
2792,100,small_hotel,0,Electricity,PTHP
2793,47,full_service_restaurant,0,FuelOil,PSZ-AC with gas coil
2794,103,small_office,1,NaturalGas,PSZ-AC with gas coil
2795,23,retail,0,Electricity,PSZ-AC with electric coil
2796,27,retail,0,Electricity,PTAC with electric coil
2797,0,medium_office,0,NaturalGas,PSZ-AC with gas coil
2798,20,medium_office,0,Electricity,PVAV with PFP boxes
2799,17,large_hotel,0,NaturalGas,PTAC with gas coil
2800,109,full_service_restaurant,0,Electricity,PSZ-AC with electric coil
2801,101,medium_office,1,NaturalGas,PSZ-AC with gas coil
2802,29,strip_mall,1,Electricity,PSZ-AC with electric coil
2803,33,strip_mall,1,Electricity,PSZ-AC with electric coil
2804,106,small_office,1,Electricity,PSZ-AC with electric coil
2805,48,secondary_school,0,NaturalGas,PTAC with gas boiler
2806,39,secondary_school,0,Electricity,DOAS with water source heat pumps with ground source heat pump
2807,16,medium_office,1,NaturalGas,PVAV with gas boiler reheat
2808,27,primary_school,0,NaturalGas,PSZ-AC with gas coil
2809,17,primary_school,1,Electricity,PVAV with PFP boxes
2810,33,small_hotel,0,NaturalGas,Residential AC with residential forced air furnace
2811,101,full_service_restaurant,1,NaturalGas,PSZ-AC with gas coil
2812,26,strip_mall,0,Electricity,PSZ-AC with electric coil
2813,32,large_hotel,0,NaturalGas,PTAC with gas boiler
2814,49,grocery,1,NaturalGas,PSZ-AC with gas coil
2815,39,warehouse,0,Propane,PSZ-AC with gas coil
2816,34,warehouse,0,Electricity,PSZ-HP
2817,103,full_service_restaurant,1,NaturalGas,PSZ-AC with gas coil
2818,19,full_service_restaurant,0,Electricity,PSZ-HP
2819,13,medium_office,1,NaturalGas,PVAV with gas heat with electric reheat
2820,17,medium_office,1,Electricity,PVAV with PFP boxes
2821,38,small_office,0,Propane,PSZ-AC with gas coil
2822,104,full_service_restaurant,0,Electricity,PSZ-HP
2823,32,primary_school,1,Electricity,PVAV with PFP boxes
2824,107,small_office,1,NaturalGas,PVAV with gas heat with electric reheat
2825,28,large_hotel,0,NaturalGas,PTAC with gas coil
2826,4,warehouse,1,NaturalGas,PVAV with gas heat with electric reheat
2827,39,primary_school,1,Electricity,DOAS with water source heat pumps with ground source heat pump
2828,47,strip_mall,0,Electricity,PSZ-AC with electric coil
2829,0,quick_service_restaurant,0,NaturalGas,Residential AC with residential forced air furnace
2830,26,warehouse,1,NaturalGas,PVAV with gas heat with electric reheat
2831,21,small_office,0,Electricity,PTAC with electric coil
2832,4,warehouse,1,Electricity,PSZ-AC with electric coil
2833,20,medium_office,0,NaturalGas,PVAV with gas boiler reheat
2834,27,strip_mall,2,NaturalGas,PSZ-AC with gas coil
2835,10,small_office,1,NaturalGas,PVAV with gas boiler reheat
2836,33,warehouse,1,NaturalGas,PVAV with gas boiler reheat
2837,107,secondary_school,0,Electricity,PSZ-AC with electric coil
2838,33,secondary_school,0,NaturalGas,PSZ-AC with gas boiler
2839,105,quick_service_restaurant,0,Electricity,PSZ-HP
2840,30,large_hotel,0,NaturalGas,PTAC with gas boiler
2841,32,warehouse,1,NaturalGas,PVAV with gas heat with electric reheat
2842,48,medium_office,0,FuelOil,PVAV with gas boiler reheat
2843,17,primary_school,1,Electricity,DOAS with water source heat pumps with ground source heat pump
2844,101,warehouse,1,Electricity,PVAV with PFP boxes
2845,38,large_hotel,0,NaturalGas,PTAC with gas boiler
2846,24,secondary_school,0,FuelOil,PSZ-AC with gas boiler
2847,32,warehouse,1,NaturalGas,PVAV with gas boiler reheat
2848,101,full_service_restaurant,0,Electricity,PSZ-HP
2849,43,retail,0,Electricity,PSZ-AC with electric coil
2850,1,retail,1,NaturalGas,PSZ-AC with gas coil
2851,41,full_service_restaurant,0,Electricity,PSZ-AC with electric coil
2852,17,secondary_school,0,NaturalGas,VAV air-cooled chiller with gas boiler reheat
2853,34,retail,1,Propane,PSZ-AC with gas coil
2854,49,warehouse,1,NaturalGas,PVAV with gas boiler reheat
2855,24,small_hotel,0,NaturalGas,Residential AC with residential forced air furnace
2856,102,small_office,1,NaturalGas,PVAV with gas heat with electric reheat
2857,19,small_hotel,0,Propane,Residential AC with residential forced air furnace
2858,108,small_office,0,Propane,PSZ-AC with gas coil
2859,33,full_service_restaurant,0,Electricity,PSZ-HP
2860,19,primary_school,1,NaturalGas,DOAS with fan coil air-cooled chiller with boiler
2861,10,large_hotel,0,Electricity,PTHP
2862,29,small_hotel,0,NaturalGas,Residential AC with residential forced air furnace
2863,17,medium_office,1,Electricity,PSZ-AC with electric coil
2864,16,large_hotel,0,Electricity,PTHP
2865,23,warehouse,0,Electricity,PSZ-AC with electric coil
2866,45,strip_mall,1,Electricity,PSZ-AC with electric coil
2867,32,medium_office,1,Electricity,VAV chiller with PFP boxes
2868,5,full_service_restaurant,1,NaturalGas,PSZ-AC with gas coil
2869,2,strip_mall,2,NaturalGas,PSZ-AC with gas coil
2870,13,primary_school,1,NaturalGas,PSZ-AC with gas coil
2871,48,large_office,1,Electricity,PVAV with PFP boxes
2872,103,retail,1,Electricity,PSZ-AC with electric coil
2873,13,full_service_restaurant,1,Electricity,PSZ-AC with electric coil
2874,2,small_office,1,Electricity,PVAV with PFP boxes
2875,28,small_office,0,Electricity,PSZ-HP
2876,101,large_office,0,NaturalGas,PVAV with gas boiler reheat
2877,104,small_office,1,NaturalGas,PVAV with gas boiler reheat
2878,18,medium_office,1,NaturalGas,VAV air-cooled chiller with gas boiler reheat
2879,33,grocery,0,NaturalGas,PSZ-AC with gas coil
2880,48,medium_office,1,NaturalGas,PVAV with gas heat with electric reheat
2881,8,medium_office,0,NaturalGas,DOAS with fan coil chiller with boiler
2882,13,strip_mall,2,NaturalGas,PVAV with gas boiler reheat
2883,38,quick_service_restaurant,0,Electricity,PTAC with electric coil
2884,20,small_office,1,Electricity,PSZ-AC with electric coil
2885,107,grocery,0,NaturalGas,PSZ-AC with gas coil
2886,0,medium_office,1,NaturalGas,PVAV with gas boiler reheat
2887,33,grocery,1,NaturalGas,PSZ-AC with gas coil
2888,24,full_service_restaurant,1,NaturalGas,PSZ-AC with gas coil
2889,16,full_service_restaurant,0,Propane,PSZ-AC with gas coil
2890,11,strip_mall,2,NaturalGas,PSZ-AC with gas coil
2891,10,warehouse,1,FuelOil,PVAV with gas heat with electric reheat
2892,15,warehouse,0,Electricity,PSZ-HP
2893,13,large_hotel,0,NaturalGas,PTAC with gas coil
2894,101,secondary_school,0,NaturalGas,PSZ-AC with gas coil
2895,11,secondary_school,0,NaturalGas,PSZ-AC with gas coil
2896,103,small_office,1,Electricity,PVAV with PFP boxes
2897,35,retail,0,Electricity,PSZ-AC with electric coil
2898,18,retail,0,Electricity,PTAC with electric coil
2899,102,small_office,1,NaturalGas,Residential AC with residential forced air furnace
2900,27,small_office,1,Electricity,PSZ-AC with electric coil
2901,45,strip_mall,0,NaturalGas,Residential AC with residential forced air furnace
2902,24,retail,1,Propane,PSZ-AC with gas coil
2903,27,retail,1,Propane,PSZ-AC with gas coil
2904,25,small_hotel,0,Electricity,PTHP
2905,100,warehouse,0,Electricity,PTHP
2906,29,quick_service_restaurant,0,Electricity,PSZ-HP
2907,107,small_office,1,NaturalGas,Residential AC with residential forced air furnace
2908,102,grocery,1,NaturalGas,PSZ-AC with gas coil
2909,45,small_office,0,Electricity,PTAC with electric coil
2910,17,small_office,1,Electricity,PSZ-HP
2911,10,primary_school,1,NaturalGas,PVAV with gas boiler reheat
2912,15,retail,0,NaturalGas,Residential AC with residential forced air furnace
2913,18,small_hotel,0,NaturalGas,Residential AC with residential forced air furnace
2914,8,medium_office,1,Electricity,PSZ-AC with electric coil
2915,22,warehouse,0,Propane,Residential AC with residential forced air furnace
2916,106,medium_office,0,NaturalGas,PSZ-AC with gas coil
2917,107,large_office,1,NaturalGas,VAV chiller with gas boiler reheat
2918,100,strip_mall,1,NaturalGas,PSZ-AC with gas coil
2919,41,quick_service_restaurant,0,Electricity,PSZ-AC with electric coil
2920,19,outpatient,1,NaturalGas,PVAV with gas boiler reheat
2921,103,small_hotel,0,NaturalGas,Residential AC with residential forced air furnace
2922,4,large_hotel,0,NaturalGas,PTAC with gas boiler
2923,29,grocery,1,NaturalGas,PSZ-AC with gas coil
2924,39,secondary_school,0,NaturalGas,PSZ-AC with gas coil
2925,0,medium_office,0,NaturalGas,PVAV with gas boiler reheat
2926,30,medium_office,1,Electricity,PSZ-AC with electric coil
2927,29,large_office,1,NaturalGas,VAV chiller with gas boiler reheat
2928,48,small_office,1,NaturalGas,Residential AC with residential forced air furnace
2929,39,large_office,0,Electricity,VAV chiller with PFP boxes
2930,48,primary_school,1,NaturalGas,PSZ-AC with gas boiler
2931,5,large_office,0,Electricity,VAV chiller with PFP boxes
2932,23,quick_service_restaurant,0,NaturalGas,PSZ-AC with gas coil
2933,22,primary_school,0,NaturalGas,PSZ-AC with gas coil
2934,24,small_office,1,FuelOil,PVAV with gas heat with electric reheat
2935,16,strip_mall,2,NaturalGas,PSZ-AC with gas coil
2936,107,large_hotel,0,Electricity,PTHP
2937,16,full_service_restaurant,1,NaturalGas,PSZ-AC with gas coil
2938,9,secondary_school,0,NaturalGas,PSZ-AC with gas coil
2939,20,small_office,1,NaturalGas,PVAV with gas heat with electric reheat
2940,0,warehouse,1,Electricity,PVAV with PFP boxes
2941,48,grocery,0,NaturalGas,PSZ-AC with gas coil
2942,2,strip_mall,1,Electricity,PSZ-AC with electric coil
2943,16,strip_mall,1,NaturalGas,PSZ-AC with gas coil
2944,105,large_hotel,0,Electricity,PTHP
2945,13,small_office,1,Propane,PSZ-AC with gas coil
2946,5,outpatient,2,Electricity,PVAV with PFP boxes
2947,101,retail,0,Electricity,PTHP
2948,48,small_hotel,0,NaturalGas,Residential AC with residential forced air furnace
2949,13,outpatient,0,Electricity,PSZ-AC with electric coil
2950,16,medium_office,0,NaturalGas,PSZ-AC with gas coil
2951,18,large_hotel,0,Electricity,PTHP
2952,17,warehouse,1,Electricity,PSZ-AC with electric coil
2953,105,warehouse,0,Propane,PSZ-AC with gas coil
2954,9,outpatient,0,NaturalGas,PSZ-AC with gas coil
2955,101,small_office,1,NaturalGas,PVAV with gas boiler reheat
2956,48,outpatient,0,NaturalGas,PSZ-AC with gas coil
2957,108,grocery,0,NaturalGas,PSZ-AC with gas coil
2958,49,small_office,0,Propane,PSZ-AC with gas coil
2959,18,outpatient,0,NaturalGas,PSZ-AC with gas coil
2960,40,primary_school,1,NaturalGas,PVAV with gas heat with electric reheat
2961,47,retail,0,Electricity,PSZ-HP
2962,101,small_hotel,0,Propane,Residential AC with residential forced air furnace
2963,12,grocery,1,NaturalGas,PSZ-AC with gas coil
2964,48,strip_mall,1,NaturalGas,PVAV with gas heat with electric reheat
2965,30,secondary_school,0,NaturalGas,PVAV with gas heat with electric reheat
2966,39,warehouse,1,NaturalGas,PVAV with gas boiler reheat
2967,48,medium_office,1,NaturalGas,VAV air-cooled chiller with gas boiler reheat
2968,2,small_hotel,0,Electricity,PTHP
2969,22,outpatient,0,Electricity,PSZ-AC with electric coil
2970,39,grocery,0,Electricity,PSZ-AC with electric coil
2971,22,small_hotel,0,NaturalGas,Residential AC with residential forced air furnace
2972,20,grocery,0,NaturalGas,PSZ-AC with gas coil
2973,18,secondary_school,1,NaturalGas,VAV air-cooled chiller with gas boiler reheat
2974,15,large_hotel,0,Electricity,PTAC with electric coil
2975,35,small_office,1,NaturalGas,PSZ-AC with gas coil
2976,28,retail,0,Electricity,PSZ-HP
2977,16,medium_office,0,Electricity,PSZ-AC with electric coil
2978,27,retail,0,Electricity,PTHP
2979,25,large_office,1,Electricity,VAV chiller with PFP boxes
2980,15,large_hotel,0,NaturalGas,PTAC with gas boiler
2981,33,strip_mall,1,NaturalGas,PVAV with gas heat with electric reheat
2982,22,primary_school,1,NaturalGas,VAV chiller with gas boiler reheat
2983,102,small_hotel,0,Propane,Residential AC with residential forced air furnace
2984,10,medium_office,0,FuelOil,PSZ-AC with gas coil
2985,18,secondary_school,1,NaturalGas,PVAV with gas boiler reheat
2986,11,small_office,1,Electricity,PSZ-AC with electric coil
2987,37,warehouse,1,NaturalGas,PVAV with gas boiler reheat
2988,15,full_service_restaurant,1,NaturalGas,PSZ-AC with gas coil
2989,106,strip_mall,0,Electricity,PSZ-HP
2990,24,large_hotel,0,Electricity,PTHP
2991,108,full_service_restaurant,1,NaturalGas,PSZ-AC with gas coil
2992,31,full_service_restaurant,1,NaturalGas,PSZ-AC with gas coil
2993,104,grocery,0,NaturalGas,PSZ-AC with gas coil
2994,4,retail,0,Electricity,PTHP
2995,108,grocery,1,NaturalGas,PSZ-AC with gas coil
2996,36,strip_mall,2,NaturalGas,PVAV with gas heat with electric reheat
2997,34,retail,1,Electricity,PSZ-AC with electric coil
2998,18,small_office,1,Electricity,PSZ-AC with electric coil
2999,10,primary_school,1,NaturalGas,VAV air-cooled chiller with gas boiler reheat
3000,38,medium_office,0,Electricity,PVAV with PFP boxes
3001,49,small_office,1,NaturalGas,PVAV with gas heat with electric reheat
3002,34,medium_office,0,Electricity,PSZ-AC with electric coil
3003,0,small_office,0,FuelOil,PSZ-AC with gas coil
3004,107,small_hotel,0,Electricity,PTHP
3005,28,secondary_school,0,NaturalGas,PSZ-AC with gas coil
3006,12,medium_office,1,Electricity,PSZ-HP
3007,107,primary_school,0,NaturalGas,PSZ-AC with gas coil
3008,103,full_service_restaurant,0,Electricity,PSZ-HP
3009,18,strip_mall,1,NaturalGas,PTAC with gas coil
3010,34,small_hotel,0,Propane,Residential AC with residential forced air furnace
3011,9,medium_office,1,Electricity,PSZ-HP
3012,106,retail,0,Electricity,PTHP
3013,36,secondary_school,0,NaturalGas,PSZ-AC with gas coil
3014,40,quick_service_restaurant,0,NaturalGas,Residential AC with residential forced air furnace
3015,8,quick_service_restaurant,0,Electricity,PTAC with electric coil
3016,103,medium_office,0,NaturalGas,PSZ-AC with gas coil
3017,8,grocery,1,Electricity,PSZ-AC with electric coil
3018,34,full_service_restaurant,0,Electricity,PSZ-AC with electric coil
3019,22,secondary_school,0,NaturalGas,VAV air-cooled chiller with gas boiler reheat
3020,23,large_hotel,0,Electricity,PTAC with electric coil
3021,9,large_office,0,NaturalGas,VAV chiller with gas boiler reheat
3022,32,warehouse,0,Propane,PSZ-AC with gas coil
3023,12,medium_office,1,Electricity,VAV chiller with PFP boxes
3024,37,full_service_restaurant,1,NaturalGas,PSZ-AC with gas coil
3025,100,small_office,1,Electricity,PVAV with PFP boxes
3026,13,medium_office,1,NaturalGas,VAV air-cooled chiller with gas boiler reheat
3027,28,grocery,1,NaturalGas,PSZ-AC with gas coil
3028,2,warehouse,1,NaturalGas,PSZ-AC with gas coil
3029,9,grocery,0,NaturalGas,PSZ-AC with gas coil
3030,103,warehouse,1,Electricity,PSZ-AC with electric coil
3031,33,medium_office,0,NaturalGas,PVAV with gas boiler reheat
3032,6,large_office,0,DistrictHeating,VAV district chilled water with district hot water reheat
3033,36,large_hotel,0,NaturalGas,PTAC with gas coil
3034,36,primary_school,1,NaturalGas,PSZ-AC with gas boiler
3035,38,primary_school,1,Electricity,PVAV with PFP boxes
3036,105,large_office,0,NaturalGas,VAV chiller with gas boiler reheat
3037,32,small_office,1,NaturalGas,PVAV with gas boiler reheat
3038,8,large_office,0,Electricity,PVAV with PFP boxes
3039,13,grocery,0,Propane,Residential AC with residential forced air furnace
3040,16,strip_mall,1,Electricity,PSZ-AC with electric coil
3041,30,secondary_school,0,NaturalGas,DOAS with fan coil air-cooled chiller with boiler
3042,20,medium_office,1,Electricity,VAV chiller with PFP boxes
3043,18,strip_mall,1,NaturalGas,PVAV with gas heat with electric reheat
3044,18,secondary_school,0,NaturalGas,DOAS with fan coil air-cooled chiller with boiler
3045,24,outpatient,0,FuelOil,PSZ-AC with gas coil
3046,29,small_hotel,0,Electricity,PTHP
3047,16,medium_office,0,NaturalGas,PVAV with gas boiler reheat
3048,32,retail,0,NaturalGas,Residential AC with residential forced air furnace
3049,26,medium_office,0,Electricity,PVAV with PFP boxes
3050,0,secondary_school,0,Electricity,PTHP
3051,48,warehouse,1,FuelOil,PSZ-AC with gas coil
3052,103,small_office,0,Electricity,PTHP
3053,18,medium_office,0,NaturalGas,DOAS with fan coil air-cooled chiller with boiler
3054,19,medium_office,1,Electricity,PSZ-HP
3055,16,small_office,1,NaturalGas,PVAV with gas heat with electric reheat
3056,100,warehouse,0,Electricity,PTAC with electric coil
3057,10,primary_school,0,FuelOil,PVAV with gas boiler reheat
3058,108,full_service_restaurant,0,Electricity,PSZ-HP
3059,107,medium_office,1,Electricity,PSZ-AC with electric coil
3060,34,strip_mall,0,Electricity,PSZ-AC with electric coil
3061,7,warehouse,0,Electricity,PTHP
3062,28,warehouse,1,NaturalGas,PVAV with gas heat with electric reheat
3063,28,warehouse,0,Electricity,PSZ-HP
3064,33,medium_office,0,NaturalGas,PSZ-AC with gas coil
3065,7,warehouse,0,NaturalGas,Residential AC with residential forced air furnace
3066,7,small_office,1,Electricity,PSZ-AC with electric coil
3067,13,grocery,0,Propane,PSZ-AC with gas coil
3068,36,medium_office,0,Electricity,PSZ-AC with electric coil
3069,34,retail,1,NaturalGas,PSZ-AC with gas coil
3070,6,grocery,1,Electricity,PSZ-AC with electric coil
3071,101,warehouse,1,NaturalGas,PVAV with gas boiler reheat
3072,22,large_hotel,1,Electricity,PTAC with electric coil
3073,46,small_office,0,Electricity,PSZ-HP
3074,102,large_office,0,NaturalGas,VAV chiller with gas boiler reheat
3075,36,retail,0,Propane,Residential AC with residential forced air furnace
3076,20,secondary_school,0,NaturalGas,PVAV with gas heat with electric reheat
3077,33,small_office,1,NaturalGas,Residential AC with residential forced air furnace
3078,32,grocery,0,Electricity,PSZ-AC with electric coil
3079,14,small_office,0,NaturalGas,Residential AC with residential forced air furnace
3080,28,large_hotel,0,NaturalGas,PTAC with gas boiler
3081,49,quick_service_restaurant,0,Electricity,PSZ-HP
3082,40,secondary_school,0,NaturalGas,PSZ-AC with gas boiler
3083,24,outpatient,0,NaturalGas,PSZ-AC with gas coil
3084,11,warehouse,0,Electricity,PSZ-HP
3085,4,secondary_school,0,NaturalGas,PSZ-AC with gas boiler
3086,29,warehouse,1,FuelOil,PSZ-AC with gas coil
3087,18,quick_service_restaurant,0,NaturalGas,Residential AC with residential forced air furnace
3088,22,secondary_school,1,NaturalGas,PVAV with gas boiler reheat
3089,102,medium_office,1,Electricity,PSZ-AC with electric coil
3090,39,outpatient,0,Electricity,PSZ-AC with electric coil
3091,19,outpatient,1,NaturalGas,PSZ-AC with gas boiler
3092,105,medium_office,1,Electricity,PSZ-AC with electric coil
3093,10,medium_office,0,NaturalGas,DOAS with fan coil chiller with boiler
3094,10,medium_office,0,NaturalGas,DOAS with fan coil air-cooled chiller with boiler
3095,9,secondary_school,1,Electricity,PTHP
3096,15,secondary_school,0,NaturalGas,PSZ-AC with gas boiler
3097,15,retail,1,Electricity,PSZ-AC with electric coil
3098,31,secondary_school,0,NaturalGas,PSZ-AC with gas coil
3099,18,warehouse,0,Electricity,PTAC with electric coil
3100,30,strip_mall,1,NaturalGas,PVAV with gas heat with electric reheat
3101,103,retail,0,Electricity,PTHP
3102,32,secondary_school,0,Electricity,PSZ-AC with electric coil
3103,19,primary_school,0,NaturalGas,PVAV with gas heat with electric reheat
3104,25,warehouse,1,Electricity,PVAV with PFP boxes
3105,28,small_office,0,Propane,Residential AC with residential forced air furnace
3106,5,small_office,0,Propane,Residential AC with residential forced air furnace
3107,39,secondary_school,1,Electricity,PTHP
3108,100,strip_mall,0,Electricity,PSZ-HP
3109,40,full_service_restaurant,1,Propane,PSZ-AC with gas coil
3110,10,small_office,1,FuelOil,Residential AC with residential forced air furnace
3111,26,primary_school,1,NaturalGas,PVAV with gas boiler reheat
3112,20,large_hotel,0,Electricity,PTAC with electric coil
3113,29,medium_office,1,Electricity,VAV chiller with PFP boxes
3114,37,grocery,0,Electricity,PSZ-AC with electric coil
3115,12,full_service_restaurant,1,NaturalGas,PSZ-AC with gas coil
3116,8,outpatient,0,Electricity,PSZ-AC with electric coil
3117,29,medium_office,0,NaturalGas,DOAS with fan coil air-cooled chiller with boiler
3118,4,full_service_restaurant,1,Propane,PSZ-AC with gas coil
3119,103,large_hotel,0,Electricity,PTHP
3120,32,medium_office,1,NaturalGas,PVAV with gas heat with electric reheat
3121,44,warehouse,0,Electricity,PSZ-AC with electric coil
3122,104,secondary_school,0,NaturalGas,PSZ-AC with gas coil
3123,102,small_hotel,0,NaturalGas,PTAC with gas boiler
3124,49,strip_mall,2,Electricity,PVAV with PFP boxes
3125,35,quick_service_restaurant,0,Electricity,PSZ-AC with electric coil
3126,23,retail,1,Propane,PSZ-AC with gas coil
3127,26,medium_office,1,Electricity,PSZ-AC with electric coil
3128,22,primary_school,1,NaturalGas,VAV air-cooled chiller with gas boiler reheat
3129,5,retail,0,NaturalGas,Residential AC with residential forced air furnace
3130,100,quick_service_restaurant,0,Electricity,PSZ-AC with electric coil
3131,20,medium_office,0,NaturalGas,PSZ-AC with gas coil
3132,25,large_hotel,0,NaturalGas,PTAC with gas coil
3133,104,quick_service_restaurant,0,Electricity,PSZ-HP
3134,27,warehouse,1,NaturalGas,PSZ-AC with gas coil
3135,30,large_office,1,DistrictHeating,VAV chiller with district hot water reheat
3136,14,quick_service_restaurant,0,NaturalGas,PSZ-AC with gas coil
3137,17,small_office,0,Propane,Residential AC with residential forced air furnace
3138,19,large_office,0,NaturalGas,VAV air-cooled chiller with gas boiler reheat
3139,28,small_hotel,0,NaturalGas,Residential AC with residential forced air furnace
3140,20,warehouse,1,NaturalGas,PVAV with gas heat with electric reheat
3141,109,small_office,1,NaturalGas,PSZ-AC with gas coil
3142,103,small_office,1,Electricity,PSZ-AC with electric coil
3143,37,quick_service_restaurant,0,Electricity,PTAC with electric coil
3144,10,large_office,0,NaturalGas,PVAV with gas boiler reheat
3145,8,grocery,0,Electricity,PSZ-AC with electric coil
3146,18,quick_service_restaurant,0,Electricity,PSZ-HP
3147,105,primary_school,1,NaturalGas,PSZ-AC with gas coil
3148,31,small_office,1,NaturalGas,PVAV with gas boiler reheat
3149,18,primary_school,1,NaturalGas,VAV chiller with gas boiler reheat
3150,39,small_office,1,NaturalGas,PVAV with gas heat with electric reheat
3151,102,large_hotel,0,Electricity,PTHP
3152,18,full_service_restaurant,1,Propane,PSZ-AC with gas coil
3153,39,outpatient,0,NaturalGas,PSZ-AC with gas coil
3154,22,medium_office,1,NaturalGas,VAV chiller with gas boiler reheat
3155,5,secondary_school,1,Electricity,PSZ-HP
3156,27,full_service_restaurant,0,Electricity,PSZ-HP
3157,26,medium_office,1,NaturalGas,PVAV with gas heat with electric reheat
3158,6,secondary_school,0,Electricity,PSZ-AC with electric coil
3159,100,warehouse,0,Propane,PSZ-AC with gas coil
3160,33,warehouse,0,Electricity,PTAC with electric coil
3161,42,quick_service_restaurant,0,NaturalGas,PSZ-AC with gas coil
3162,30,secondary_school,0,NaturalGas,VAV air-cooled chiller with gas boiler reheat
3163,29,strip_mall,1,NaturalGas,PVAV with gas heat with electric reheat
3164,22,hospital,1,NaturalGas,VAV chiller with gas boiler reheat
3165,2,full_service_restaurant,0,Electricity,PSZ-HP
3166,3,strip_mall,0,Electricity,PSZ-HP
3167,105,strip_mall,1,NaturalGas,PVAV with gas heat with electric reheat
3168,38,secondary_school,0,NaturalGas,PSZ-AC with gas coil
3169,5,large_office,1,Electricity,PVAV with PFP boxes
3170,22,strip_mall,2,NaturalGas,PVAV with gas boiler reheat
3171,13,secondary_school,0,Electricity,DOAS with water source heat pumps with ground source heat pump
3172,48,retail,1,Electricity,PSZ-AC with electric coil
3173,104,retail,0,Electricity,PTHP
3174,16,grocery,1,NaturalGas,PSZ-AC with gas coil
3175,37,large_hotel,0,NaturalGas,PTAC with gas boiler
3176,26,small_office,0,Propane,PSZ-AC with gas coil
3177,47,strip_mall,2,NaturalGas,PSZ-AC with gas coil
3178,14,small_office,0,Electricity,PTAC with electric coil
3179,26,large_hotel,0,NaturalGas,PTAC with gas coil
3180,48,large_hotel,0,NaturalGas,PTAC with gas coil
3181,12,primary_school,1,Electricity,PVAV with PFP boxes
3182,102,secondary_school,0,NaturalGas,PSZ-AC with gas coil
3183,20,large_hotel,0,Propane,PTAC with gas boiler
3184,108,warehouse,1,NaturalGas,PSZ-AC with gas coil
3185,9,secondary_school,0,FuelOil,PSZ-AC with gas coil
3186,20,medium_office,1,NaturalGas,PSZ-AC with gas coil
3187,22,strip_mall,1,NaturalGas,Residential AC with residential forced air furnace
3188,101,large_office,1,Electricity,VAV chiller with PFP boxes
3189,29,outpatient,0,NaturalGas,PSZ-AC with gas coil
3190,23,small_office,0,Electricity,PTAC with electric coil
3191,6,large_office,1,Electricity,VAV chiller with PFP boxes
3192,28,strip_mall,2,Electricity,PVAV with PFP boxes
3193,106,quick_service_restaurant,0,Electricity,PSZ-HP
3194,8,primary_school,1,NaturalGas,VAV air-cooled chiller with gas boiler reheat
3195,12,medium_office,0,NaturalGas,PSZ-AC with gas coil
3196,20,outpatient,0,NaturalGas,PSZ-AC with gas coil
3197,30,primary_school,1,NaturalGas,DOAS with fan coil air-cooled chiller with boiler
3198,109,small_hotel,0,Electricity,PTAC with electric coil
3199,13,primary_school,0,Electricity,PSZ-AC with electric coil
3200,5,outpatient,1,Electricity,PVAV with PFP boxes
3201,40,warehouse,0,Propane,PSZ-AC with gas coil
3202,8,small_hotel,0,NaturalGas,Residential AC with residential forced air furnace
3203,12,small_office,0,Propane,Residential AC with residential forced air furnace
3204,104,small_hotel,0,NaturalGas,PTAC with gas boiler
3205,10,warehouse,0,Propane,Residential AC with residential forced air furnace
3206,108,medium_office,1,NaturalGas,PVAV with gas boiler reheat
3207,10,primary_school,1,NaturalGas,PSZ-AC with gas boiler
3208,8,outpatient,0,NaturalGas,PSZ-AC with gas coil
3209,12,medium_office,0,NaturalGas,PVAV with gas boiler reheat
3210,30,outpatient,0,NaturalGas,PSZ-AC with gas coil
3211,30,large_hotel,0,NaturalGas,PTAC with gas coil
3212,21,small_office,0,Electricity,PSZ-HP
3213,8,primary_school,1,NaturalGas,DOAS with water source heat pumps cooling tower with boiler
3214,29,medium_office,1,Electricity,PSZ-HP
3215,24,warehouse,0,Propane,Residential AC with residential forced air furnace
3216,43,small_office,0,Electricity,PSZ-HP
3217,7,retail,0,Electricity,PTAC with electric coil
3218,16,full_service_restaurant,1,Electricity,PSZ-AC with electric coil
3219,30,medium_office,0,Electricity,PSZ-HP
3220,30,full_service_restaurant,1,Propane,PSZ-AC with gas coil
3221,104,grocery,1,NaturalGas,PSZ-AC with gas coil
3222,17,full_service_restaurant,1,Electricity,PSZ-AC with electric coil
3223,48,large_office,0,NaturalGas,PVAV with gas heat with electric reheat
3224,37,warehouse,1,NaturalGas,PVAV with gas heat with electric reheat
3225,101,small_hotel,0,NaturalGas,PTAC with gas boiler
3226,49,warehouse,0,Electricity,PTHP
3227,13,outpatient,0,Electricity,PSZ-HP
3228,48,medium_office,0,NaturalGas,DOAS with fan coil chiller with boiler
3229,38,large_hotel,0,NaturalGas,PTAC with gas coil
3230,18,small_office,1,Electricity,PVAV with PFP boxes
3231,45,strip_mall,2,Electricity,PVAV with PFP boxes
3232,15,full_service_restaurant,1,Propane,PSZ-AC with gas coil
3233,3,small_hotel,0,Electricity,PTAC with electric coil
3234,9,small_hotel,0,NaturalGas,Residential AC with residential forced air furnace
3235,100,medium_office,1,NaturalGas,PVAV with gas boiler reheat
3236,9,quick_service_restaurant,0,NaturalGas,Residential AC with residential forced air furnace
3237,30,retail,0,Propane,Residential AC with residential forced air furnace
3238,47,small_office,1,FuelOil,PSZ-AC with gas coil
3239,20,primary_school,1,NaturalGas,PVAV with gas boiler reheat
3240,19,primary_school,0,NaturalGas,PVAV with gas boiler reheat
3241,48,medium_office,0,NaturalGas,DOAS with fan coil air-cooled chiller with boiler
3242,17,retail,1,Propane,PSZ-AC with gas coil
3243,47,small_office,1,NaturalGas,PSZ-AC with gas coil
3244,48,primary_school,1,FuelOil,PVAV with gas boiler reheat
3245,100,large_hotel,0,Electricity,DOAS with water source heat pumps with ground source heat pump
3246,41,warehouse,0,NaturalGas,PSZ-AC with gas coil
3247,108,small_hotel,0,Electricity,PTAC with electric coil
3248,32,secondary_school,0,Electricity,PTHP
3249,2,small_office,1,NaturalGas,PVAV with gas boiler reheat
3250,8,primary_school,1,NaturalGas,DOAS with fan coil air-cooled chiller with boiler
3251,106,warehouse,1,NaturalGas,PVAV with gas heat with electric reheat
3252,13,secondary_school,0,NaturalGas,PVAV with gas heat with electric reheat
3253,10,large_hotel,0,NaturalGas,DOAS with water source heat pumps cooling tower with boiler
3254,2,grocery,0,Electricity,PSZ-AC with electric coil
3255,101,large_office,0,Electricity,PVAV with PFP boxes
3256,37,strip_mall,2,NaturalGas,PSZ-AC with gas coil
3257,34,warehouse,0,Electricity,PTHP
3258,38,full_service_restaurant,1,Electricity,PVAV with PFP boxes
3259,107,secondary_school,0,Electricity,PTHP
3260,29,large_hotel,0,NaturalGas,PTAC with gas boiler
3261,101,primary_school,0,NaturalGas,PSZ-AC with gas coil
3262,47,retail,1,Propane,PSZ-AC with gas coil
3263,20,full_service_restaurant,0,Electricity,PSZ-HP
3264,45,retail,0,Electricity,PTAC with electric coil
3265,5,primary_school,0,Electricity,PSZ-AC with electric coil
3266,34,small_office,1,Electricity,PSZ-AC with electric coil
3267,5,large_hotel,0,NaturalGas,PTAC with gas coil
3268,109,small_office,0,Electricity,PTHP
3269,37,medium_office,1,Electricity,VAV chiller with PFP boxes
3270,16,warehouse,1,Electricity,PSZ-AC with electric coil
3271,2,large_hotel,0,NaturalGas,PTAC with gas boiler
3272,4,primary_school,0,NaturalGas,PSZ-AC with gas coil
3273,27,full_service_restaurant,1,NaturalGas,PSZ-AC with gas coil
3274,30,small_hotel,0,NaturalGas,Residential AC with residential forced air furnace
3275,10,secondary_school,0,NaturalGas,PTAC with gas boiler
3276,45,warehouse,0,Electricity,PSZ-HP
3277,33,warehouse,0,Electricity,PSZ-HP
3278,16,secondary_school,0,Electricity,PSZ-AC with electric coil
3279,17,warehouse,0,FuelOil,PSZ-AC with gas coil
3280,26,medium_office,1,Electricity,PVAV with PFP boxes
3281,102,strip_mall,1,Electricity,PSZ-AC with electric coil
3282,20,small_office,1,NaturalGas,Residential AC with residential forced air furnace
3283,4,primary_school,1,NaturalGas,PSZ-AC with gas coil
3284,27,medium_office,0,Electricity,PVAV with PFP boxes
3285,10,primary_school,0,NaturalGas,PSZ-AC with gas coil
3286,4,small_office,1,Electricity,PSZ-AC with electric coil
3287,105,warehouse,1,NaturalGas,PVAV with gas heat with electric reheat
3288,0,medium_office,1,DistrictHeating,PSZ-AC with district hot water
3289,24,retail,1,Electricity,PSZ-AC with electric coil
3290,22,quick_service_restaurant,0,Electricity,PTAC with electric coil
3291,11,full_service_restaurant,0,Electricity,PSZ-HP
3292,30,medium_office,0,NaturalGas,DOAS with fan coil air-cooled chiller with boiler
3293,36,large_office,0,DistrictHeating,VAV district chilled water with district hot water reheat
3294,20,warehouse,0,Electricity,PTAC with electric coil
3295,46,warehouse,0,NaturalGas,Residential AC with residential forced air furnace
3296,25,grocery,1,Electricity,PSZ-AC with electric coil
3297,36,full_service_restaurant,1,Propane,PSZ-AC with gas coil
3298,37,primary_school,1,Electricity,DOAS with water source heat pumps with ground source heat pump
3299,49,retail,0,Electricity,PTHP
3300,25,large_hotel,0,Electricity,PTHP
3301,22,secondary_school,0,NaturalGas,PTAC with gas boiler
3302,8,large_office,0,DistrictHeating,VAV district chilled water with district hot water reheat
3303,7,large_hotel,0,Electricity,PTAC with electric coil
3304,32,quick_service_restaurant,0,Electricity,PTAC with electric coil
3305,17,medium_office,1,Electricity,VAV chiller with PFP boxes
3306,7,strip_mall,1,Electricity,PSZ-AC with electric coil
3307,32,full_service_restaurant,1,Electricity,PVAV with PFP boxes
3308,37,secondary_school,0,Electricity,PSZ-AC with electric coil
3309,8,large_office,1,NaturalGas,VAV chiller with gas boiler reheat
3310,18,medium_office,1,NaturalGas,PSZ-AC with gas coil
3311,12,outpatient,0,Electricity,PSZ-AC with electric coil
3312,12,strip_mall,2,NaturalGas,PSZ-AC with gas coil
3313,2,large_hotel,0,Electricity,PTAC with electric coil
3314,10,warehouse,0,Electricity,PSZ-AC with electric coil
3315,28,small_office,0,Electricity,PTHP
3316,48,small_office,1,Electricity,PVAV with PFP boxes
3317,27,warehouse,0,Electricity,PTAC with electric coil
3318,105,large_office,1,Electricity,VAV chiller with PFP boxes
3319,20,small_hotel,0,NaturalGas,Residential AC with residential forced air furnace
3320,104,medium_office,1,NaturalGas,PVAV with gas heat with electric reheat
3321,26,small_office,0,Electricity,PTHP
3322,48,strip_mall,2,NaturalGas,PVAV with gas heat with electric reheat
3323,38,secondary_school,0,Electricity,PSZ-AC with electric coil
3324,0,medium_office,1,Electricity,VAV chiller with PFP boxes
3325,106,medium_office,0,NaturalGas,PVAV with gas boiler reheat
3326,29,retail,0,Electricity,PTAC with electric coil
3327,19,quick_service_restaurant,0,Electricity,PTAC with electric coil
3328,109,warehouse,0,Electricity,PTHP
3329,101,small_office,1,Electricity,PSZ-HP
3330,6,medium_office,0,Electricity,PSZ-HP
3331,15,small_office,1,NaturalGas,PVAV with gas heat with electric reheat
3332,20,small_office,1,Electricity,PVAV with PFP boxes
3333,45,large_hotel,0,Electricity,PTAC with electric coil
3334,29,strip_mall,2,Electricity,PVAV with PFP boxes
3335,14,strip_mall,1,NaturalGas,PSZ-AC with gas coil
3336,6,primary_school,1,Electricity,DOAS with water source heat pumps with ground source heat pump
3337,1,small_office,0,Electricity,PSZ-HP
3338,24,quick_service_restaurant,0,Electricity,PSZ-HP
3339,11,warehouse,1,NaturalGas,PVAV with gas heat with electric reheat
3340,35,retail,0,NaturalGas,Residential AC with residential forced air furnace
3341,10,quick_service_restaurant,0,NaturalGas,Residential AC with residential forced air furnace
3342,22,strip_mall,2,NaturalGas,PVAV with gas heat with electric reheat
3343,108,warehouse,0,NaturalGas,Residential AC with residential forced air furnace
3344,34,small_office,0,Electricity,PTHP
3345,36,warehouse,0,Electricity,PTHP
3346,19,small_office,1,Electricity,PSZ-HP
3347,4,large_hotel,0,Electricity,PTAC with electric coil
3348,44,full_service_restaurant,0,Electricity,PSZ-AC with electric coil
3349,22,secondary_school,0,NaturalGas,PVAV with gas heat with electric reheat
3350,8,quick_service_restaurant,0,NaturalGas,Residential AC with residential forced air furnace
3351,41,retail,0,Electricity,PTHP
3352,22,large_hotel,1,NaturalGas,DOAS with fan coil chiller with boiler
3353,49,full_service_restaurant,0,Propane,PSZ-AC with gas coil
3354,16,strip_mall,2,Electricity,PVAV with PFP boxes
3355,6,grocery,0,Electricity,PSZ-AC with electric coil
3356,10,strip_mall,0,FuelOil,Residential AC with residential forced air furnace
3357,106,grocery,0,NaturalGas,PSZ-AC with gas coil
3358,105,full_service_restaurant,1,Electricity,PSZ-AC with electric coil
3359,34,strip_mall,2,NaturalGas,PSZ-AC with gas coil
3360,27,medium_office,1,Electricity,PSZ-AC with electric coil
3361,49,strip_mall,2,NaturalGas,PSZ-AC with gas coil
3362,27,quick_service_restaurant,0,Electricity,PSZ-HP
3363,10,quick_service_restaurant,0,FuelOil,PSZ-AC with gas coil
3364,33,warehouse,0,Propane,Residential AC with residential forced air furnace
3365,13,strip_mall,1,NaturalGas,Residential AC with residential forced air furnace
3366,104,medium_office,1,Electricity,PVAV with PFP boxes
3367,6,large_hotel,1,Electricity,DOAS with fan coil chiller with baseboard electric
3368,25,primary_school,0,NaturalGas,PSZ-AC with gas coil
3369,14,quick_service_restaurant,0,Electricity,PSZ-AC with electric coil
3370,102,small_office,0,Propane,PSZ-AC with gas coil
3371,29,secondary_school,0,NaturalGas,DOAS with fan coil air-cooled chiller with boiler
3372,29,secondary_school,0,NaturalGas,PVAV with gas heat with electric reheat
3373,102,quick_service_restaurant,0,Electricity,PSZ-HP
3374,22,outpatient,0,Electricity,PSZ-HP
3375,105,primary_school,1,NaturalGas,PVAV with gas boiler reheat
3376,16,small_office,0,Propane,Residential AC with residential forced air furnace
3377,0,strip_mall,1,NaturalGas,Residential AC with residential forced air furnace
3378,19,outpatient,0,Electricity,PSZ-HP
3379,44,warehouse,0,NaturalGas,Residential AC with residential forced air furnace
3380,39,full_service_restaurant,1,Electricity,PVAV with PFP boxes
3381,9,medium_office,0,NaturalGas,DOAS with fan coil air-cooled chiller with boiler
3382,24,small_office,1,NaturalGas,PVAV with gas heat with electric reheat
3383,22,secondary_school,1,NaturalGas,VAV air-cooled chiller with gas boiler reheat
3384,13,large_office,0,NaturalGas,VAV chiller with gas boiler reheat
3385,25,small_office,1,NaturalGas,Residential AC with residential forced air furnace
3386,8,secondary_school,0,Electricity,PSZ-AC with electric coil
3387,40,secondary_school,0,Electricity,PSZ-AC with electric coil
3388,105,large_hotel,0,NaturalGas,PTAC with gas boiler
3389,39,primary_school,1,NaturalGas,PSZ-AC with gas coil
3390,9,primary_school,1,NaturalGas,VAV chiller with gas boiler reheat
3391,36,outpatient,0,FuelOil,PSZ-AC with gas coil
3392,25,small_office,0,Propane,Residential AC with residential forced air furnace
3393,1,warehouse,0,Electricity,PTAC with electric coil
3394,28,medium_office,1,NaturalGas,PVAV with gas heat with electric reheat
3395,36,medium_office,1,Electricity,PVAV with PFP boxes
3396,38,large_office,1,Electricity,VAV chiller with PFP boxes
3397,29,medium_office,0,NaturalGas,DOAS with fan coil chiller with boiler
3398,48,retail,0,Propane,PSZ-AC with gas coil
3399,10,full_service_restaurant,1,Propane,PSZ-AC with gas coil
3400,18,warehouse,1,Electricity,PSZ-AC with electric coil
3401,39,small_office,1,NaturalGas,Residential AC with residential forced air furnace
3402,47,small_hotel,0,Electricity,PTAC with electric coil
3403,2,large_hotel,0,NaturalGas,PTAC with gas coil
3404,5,small_office,1,NaturalGas,PVAV with gas boiler reheat
3405,18,primary_school,0,NaturalGas,PVAV with gas heat with electric reheat
3406,103,small_hotel,0,Electricity,PTAC with electric coil
3407,100,small_office,1,Electricity,PSZ-AC with electric coil
3408,22,large_hotel,0,Electricity,DOAS with water source heat pumps with ground source heat pump
3409,105,small_hotel,0,NaturalGas,PTAC with gas boiler
3410,35,secondary_school,0,NaturalGas,PSZ-AC with gas coil
3411,41,small_office,0,NaturalGas,PSZ-AC with gas coil
3412,1,warehouse,0,Electricity,PTHP
3413,109,small_office,0,Electricity,PTAC with electric coil
3414,107,medium_office,0,Electricity,PVAV with PFP boxes
3415,30,medium_office,1,Electricity,VAV chiller with PFP boxes
3416,31,retail,0,Electricity,PSZ-HP
3417,24,medium_office,0,NaturalGas,PSZ-AC with gas coil
3418,15,primary_school,0,NaturalGas,PSZ-AC with gas coil
3419,33,primary_school,1,NaturalGas,PSZ-AC with gas coil
3420,48,medium_office,0,Electricity,PSZ-HP
3421,19,outpatient,2,NaturalGas,PVAV with gas boiler reheat
3422,48,strip_mall,1,Electricity,PSZ-AC with electric coil
3423,37,secondary_school,0,Electricity,PTHP
3424,19,medium_office,1,DistrictHeating,VAV district chilled water with district hot water reheat
3425,30,primary_school,1,FuelOil,PVAV with gas boiler reheat
3426,25,small_office,1,NaturalGas,PVAV with gas heat with electric reheat
3427,101,medium_office,0,Electricity,PVAV with PFP boxes
3428,29,primary_school,1,NaturalGas,DOAS with fan coil air-cooled chiller with boiler
3429,26,medium_office,1,Electricity,VAV chiller with PFP boxes
3430,11,medium_office,0,NaturalGas,PVAV with gas boiler reheat
3431,38,small_office,1,NaturalGas,PVAV with gas boiler reheat
3432,18,strip_mall,2,NaturalGas,PVAV with gas heat with electric reheat
3433,104,warehouse,0,Propane,PSZ-AC with gas coil
3434,30,medium_office,1,Electricity,PSZ-HP
3435,14,small_office,0,Electricity,PTHP
3436,102,large_hotel,0,NaturalGas,PTAC with gas boiler
3437,39,large_hotel,1,Electricity,PTAC with electric coil
3438,22,primary_school,1,NaturalGas,PVAV with gas boiler reheat
3439,0,grocery,0,NaturalGas,PSZ-AC with gas coil
3440,10,medium_office,1,NaturalGas,VAV chiller with gas boiler reheat
3441,33,grocery,0,Electricity,PSZ-AC with electric coil
3442,38,medium_office,1,Electricity,VAV chiller with PFP boxes
3443,0,large_hotel,0,NaturalGas,DOAS with water source heat pumps cooling tower with boiler
3444,9,full_service_restaurant,1,NaturalGas,PVAV with gas heat with electric reheat
3445,47,strip_mall,1,NaturalGas,PSZ-AC with gas coil
3446,107,medium_office,1,Electricity,VAV chiller with PFP boxes
3447,104,small_office,1,NaturalGas,PVAV with gas heat with electric reheat
3448,36,warehouse,0,Electricity,PTAC with electric coil
3449,15,small_office,0,Electricity,PTAC with electric coil
3450,25,large_hotel,0,NaturalGas,DOAS with water source heat pumps cooling tower with boiler
3451,100,secondary_school,0,NaturalGas,PSZ-AC with gas coil
3452,17,warehouse,1,Electricity,PVAV with PFP boxes
3453,6,secondary_school,0,Electricity,PTHP
3454,105,medium_office,0,Electricity,PVAV with PFP boxes
3455,26,large_hotel,0,Electricity,PTHP
3456,107,primary_school,1,NaturalGas,PSZ-AC with gas coil
3457,1,retail,0,NaturalGas,Residential AC with residential forced air furnace
3458,39,large_office,0,NaturalGas,PVAV with gas boiler reheat
3459,32,medium_office,1,NaturalGas,VAV air-cooled chiller with gas boiler reheat
3460,45,retail,0,Propane,Residential AC with residential forced air furnace
3461,11,large_hotel,0,NaturalGas,PTAC with gas coil
3462,102,retail,0,Electricity,PTAC with electric coil
3463,26,outpatient,0,NaturalGas,PSZ-AC with gas coil
3464,39,small_hotel,0,Propane,Residential AC with residential forced air furnace
3465,7,warehouse,1,Electricity,PSZ-AC with electric coil
3466,4,medium_office,1,Electricity,PVAV with PFP boxes
3467,49,medium_office,0,NaturalGas,PVAV with gas boiler reheat
3468,4,small_office,1,Propane,PSZ-AC with gas coil
3469,102,primary_school,0,NaturalGas,PSZ-AC with gas coil
3470,18,medium_office,1,NaturalGas,VAV chiller with gas boiler reheat
3471,11,warehouse,1,NaturalGas,PVAV with gas boiler reheat
3472,49,full_service_restaurant,1,NaturalGas,PSZ-AC with gas coil
3473,13,warehouse,1,Propane,PSZ-AC with gas coil
3474,45,full_service_restaurant,1,Electricity,PSZ-AC with electric coil
3475,31,small_office,0,Electricity,PSZ-HP
3476,45,small_office,1,Electricity,PVAV with PFP boxes
3477,10,medium_office,1,FuelOil,PVAV with gas boiler reheat
3478,103,grocery,1,NaturalGas,PSZ-AC with gas coil
3479,48,large_office,1,NaturalGas,DOAS with water source heat pumps cooling tower with boiler
3480,40,outpatient,1,Electricity,PSZ-AC with electric coil
3481,105,large_hotel,0,NaturalGas,PTAC with gas coil
3482,43,quick_service_restaurant,0,NaturalGas,PSZ-AC with gas coil
3483,28,medium_office,1,NaturalGas,VAV chiller with gas boiler reheat
3484,39,primary_school,1,NaturalGas,PVAV with gas boiler reheat
3485,18,secondary_school,1,NaturalGas,VAV chiller with gas boiler reheat
3486,24,retail,0,Electricity,PTHP
3487,14,small_office,1,Electricity,PVAV with PFP boxes
3488,18,hospital,1,NaturalGas,VAV chiller with gas boiler reheat
3489,0,large_office,0,Electricity,PVAV with PFP boxes
3490,101,large_hotel,0,NaturalGas,DOAS with water source heat pumps cooling tower with boiler
3491,100,retail,0,Electricity,PSZ-HP
3492,48,warehouse,0,Electricity,PTHP
3493,29,medium_office,0,Electricity,PSZ-HP
3494,101,medium_office,1,Electricity,PSZ-AC with electric coil
3495,4,quick_service_restaurant,0,NaturalGas,Residential AC with residential forced air furnace
3496,8,grocery,0,NaturalGas,PSZ-AC with gas coil
3497,27,small_office,1,Electricity,PVAV with PFP boxes
3498,8,primary_school,1,Electricity,DOAS with water source heat pumps with ground source heat pump
3499,21,strip_mall,0,Electricity,PSZ-AC with electric coil
3500,22,secondary_school,0,Electricity,DOAS with water source heat pumps with ground source heat pump
3501,105,retail,0,Electricity,PTAC with electric coil
3502,14,small_office,1,Electricity,PSZ-AC with electric coil
3503,12,large_office,1,Electricity,VAV chiller with PFP boxes
3504,20,secondary_school,0,Electricity,PSZ-AC with electric coil
3505,29,secondary_school,1,NaturalGas,VAV air-cooled chiller with gas boiler reheat
3506,38,small_hotel,0,NaturalGas,Residential AC with residential forced air furnace
3507,102,large_office,1,Electricity,VAV chiller with PFP boxes
3508,45,small_office,1,NaturalGas,PSZ-AC with gas coil
3509,33,large_hotel,0,Electricity,PTAC with electric coil
3510,30,medium_office,0,NaturalGas,DOAS with fan coil chiller with boiler
3511,103,medium_office,0,NaturalGas,PVAV with gas boiler reheat
3512,16,secondary_school,0,NaturalGas,PSZ-AC with gas coil
3513,42,small_office,1,NaturalGas,PSZ-AC with gas coil
3514,2,warehouse,1,Electricity,PSZ-AC with electric coil
3515,18,large_hotel,0,NaturalGas,DOAS with water source heat pumps cooling tower with boiler
3516,45,warehouse,0,Electricity,PTHP
3517,109,warehouse,0,Electricity,PTAC with electric coil
3518,20,medium_office,1,NaturalGas,PVAV with gas boiler reheat
3519,42,warehouse,0,Electricity,PSZ-HP
3520,22,strip_mall,1,NaturalGas,PTAC with gas coil
3521,7,quick_service_restaurant,0,Electricity,PSZ-HP
3522,16,small_hotel,0,NaturalGas,Residential AC with residential forced air furnace
3523,13,large_hotel,0,Propane,PTAC with gas coil
3524,47,medium_office,1,DistrictHeating,VAV district chilled water with district hot water reheat
3525,104,medium_office,1,NaturalGas,PSZ-AC with gas coil
3526,48,full_service_restaurant,0,Electricity,PSZ-HP
3527,8,outpatient,0,Electricity,PSZ-HP
3528,32,medium_office,0,NaturalGas,PSZ-AC with gas coil
3529,22,outpatient,0,NaturalGas,PSZ-AC with gas coil
3530,19,outpatient,1,Electricity,PSZ-AC with electric coil
3531,101,warehouse,0,Propane,PSZ-AC with gas coil
3532,39,primary_school,0,Electricity,PSZ-AC with electric coil
3533,36,small_office,1,Electricity,PSZ-HP
3534,38,secondary_school,0,NaturalGas,PSZ-AC with gas boiler
3535,107,full_service_restaurant,0,FuelOil,PSZ-AC with gas coil
3536,18,large_office,0,NaturalGas,PVAV with gas boiler reheat
3537,12,large_hotel,0,Electricity,PTHP
3538,33,warehouse,1,Electricity,PVAV with PFP boxes
3539,102,medium_office,0,Electricity,PVAV with PFP boxes
3540,22,outpatient,2,Electricity,PVAV with PFP boxes
3541,107,outpatient,0,NaturalGas,PSZ-AC with gas coil
3542,18,medium_office,0,Electricity,PSZ-HP
3543,104,primary_school,1,NaturalGas,PSZ-AC with gas coil
3544,39,strip_mall,1,NaturalGas,PVAV with gas heat with electric reheat
3545,18,large_office,0,NaturalGas,VAV chiller with gas boiler reheat
3546,22,secondary_school,1,NaturalGas,VAV chiller with gas boiler reheat
3547,102,warehouse,1,Electricity,PVAV with PFP boxes
3548,36,outpatient,1,NaturalGas,PSZ-AC with gas coil
3549,13,strip_mall,2,Electricity,PVAV with PFP boxes
3550,11,outpatient,0,NaturalGas,PSZ-AC with gas coil
3551,20,medium_office,1,NaturalGas,PVAV with gas heat with electric reheat
3552,18,full_service_restaurant,0,Electricity,PSZ-HP
3553,24,warehouse,0,Electricity,PSZ-HP
3554,0,full_service_restaurant,1,Electricity,PVAV with PFP boxes
3555,9,full_service_restaurant,1,Electricity,PSZ-HP
3556,36,secondary_school,0,NaturalGas,PTAC with gas boiler
3557,20,small_office,1,Propane,PSZ-AC with gas coil
3558,106,full_service_restaurant,0,Electricity,PSZ-HP
3559,11,medium_office,0,NaturalGas,PSZ-AC with gas coil
3560,47,quick_service_restaurant,0,Electricity,PSZ-AC with electric coil
3561,9,outpatient,1,Electricity,PSZ-AC with electric coil
3562,48,warehouse,0,Electricity,PTAC with electric coil
3563,102,medium_office,1,Electricity,VAV chiller with PFP boxes
3564,24,primary_school,0,FuelOil,PSZ-AC with gas coil
3565,21,retail,0,Electricity,PSZ-AC with electric coil
3566,4,small_office,0,Electricity,PTAC with electric coil
3567,109,grocery,1,NaturalGas,PSZ-AC with gas coil
3568,4,medium_office,1,DistrictHeating,PSZ-AC with district hot water
3569,14,small_office,1,NaturalGas,PSZ-AC with gas coil
3570,48,medium_office,1,Electricity,PVAV with PFP boxes
3571,38,retail,1,Electricity,PVAV with PFP boxes
3572,36,small_hotel,0,NaturalGas,PTAC with gas boiler
3573,37,small_office,0,Propane,Residential AC with residential forced air furnace
3574,15,outpatient,0,NaturalGas,PSZ-AC with gas coil
3575,108,strip_mall,2,NaturalGas,PSZ-AC with gas coil
3576,8,secondary_school,0,NaturalGas,PSZ-AC with gas coil
3577,10,large_office,0,NaturalGas,VAV chiller with gas boiler reheat
3578,30,large_office,1,NaturalGas,VAV chiller with gas boiler reheat
3579,32,large_hotel,0,NaturalGas,PTAC with gas coil
3580,40,medium_office,0,Electricity,PSZ-HP
3581,14,full_service_restaurant,1,NaturalGas,PSZ-AC with gas coil
3582,43,retail,0,Electricity,PSZ-HP
3583,0,medium_office,0,Electricity,PSZ-HP
3584,11,large_hotel,0,NaturalGas,PTAC with gas boiler
3585,43,strip_mall,0,Electricity,PSZ-HP
3586,33,quick_service_restaurant,0,NaturalGas,Residential AC with residential forced air furnace
3587,5,large_office,1,DistrictHeating,VAV district chilled water with district hot water reheat
3588,17,primary_school,1,NaturalGas,PVAV with gas boiler reheat
3589,102,warehouse,0,Propane,PSZ-AC with gas coil
3590,9,medium_office,0,NaturalGas,PSZ-AC with gas boiler
3591,32,medium_office,1,Electricity,PSZ-AC with electric coil
3592,38,secondary_school,0,Electricity,PTHP
3593,11,warehouse,0,Electricity,PTAC with electric coil
3594,28,large_office,1,NaturalGas,VAV chiller with gas boiler reheat
3595,40,outpatient,0,Electricity,PSZ-AC with electric coil
3596,9,grocery,1,Propane,PSZ-AC with gas coil
3597,8,secondary_school,0,Electricity,PTHP
3598,104,small_office,1,Electricity,PSZ-HP
3599,9,large_hotel,1,Electricity,PTAC with electric coil
3600,22,primary_school,0,Electricity,PSZ-AC with electric coil
3601,101,small_office,1,NaturalGas,PVAV with gas heat with electric reheat
3602,34,medium_office,1,Electricity,PVAV with PFP boxes
3603,28,quick_service_restaurant,0,NaturalGas,Residential AC with residential forced air furnace
3604,33,large_hotel,0,NaturalGas,DOAS with water source heat pumps cooling tower with boiler
3605,48,large_hotel,1,Electricity,PTAC with electric coil
3606,32,primary_school,1,Electricity,DOAS with water source heat pumps with ground source heat pump
3607,20,secondary_school,0,Electricity,PTHP
3608,40,full_service_restaurant,1,NaturalGas,PVAV with gas boiler reheat
3609,28,primary_school,1,NaturalGas,PSZ-AC with gas coil
3610,45,retail,1,NaturalGas,PSZ-AC with gas coil
3611,2,warehouse,1,NaturalGas,PVAV with gas heat with electric reheat
3612,48,medium_office,1,FuelOil,PVAV with gas boiler reheat
3613,48,medium_office,0,NaturalGas,PSZ-AC with gas boiler
3614,36,medium_office,0,Electricity,PVAV with PFP boxes
3615,16,small_office,1,NaturalGas,Residential AC with residential forced air furnace
3616,36,small_hotel,0,Propane,Residential AC with residential forced air furnace
3617,2,full_service_restaurant,1,Propane,PSZ-AC with gas coil
3618,6,full_service_restaurant,0,NaturalGas,PSZ-AC with gas coil
3619,25,primary_school,1,Electricity,PVAV with PFP boxes
3620,49,warehouse,1,Electricity,PSZ-AC with electric coil
3621,33,secondary_school,0,NaturalGas,VAV air-cooled chiller with gas boiler reheat
3622,5,large_hotel,0,NaturalGas,DOAS with water source heat pumps cooling tower with boiler
3623,18,large_office,1,Electricity,VAV chiller with PFP boxes
3624,13,small_office,1,Propane,PVAV with gas boiler reheat
3625,103,medium_office,1,Electricity,PVAV with PFP boxes
3626,33,full_service_restaurant,1,Propane,PSZ-AC with gas coil
3627,104,small_office,1,NaturalGas,Residential AC with residential forced air furnace
3628,40,secondary_school,0,Electricity,PTHP
3629,20,large_hotel,0,NaturalGas,PTAC with gas boiler
3630,23,small_office,0,Electricity,PSZ-HP
3631,105,primary_school,1,NaturalGas,VAV chiller with gas boiler reheat
3632,26,small_office,0,Propane,Residential AC with residential forced air furnace
3633,27,full_service_restaurant,1,Propane,PSZ-AC with gas coil
3634,19,large_hotel,1,Electricity,PTAC with electric coil
3635,27,secondary_school,0,NaturalGas,PSZ-AC with gas boiler
3636,33,small_office,1,NaturalGas,PVAV with gas heat with electric reheat
3637,101,grocery,1,NaturalGas,PSZ-AC with gas coil
3638,31,retail,1,Electricity,PSZ-AC with electric coil
3639,109,retail,0,Electricity,PSZ-HP
3640,34,small_office,1,NaturalGas,PVAV with gas boiler reheat
3641,16,primary_school,1,Electricity,PVAV with PFP boxes
3642,40,large_hotel,1,Electricity,PTAC with electric coil
3643,11,small_office,1,Electricity,PVAV with PFP boxes
3644,103,grocery,0,NaturalGas,PSZ-AC with gas coil
3645,18,full_service_restaurant,1,NaturalGas,PVAV with gas boiler reheat
3646,22,large_office,0,NaturalGas,PVAV with gas boiler reheat
3647,108,small_hotel,0,Propane,Residential AC with residential forced air furnace
3648,48,secondary_school,0,NaturalGas,PVAV with gas heat with electric reheat
3649,17,quick_service_restaurant,0,NaturalGas,Residential AC with residential forced air furnace
3650,16,medium_office,0,Electricity,PVAV with PFP boxes
3651,20,secondary_school,0,NaturalGas,PTAC with gas boiler
3652,10,large_office,1,Electricity,PVAV with PFP boxes
3653,30,large_hotel,0,Electricity,PTHP
3654,107,strip_mall,1,NaturalGas,PVAV with gas heat with electric reheat
3655,24,secondary_school,0,NaturalGas,PSZ-AC with gas boiler
3656,24,large_hotel,0,NaturalGas,PTAC with gas boiler
3657,43,retail,0,Electricity,PTHP
3658,10,secondary_school,1,NaturalGas,PVAV with gas boiler reheat
3659,20,grocery,0,Propane,Residential AC with residential forced air furnace
3660,2,full_service_restaurant,1,Electricity,PSZ-AC with electric coil
3661,24,medium_office,1,DistrictHeating,VAV district chilled water with district hot water reheat
3662,4,small_hotel,0,Electricity,PTHP
3663,49,medium_office,0,NaturalGas,PSZ-AC with gas coil
3664,28,retail,1,Electricity,PSZ-AC with electric coil
3665,37,small_office,1,NaturalGas,PVAV with gas boiler reheat
3666,38,medium_office,1,NaturalGas,PVAV with gas boiler reheat
3667,39,full_service_restaurant,1,FuelOil,PSZ-AC with gas coil
3668,15,medium_office,0,NaturalGas,PVAV with gas boiler reheat
3669,19,large_office,0,DistrictHeating,VAV district chilled water with district hot water reheat
3670,29,secondary_school,1,NaturalGas,VAV chiller with gas boiler reheat
3671,17,outpatient,0,Electricity,PSZ-AC with electric coil
3672,25,primary_school,1,NaturalGas,DOAS with fan coil air-cooled chiller with boiler
3673,35,small_hotel,0,NaturalGas,Residential AC with residential forced air furnace
3674,13,medium_office,1,Electricity,PSZ-HP
3675,105,primary_school,1,NaturalGas,VAV air-cooled chiller with gas boiler reheat
3676,46,strip_mall,0,Electricity,PSZ-HP
3677,27,secondary_school,0,Electricity,PSZ-AC with electric coil
3678,4,warehouse,1,Electricity,PVAV with PFP boxes
3679,13,large_hotel,0,NaturalGas,DOAS with water source heat pumps cooling tower with boiler
3680,17,medium_office,0,Electricity,PSZ-HP
3681,34,full_service_restaurant,1,Propane,PSZ-AC with gas coil
3682,29,quick_service_restaurant,0,NaturalGas,Residential AC with residential forced air furnace
3683,106,primary_school,0,NaturalGas,PSZ-AC with gas coil
3684,37,full_service_restaurant,1,Electricity,PVAV with PFP boxes
3685,106,primary_school,1,NaturalGas,PSZ-AC with gas coil
3686,102,large_hotel,0,NaturalGas,PTAC with gas coil
3687,48,primary_school,1,FuelOil,PSZ-AC with gas boiler
3688,1,small_office,1,Electricity,PVAV with PFP boxes
3689,30,quick_service_restaurant,0,NaturalGas,Residential AC with residential forced air furnace
3690,26,primary_school,1,NaturalGas,PSZ-AC with gas boiler
3691,101,small_office,1,NaturalGas,Residential AC with residential forced air furnace
3692,36,strip_mall,1,NaturalGas,PVAV with gas heat with electric reheat
3693,19,medium_office,0,NaturalGas,DOAS with fan coil chiller with boiler
3694,25,primary_school,1,NaturalGas,VAV air-cooled chiller with gas boiler reheat
3695,47,small_office,1,Electricity,PSZ-AC with electric coil
3696,8,large_office,1,DistrictHeating,VAV district chilled water with district hot water reheat
3697,20,grocery,0,Propane,PSZ-AC with gas coil
3698,24,small_office,1,Electricity,PSZ-HP
3699,2,warehouse,1,Electricity,PVAV with PFP boxes
3700,4,large_office,0,NaturalGas,PVAV with gas boiler reheat
3701,34,secondary_school,0,Electricity,PSZ-AC with electric coil
3702,40,grocery,0,NaturalGas,PSZ-AC with gas coil
3703,46,retail,0,Electricity,PSZ-AC with electric coil
3704,20,primary_school,1,NaturalGas,PSZ-AC with gas coil
3705,18,medium_office,0,NaturalGas,PSZ-AC with gas boiler
3706,25,large_office,1,NaturalGas,VAV chiller with gas boiler reheat
3707,101,large_office,0,Electricity,VAV chiller with PFP boxes
3708,10,secondary_school,0,NaturalGas,PVAV with gas heat with electric reheat
3709,14,retail,1,Electricity,PSZ-AC with electric coil
3710,2,medium_office,0,NaturalGas,PVAV with gas boiler reheat
3711,32,outpatient,0,Electricity,PSZ-AC with electric coil
3712,2,primary_school,1,Electricity,PVAV with PFP boxes
3713,7,quick_service_restaurant,0,NaturalGas,PSZ-AC with gas coil
3714,27,secondary_school,0,NaturalGas,PSZ-AC with gas coil
3715,27,large_hotel,0,Electricity,PTAC with electric coil
3716,22,full_service_restaurant,1,NaturalGas,PVAV with gas heat with electric reheat
3717,33,warehouse,1,Electricity,PSZ-AC with electric coil
3718,29,full_service_restaurant,1,Electricity,PVAV with PFP boxes
3719,47,medium_office,0,NaturalGas,PSZ-AC with gas coil
3720,6,full_service_restaurant,1,Electricity,PVAV with PFP boxes
3721,6,small_office,0,NaturalGas,Residential AC with residential forced air furnace
3722,5,medium_office,0,NaturalGas,PSZ-AC with gas coil
3723,23,full_service_restaurant,1,Propane,PSZ-AC with gas coil
3724,105,outpatient,0,NaturalGas,PSZ-AC with gas coil
3725,12,small_hotel,0,Electricity,PTHP
3726,33,grocery,1,Electricity,PSZ-AC with electric coil
3727,105,medium_office,1,Electricity,VAV chiller with PFP boxes
3728,4,retail,0,Electricity,PTAC with electric coil
3729,107,strip_mall,2,Electricity,PVAV with PFP boxes
3730,29,secondary_school,1,NaturalGas,PVAV with gas boiler reheat
3731,29,secondary_school,0,NaturalGas,VAV air-cooled chiller with gas boiler reheat
3732,22,secondary_school,1,Electricity,PTHP
3733,12,outpatient,0,Electricity,PSZ-HP
3734,49,small_office,0,Electricity,PTAC with electric coil
3735,100,small_hotel,0,NaturalGas,PTAC with gas boiler
3736,107,primary_school,1,NaturalGas,PVAV with gas boiler reheat
3737,27,medium_office,1,Electricity,VAV chiller with PFP boxes
3738,16,grocery,1,Electricity,PSZ-AC with electric coil
3739,105,strip_mall,2,Electricity,PVAV with PFP boxes
3740,101,large_hotel,1,Electricity,PTAC with electric coil
3741,33,strip_mall,2,Electricity,PVAV with PFP boxes
3742,8,large_office,1,DistrictHeating,VAV chiller with district hot water reheat
3743,9,small_hotel,0,Propane,Residential AC with residential forced air furnace
3744,40,primary_school,1,NaturalGas,VAV chiller with gas boiler reheat
3745,34,retail,0,Electricity,PSZ-HP
3746,104,warehouse,1,NaturalGas,PVAV with gas heat with electric reheat
3747,19,strip_mall,1,Electricity,PSZ-AC with electric coil
3748,15,grocery,0,NaturalGas,PSZ-AC with gas coil
3749,13,primary_school,1,NaturalGas,VAV air-cooled chiller with gas boiler reheat
3750,0,secondary_school,0,NaturalGas,PVAV with gas heat with electric reheat
3751,104,medium_office,0,Electricity,PSZ-AC with electric coil
3752,30,full_service_restaurant,1,Electricity,PVAV with PFP boxes
3753,12,warehouse,1,NaturalGas,PVAV with gas heat with electric reheat
3754,13,full_service_restaurant,1,NaturalGas,PVAV with gas boiler reheat
3755,17,hospital,1,NaturalGas,VAV chiller with gas boiler reheat
3756,39,large_office,1,Electricity,PVAV with PFP boxes
3757,18,strip_mall,0,Electricity,PSZ-HP
3758,36,large_office,1,DistrictHeating,VAV chiller with district hot water reheat
3759,18,primary_school,0,NaturalGas,PVAV with gas boiler reheat
3760,29,large_hotel,0,NaturalGas,PTAC with gas coil
3761,26,small_office,0,Electricity,PSZ-HP
3762,7,small_office,1,Electricity,PVAV with PFP boxes
3763,31,retail,0,Electricity,PTHP
3764,32,grocery,1,NaturalGas,PSZ-AC with gas coil
3765,19,large_office,1,Electricity,PVAV with PFP boxes
3766,12,primary_school,1,Electricity,DOAS with water source heat pumps with ground source heat pump
3767,24,warehouse,1,FuelOil,PSZ-AC with gas coil
3768,12,large_office,0,Electricity,PVAV with PFP boxes
3769,13,large_office,0,NaturalGas,PVAV with gas boiler reheat
3770,39,large_hotel,0,NaturalGas,PTAC with gas boiler
3771,9,secondary_school,0,Electricity,DOAS with water source heat pumps with ground source heat pump
3772,11,large_hotel,0,Electricity,PTAC with electric coil
3773,6,quick_service_restaurant,0,Electricity,PTAC with electric coil
3774,48,small_hotel,0,Electricity,PTHP
3775,49,full_service_restaurant,1,Electricity,PSZ-AC with electric coil
3776,100,medium_office,0,NaturalGas,PSZ-AC with gas coil
3777,0,quick_service_restaurant,0,Propane,PSZ-AC with gas coil
3778,18,small_hotel,0,Electricity,PTHP
3779,44,retail,1,NaturalGas,PSZ-AC with gas coil
3780,16,primary_school,0,NaturalGas,PSZ-AC with gas coil
3781,10,primary_school,1,FuelOil,VAV air-cooled chiller with gas boiler reheat
3782,106,primary_school,1,NaturalGas,PVAV with gas boiler reheat
3783,106,small_hotel,0,Electricity,PTAC with electric coil
3784,20,warehouse,1,Electricity,PSZ-AC with electric coil
3785,25,secondary_school,0,NaturalGas,PSZ-AC with gas coil
3786,37,large_hotel,0,NaturalGas,PTAC with gas coil
3787,39,outpatient,1,Electricity,PSZ-AC with electric coil
3788,104,large_hotel,0,Electricity,PTAC with electric coil
3789,47,primary_school,0,FuelOil,PVAV with gas boiler reheat
3790,44,warehouse,0,Electricity,PSZ-HP
3791,100,large_hotel,0,NaturalGas,PTAC with gas boiler
3792,47,full_service_restaurant,0,Electricity,PSZ-HP
3793,47,retail,0,Electricity,PTHP
3794,8,full_service_restaurant,1,NaturalGas,PVAV with gas heat with electric reheat
3795,40,medium_office,1,NaturalGas,DOAS with water source heat pumps cooling tower with boiler
3796,13,hospital,1,NaturalGas,VAV chiller with gas boiler reheat
3797,4,grocery,0,NaturalGas,PSZ-AC with gas coil
3798,10,primary_school,1,FuelOil,PVAV with gas boiler reheat
3799,2,grocery,1,Electricity,PSZ-AC with electric coil
3800,11,small_office,1,NaturalGas,Residential AC with residential forced air furnace
3801,108,medium_office,0,NaturalGas,PSZ-AC with gas coil
3802,41,retail,1,Electricity,PSZ-AC with electric coil
3803,38,quick_service_restaurant,0,NaturalGas,Residential AC with residential forced air furnace
3804,0,strip_mall,1,NaturalGas,PVAV with gas heat with electric reheat
3805,23,retail,1,NaturalGas,PSZ-AC with gas coil
3806,13,secondary_school,0,NaturalGas,PTAC with gas boiler
3807,39,primary_school,0,Electricity,PSZ-HP
3808,7,small_office,1,Electricity,PSZ-HP
3809,106,small_office,1,NaturalGas,PVAV with gas boiler reheat
3810,32,medium_office,1,NaturalGas,PVAV with gas boiler reheat
3811,32,large_hotel,0,NaturalGas,DOAS with water source heat pumps cooling tower with boiler
3812,0,retail,1,Electricity,PVAV with PFP boxes
3813,39,primary_school,1,NaturalGas,VAV air-cooled chiller with gas boiler reheat
3814,45,retail,0,NaturalGas,Residential AC with residential forced air furnace
3815,18,large_office,0,Electricity,PVAV with PFP boxes
3816,23,strip_mall,0,Electricity,PSZ-AC with electric coil
3817,6,large_office,0,Electricity,VAV chiller with PFP boxes
3818,5,primary_school,0,Electricity,PSZ-HP
3819,48,quick_service_restaurant,0,NaturalGas,Residential AC with residential forced air furnace
3820,107,large_hotel,0,NaturalGas,PTAC with gas boiler
3821,30,medium_office,0,FuelOil,PSZ-AC with gas coil
3822,101,medium_office,1,Electricity,VAV chiller with PFP boxes
3823,29,medium_office,0,NaturalGas,PSZ-AC with gas boiler
3824,24,medium_office,0,FuelOil,PSZ-AC with gas coil
3825,30,secondary_school,1,NaturalGas,PVAV with gas boiler reheat
3826,33,medium_office,1,NaturalGas,PVAV with gas boiler reheat
3827,2,primary_school,1,NaturalGas,PSZ-AC with gas coil
3828,18,large_hotel,0,Propane,PTAC with gas boiler
3829,9,small_office,1,Propane,PSZ-AC with gas coil
3830,22,large_hotel,1,NaturalGas,PTAC with gas boiler
3831,6,secondary_school,1,Electricity,PTHP
3832,49,medium_office,1,DistrictHeating,VAV district chilled water with district hot water reheat
3833,39,medium_office,0,NaturalGas,DOAS with fan coil air-cooled chiller with boiler
3834,30,primary_school,1,FuelOil,PSZ-AC with gas boiler
3835,32,medium_office,0,NaturalGas,PVAV with gas boiler reheat
3836,38,medium_office,0,NaturalGas,PSZ-AC with gas coil
3837,40,primary_school,0,NaturalGas,PSZ-AC with gas coil
3838,37,medium_office,1,Electricity,PSZ-AC with electric coil
3839,100,large_hotel,0,NaturalGas,PTAC with gas coil
3840,30,large_office,0,NaturalGas,PVAV with gas boiler reheat
3841,13,large_hotel,0,Propane,DOAS with water source heat pumps cooling tower with boiler
3842,44,full_service_restaurant,0,Electricity,PSZ-HP
3843,9,large_office,0,NaturalGas,PVAV with gas boiler reheat
3844,7,retail,0,Propane,Residential AC with residential forced air furnace
3845,24,secondary_school,0,NaturalGas,PSZ-AC with gas coil
3846,0,secondary_school,0,Electricity,DOAS with water source heat pumps with ground source heat pump
3847,42,small_hotel,0,NaturalGas,Residential AC with residential forced air furnace
3848,109,large_hotel,0,Electricity,PTAC with electric coil
3849,15,grocery,1,NaturalGas,PSZ-AC with gas coil
3850,3,warehouse,0,Electricity,PSZ-AC with electric coil
3851,101,small_office,0,Propane,PSZ-AC with gas coil
3852,17,outpatient,1,Electricity,PSZ-AC with electric coil
3853,13,primary_school,1,NaturalGas,PVAV with gas heat with electric reheat
3854,4,large_hotel,0,NaturalGas,DOAS with water source heat pumps cooling tower with boiler
3855,22,medium_office,0,NaturalGas,DOAS with fan coil chiller with boiler
3856,13,secondary_school,0,NaturalGas,DOAS with fan coil air-cooled chiller with boiler
3857,23,large_hotel,0,NaturalGas,PTAC with gas boiler
3858,48,grocery,1,NaturalGas,PSZ-AC with gas coil
3859,41,small_office,1,Electricity,PSZ-AC with electric coil
3860,35,small_office,0,Electricity,PSZ-AC with electric coil
3861,38,full_service_restaurant,1,Propane,PSZ-AC with gas coil
3862,103,warehouse,1,NaturalGas,PSZ-AC with gas coil
3863,18,grocery,0,Propane,Residential AC with residential forced air furnace
3864,10,strip_mall,1,NaturalGas,Residential AC with residential forced air furnace
3865,17,strip_mall,1,NaturalGas,PVAV with gas heat with electric reheat
3866,108,large_hotel,0,Electricity,PTAC with electric coil
3867,24,warehouse,1,NaturalGas,PSZ-AC with gas coil
3868,105,large_office,0,NaturalGas,PVAV with gas boiler reheat
3869,22,large_office,0,NaturalGas,VAV chiller with gas boiler reheat
3870,4,small_hotel,0,Propane,Residential AC with residential forced air furnace
3871,30,grocery,0,Electricity,PSZ-AC with electric coil
3872,107,secondary_school,0,Electricity,DOAS with water source heat pumps with ground source heat pump
3873,106,secondary_school,0,NaturalGas,PSZ-AC with gas coil
3874,104,strip_mall,1,Electricity,PSZ-AC with electric coil
3875,8,large_office,1,Electricity,PVAV with PFP boxes
3876,31,small_office,0,Electricity,PTHP
3877,31,medium_office,1,NaturalGas,PVAV with gas boiler reheat
3878,49,small_office,1,NaturalGas,Residential AC with residential forced air furnace
3879,10,secondary_school,0,NaturalGas,VAV air-cooled chiller with gas boiler reheat
3880,47,primary_school,0,NaturalGas,PVAV with gas boiler reheat
3881,16,secondary_school,0,Electricity,PTHP
3882,108,small_hotel,0,Electricity,PTHP
3883,39,large_hotel,0,NaturalGas,PTAC with gas coil
3884,106,strip_mall,1,Electricity,PSZ-AC with electric coil
3885,34,small_office,1,Electricity,PVAV with PFP boxes
3886,15,large_hotel,0,NaturalGas,DOAS with water source heat pumps cooling tower with boiler
3887,9,secondary_school,1,NaturalGas,VAV chiller with gas boiler reheat
3888,4,primary_school,1,NaturalGas,PVAV with gas boiler reheat
3889,2,warehouse,0,Electricity,PTAC with electric coil
3890,108,secondary_school,0,NaturalGas,PSZ-AC with gas coil
3891,20,large_hotel,0,Propane,PTAC with gas coil
3892,30,secondary_school,1,NaturalGas,VAV air-cooled chiller with gas boiler reheat
3893,25,primary_school,1,NaturalGas,DOAS with water source heat pumps cooling tower with boiler
3894,45,quick_service_restaurant,0,Electricity,PSZ-HP
3895,100,primary_school,0,NaturalGas,PSZ-AC with gas coil
3896,33,medium_office,1,NaturalGas,PVAV with gas heat with electric reheat
3897,12,grocery,0,Electricity,PSZ-AC with electric coil
3898,46,retail,1,NaturalGas,PSZ-AC with gas coil
3899,7,full_service_restaurant,1,Electricity,PSZ-AC with electric coil
3900,26,medium_office,0,NaturalGas,DOAS with fan coil air-cooled chiller with boiler
3901,29,full_service_restaurant,1,DistrictHeating,VAV district chilled water with district hot water reheat
3902,33,small_hotel,0,Propane,Residential AC with residential forced air furnace
3903,101,secondary_school,0,Electricity,PSZ-AC with electric coil
3904,108,quick_service_restaurant,0,Electricity,PSZ-HP
3905,107,large_hotel,0,NaturalGas,PTAC with gas coil
3906,34,primary_school,0,NaturalGas,PSZ-AC with gas coil
3907,16,grocery,0,NaturalGas,PSZ-AC with gas coil
3908,38,large_office,0,Electricity,PVAV with PFP boxes
3909,27,secondary_school,0,Electricity,PTHP
3910,22,secondary_school,0,NaturalGas,DOAS with fan coil air-cooled chiller with boiler
3911,1,full_service_restaurant,0,Electricity,PSZ-AC with electric coil
3912,47,small_office,1,Electricity,PVAV with PFP boxes
3913,14,strip_mall,2,NaturalGas,PSZ-AC with gas coil
3914,48,primary_school,1,NaturalGas,DOAS with fan coil air-cooled chiller with boiler
3915,25,strip_mall,2,NaturalGas,PVAV with gas heat with electric reheat
3916,17,small_hotel,0,NaturalGas,Residential AC with residential forced air furnace
3917,22,quick_service_restaurant,0,FuelOil,PSZ-AC with gas coil
3918,17,primary_school,1,NaturalGas,PSZ-AC with gas boiler
3919,2,strip_mall,2,Electricity,PVAV with PFP boxes
3920,104,primary_school,1,NaturalGas,PVAV with gas boiler reheat
3921,105,large_hotel,0,Electricity,DOAS with water source heat pumps with ground source heat pump
3922,9,primary_school,0,Electricity,PSZ-AC with electric coil
3923,18,grocery,0,Propane,PSZ-AC with gas coil
3924,11,small_office,1,NaturalGas,PVAV with gas heat with electric reheat
3925,22,medium_office,1,Electricity,PSZ-HP
3926,101,medium_office,0,Electricity,PSZ-HP
3927,11,small_hotel,0,Electricity,PTHP
3928,0,hospital,1,NaturalGas,VAV chiller with gas boiler reheat
3929,4,medium_office,0,Electricity,PSZ-AC with electric coil
3930,17,large_hotel,0,NaturalGas,DOAS with water source heat pumps cooling tower with boiler
3931,38,medium_office,0,Electricity,PSZ-HP
3932,101,outpatient,0,NaturalGas,PSZ-AC with gas coil
3933,17,large_office,0,Electricity,PVAV with PFP boxes
3934,103,quick_service_restaurant,0,Electricity,PSZ-HP
3935,102,strip_mall,1,NaturalGas,PVAV with gas heat with electric reheat
3936,17,quick_service_restaurant,0,Electricity,PTAC with electric coil
3937,25,outpatient,0,NaturalGas,PSZ-AC with gas coil
3938,101,medium_office,0,NaturalGas,DOAS with fan coil air-cooled chiller with boiler
3939,10,primary_school,1,NaturalGas,VAV chiller with gas boiler reheat
3940,109,retail,1,Electricity,PSZ-AC with electric coil
3941,36,medium_office,0,NaturalGas,DOAS with fan coil chiller with boiler
3942,16,medium_office,1,Electricity,PVAV with PFP boxes
3943,5,large_hotel,0,Electricity,DOAS with water source heat pumps with ground source heat pump
3944,40,full_service_restaurant,1,Electricity,PVAV with PFP boxes
3945,18,grocery,0,Electricity,PSZ-AC with electric coil
3946,27,small_hotel,0,Propane,Residential AC with residential forced air furnace
3947,9,outpatient,2,Electricity,PVAV with PFP boxes
3948,36,medium_office,0,NaturalGas,DOAS with fan coil air-cooled chiller with boiler
3949,109,small_hotel,0,Electricity,PTHP
3950,34,secondary_school,0,Electricity,PTHP
3951,48,secondary_school,1,NaturalGas,VAV air-cooled chiller with gas boiler reheat
3952,30,full_service_restaurant,1,Electricity,PSZ-HP
3953,100,secondary_school,0,Electricity,PSZ-AC with electric coil
3954,31,small_office,1,NaturalGas,PVAV with gas heat with electric reheat
3955,20,strip_mall,2,NaturalGas,PVAV with gas heat with electric reheat
3956,7,large_hotel,0,Electricity,PTHP
3957,6,medium_office,1,Electricity,PSZ-HP
3958,32,outpatient,0,Electricity,PSZ-HP
3959,35,outpatient,0,NaturalGas,PSZ-AC with gas coil
3960,108,medium_office,0,NaturalGas,PVAV with gas boiler reheat
3961,34,secondary_school,0,NaturalGas,PSZ-AC with gas coil
3962,42,retail,0,Electricity,PSZ-AC with electric coil
3963,107,large_hotel,0,Electricity,DOAS with water source heat pumps with ground source heat pump
3964,9,secondary_school,0,NaturalGas,PSZ-AC with gas boiler
3965,0,primary_school,0,NaturalGas,PSZ-AC with gas coil
3966,104,large_office,1,NaturalGas,VAV chiller with gas boiler reheat
3967,10,large_office,1,FuelOil,VAV chiller with gas boiler reheat
3968,105,medium_office,0,Electricity,PSZ-HP
3969,46,warehouse,0,Electricity,PSZ-AC with electric coil
3970,39,outpatient,0,Electricity,PSZ-HP
3971,15,small_hotel,0,Electricity,PTHP
3972,3,small_office,0,Propane,Residential AC with residential forced air furnace
3973,17,grocery,1,NaturalGas,PSZ-AC with gas coil
3974,15,medium_office,0,NaturalGas,PSZ-AC with gas coil
3975,48,secondary_school,1,NaturalGas,PVAV with gas boiler reheat
3976,39,large_office,0,DistrictHeating,VAV district chilled water with district hot water reheat
3977,7,small_hotel,0,Electricity,PTHP
3978,10,full_service_restaurant,1,FuelOil,PSZ-AC with gas coil
3979,20,medium_office,1,NaturalGas,VAV air-cooled chiller with gas boiler reheat
3980,17,strip_mall,1,NaturalGas,Residential AC with residential forced air furnace
3981,2,warehouse,1,NaturalGas,PVAV with gas boiler reheat
3982,5,strip_mall,2,NaturalGas,PVAV with gas heat with electric reheat
3983,29,full_service_restaurant,1,Electricity,PSZ-HP
3984,23,large_hotel,0,Electricity,PTHP
3985,7,strip_mall,2,Electricity,PVAV with PFP boxes
3986,10,secondary_school,1,NaturalGas,VAV air-cooled chiller with gas boiler reheat
3987,41,retail,0,NaturalGas,PSZ-AC with gas coil
3988,33,large_hotel,0,Electricity,PTHP
3989,48,strip_mall,1,NaturalGas,Residential AC with residential forced air furnace
3990,102,large_office,0,Electricity,PVAV with PFP boxes
3991,106,large_hotel,0,Electricity,PTAC with electric coil
3992,24,small_office,1,NaturalGas,PVAV with gas boiler reheat
3993,18,medium_office,1,NaturalGas,DOAS with water source heat pumps cooling tower with boiler
3994,4,medium_office,1,NaturalGas,PSZ-AC with gas coil
3995,13,strip_mall,1,NaturalGas,PTAC with gas coil
3996,20,secondary_school,0,NaturalGas,DOAS with fan coil air-cooled chiller with boiler
3997,27,small_office,1,NaturalGas,PVAV with gas heat with electric reheat
3998,109,small_office,1,Electricity,PVAV with PFP boxes
3999,36,retail,0,Electricity,PTAC with electric coil
4000,10,full_service_restaurant,1,Electricity,PVAV with PFP boxes
4001,40,small_hotel,0,NaturalGas,Residential AC with residential forced air furnace
4002,108,retail,0,Electricity,PTAC with electric coil
4003,19,large_hotel,1,NaturalGas,DOAS with fan coil chiller with boiler
4004,102,primary_school,1,NaturalGas,PSZ-AC with gas coil
4005,36,large_hotel,0,NaturalGas,DOAS with water source heat pumps cooling tower with boiler
4006,1,small_office,1,Electricity,PSZ-AC with electric coil
4007,17,small_hotel,0,Propane,Residential AC with residential forced air furnace
4008,31,warehouse,0,Electricity,PSZ-HP
4009,108,warehouse,1,Electricity,PVAV with PFP boxes
4010,28,secondary_school,0,NaturalGas,PSZ-AC with gas boiler
4011,31,small_office,0,Propane,Residential AC with residential forced air furnace
4012,106,retail,0,Electricity,PTAC with electric coil
4013,38,small_hotel,0,Propane,Residential AC with residential forced air furnace
4014,103,small_hotel,0,Electricity,PTHP
4015,46,small_office,1,NaturalGas,PSZ-AC with gas coil
4016,102,medium_office,0,NaturalGas,DOAS with fan coil air-cooled chiller with boiler
4017,27,strip_mall,0,Electricity,PSZ-HP
4018,30,secondary_school,1,NaturalGas,VAV chiller with gas boiler reheat
4019,15,small_office,1,NaturalGas,Residential AC with residential forced air furnace
4020,15,retail,0,Electricity,PTHP
4021,28,quick_service_restaurant,0,Electricity,PSZ-HP
4022,36,primary_school,1,NaturalGas,DOAS with fan coil air-cooled chiller with boiler
4023,26,small_hotel,0,NaturalGas,PTAC with gas boiler
4024,18,full_service_restaurant,1,NaturalGas,PVAV with gas heat with electric reheat
4025,30,grocery,1,Electricity,PSZ-AC with electric coil
4026,24,small_office,1,FuelOil,Residential AC with residential forced air furnace
4027,48,secondary_school,1,NaturalGas,VAV chiller with gas boiler reheat
4028,28,full_service_restaurant,0,Electricity,PSZ-HP
4029,38,medium_office,0,NaturalGas,PVAV with gas boiler reheat
4030,41,small_hotel,0,Electricity,PTAC with electric coil
4031,21,small_hotel,0,Electricity,PTAC with electric coil
4032,105,medium_office,0,NaturalGas,DOAS with fan coil air-cooled chiller with boiler
4033,48,secondary_school,0,NaturalGas,DOAS with fan coil air-cooled chiller with boiler
4034,42,small_office,0,Propane,Residential AC with residential forced air furnace
4035,19,primary_school,1,Electricity,PVAV with PFP boxes
4036,10,small_office,1,FuelOil,PVAV with gas boiler reheat
4037,11,small_office,0,Propane,Residential AC with residential forced air furnace
4038,48,large_hotel,0,NaturalGas,DOAS with water source heat pumps cooling tower with boiler
4039,8,secondary_school,1,Electricity,PTHP
4040,34,secondary_school,0,NaturalGas,PSZ-AC with gas boiler
4041,33,outpatient,0,NaturalGas,PSZ-AC with gas coil
4042,36,warehouse,0,Propane,Residential AC with residential forced air furnace
4043,41,small_office,0,Electricity,PSZ-HP
4044,18,warehouse,1,Electricity,PVAV with PFP boxes
4045,109,small_hotel,0,Propane,Residential AC with residential forced air furnace
4046,6,warehouse,1,NaturalGas,PSZ-AC with gas coil
4047,5,warehouse,1,NaturalGas,PVAV with gas boiler reheat
4048,0,large_office,1,Electricity,VAV chiller with PFP boxes
4049,43,quick_service_restaurant,0,Electricity,PSZ-AC with electric coil
4050,10,strip_mall,1,Electricity,PSZ-AC with electric coil
4051,107,full_service_restaurant,1,Electricity,PSZ-AC with electric coil
4052,40,full_service_restaurant,1,Electricity,PSZ-HP
4053,2,large_hotel,0,Electricity,PTHP
4054,101,large_office,0,DistrictHeating,VAV district chilled water with district hot water reheat
4055,19,large_office,0,NaturalGas,PSZ-AC with gas coil
4056,22,full_service_restaurant,1,DistrictHeating,VAV district chilled water with district hot water reheat
4057,33,primary_school,1,NaturalGas,PVAV with gas heat with electric reheat
4058,107,primary_school,1,NaturalGas,VAV air-cooled chiller with gas boiler reheat
4059,19,large_hotel,0,Electricity,DOAS with water source heat pumps with ground source heat pump
4060,39,primary_school,1,NaturalGas,VAV chiller with gas boiler reheat
4061,109,full_service_restaurant,1,NaturalGas,PSZ-AC with gas coil
4062,29,medium_office,1,FuelOil,PVAV with gas boiler reheat
4063,44,small_office,1,NaturalGas,PSZ-AC with gas coil
4064,8,primary_school,1,NaturalGas,VAV chiller with gas boiler reheat
4065,0,medium_office,1,NaturalGas,PSZ-AC with gas coil
4066,1,retail,0,Electricity,PSZ-AC with electric coil
4067,40,primary_school,1,NaturalGas,VAV air-cooled chiller with gas boiler reheat
4068,22,primary_school,0,Electricity,PSZ-HP
4069,105,secondary_school,0,Electricity,PSZ-AC with electric coil
4070,103,warehouse,0,NaturalGas,Residential AC with residential forced air furnace
4071,18,primary_school,1,NaturalGas,DOAS with fan coil air-cooled chiller with boiler
4072,38,medium_office,1,DistrictHeating,PSZ-AC with district hot water
4073,35,retail,0,Electricity,PSZ-HP
4074,26,secondary_school,0,NaturalGas,DOAS with fan coil air-cooled chiller with boiler
4075,18,strip_mall,1,NaturalGas,Residential AC with residential forced air furnace
4076,101,quick_service_restaurant,0,Electricity,PSZ-HP
4077,4,small_office,1,Electricity,PVAV with PFP boxes
4078,2,secondary_school,0,NaturalGas,PSZ-AC with gas boiler
4079,1,small_office,1,NaturalGas,PSZ-AC with gas coil
4080,29,large_office,0,NaturalGas,PVAV with gas boiler reheat
4081,16,large_hotel,0,Electricity,DOAS with water source heat pumps with ground source heat pump
4082,45,large_hotel,0,Electricity,PTHP
4083,102,large_office,0,NaturalGas,PVAV with gas boiler reheat
4084,5,large_office,1,DistrictHeating,VAV chiller with district hot water reheat
4085,25,large_office,0,Electricity,VAV chiller with PFP boxes
4086,103,medium_office,1,NaturalGas,PVAV with gas heat with electric reheat
4087,2,medium_office,0,NaturalGas,PSZ-AC with gas coil
4088,26,warehouse,0,FuelOil,Residential AC with residential forced air furnace
4089,15,quick_service_restaurant,0,Electricity,PSZ-HP
4090,1,small_office,0,Electricity,PTAC with electric coil
4091,13,outpatient,1,Electricity,PSZ-AC with electric coil
4092,108,small_office,1,NaturalGas,PVAV with gas boiler reheat
4093,31,warehouse,1,NaturalGas,PSZ-AC with gas coil
4094,40,quick_service_restaurant,0,Electricity,PTAC with electric coil
4095,22,outpatient,1,Electricity,VAV air-cooled chiller with PFP boxes
4096,30,medium_office,0,NaturalGas,PSZ-AC with gas boiler
4097,32,strip_mall,1,NaturalGas,PVAV with gas heat with electric reheat
4098,38,full_service_restaurant,1,Electricity,PSZ-HP
4099,30,large_hotel,0,Electricity,DOAS with water source heat pumps with ground source heat pump
4100,20,quick_service_restaurant,0,Electricity,PSZ-HP
4101,44,retail,1,Electricity,PSZ-AC with electric coil
4102,40,outpatient,0,Electricity,PSZ-HP
4103,21,quick_service_restaurant,0,Electricity,PSZ-AC with electric coil
4104,20,large_hotel,0,NaturalGas,PTAC with gas coil
4105,12,quick_service_restaurant,0,Electricity,PTAC with electric coil
4106,102,warehouse,1,NaturalGas,PVAV with gas boiler reheat
4107,24,full_service_restaurant,1,DistrictHeating,VAV district chilled water with district hot water reheat
4108,33,small_office,1,Electricity,PSZ-HP
4109,34,medium_office,0,Electricity,PVAV with PFP boxes
4110,4,large_office,1,Electricity,VAV chiller with PFP boxes
4111,0,outpatient,1,Electricity,PSZ-AC with electric coil
4112,48,large_office,1,NaturalGas,VAV air-cooled chiller with gas boiler reheat
4113,16,grocery,0,Electricity,PSZ-AC with electric coil
4114,5,warehouse,1,NaturalGas,PVAV with gas heat with electric reheat
4115,25,strip_mall,1,NaturalGas,PVAV with gas heat with electric reheat
4116,4,medium_office,0,NaturalGas,DOAS with fan coil chiller with boiler
4117,25,medium_office,1,Electricity,PSZ-HP
4118,38,large_hotel,1,Electricity,PTAC with electric coil
4119,11,secondary_school,0,NaturalGas,PSZ-AC with gas boiler
4120,2,grocery,0,NaturalGas,PSZ-AC with gas coil
4121,19,primary_school,1,Electricity,DOAS with water source heat pumps with ground source heat pump
4122,47,full_service_restaurant,1,Propane,PSZ-AC with gas coil
4123,104,primary_school,1,NaturalGas,VAV air-cooled chiller with gas boiler reheat
4124,48,retail,0,Electricity,PTHP
4125,15,small_hotel,0,NaturalGas,Residential AC with residential forced air furnace
4126,107,warehouse,1,NaturalGas,PVAV with gas heat with electric reheat
4127,47,retail,0,NaturalGas,Residential AC with residential forced air furnace
4128,4,large_office,0,NaturalGas,VAV chiller with gas boiler reheat
4129,42,full_service_restaurant,1,NaturalGas,PSZ-AC with gas coil
4130,25,large_office,1,DistrictHeating,VAV district chilled water with district hot water reheat
4131,40,medium_office,1,NaturalGas,VAV chiller with gas boiler reheat
4132,25,grocery,0,NaturalGas,PSZ-AC with gas coil
4133,100,full_service_restaurant,0,Electricity,PSZ-HP
4134,10,grocery,1,Electricity,PSZ-AC with electric coil
4135,17,medium_office,1,NaturalGas,PVAV with gas heat with electric reheat
4136,103,retail,0,Electricity,PTAC with electric coil
4137,15,small_office,1,Propane,PSZ-AC with gas coil
4138,30,medium_office,1,FuelOil,PVAV with gas boiler reheat
4139,100,strip_mall,2,NaturalGas,PSZ-AC with gas coil
4140,19,warehouse,1,FuelOil,PSZ-AC with gas coil
4141,8,large_hotel,1,NaturalGas,DOAS with fan coil chiller with boiler
4142,31,small_hotel,0,NaturalGas,Residential AC with residential forced air furnace
4143,33,secondary_school,0,NaturalGas,PTAC with gas boiler
4144,105,secondary_school,1,Electricity,PTHP
4145,100,medium_office,0,NaturalGas,PVAV with gas boiler reheat
4146,1,quick_service_restaurant,0,NaturalGas,PSZ-AC with gas coil
4147,109,small_office,1,Electricity,PSZ-AC with electric coil
4148,103,large_hotel,0,Electricity,DOAS with water source heat pumps with ground source heat pump
4149,9,medium_office,1,DistrictHeating,VAV district chilled water with district hot water reheat
4150,27,primary_school,0,Electricity,PSZ-AC with electric coil
4151,30,medium_office,0,FuelOil,PVAV with gas boiler reheat
4152,107,secondary_school,1,Electricity,PTHP
4153,0,medium_office,1,NaturalGas,PVAV with gas heat with electric reheat
4154,14,retail,0,Electricity,PSZ-HP
4155,20,large_hotel,0,Electricity,PTHP
4156,8,warehouse,0,Propane,PSZ-AC with gas coil
4157,41,small_office,0,Electricity,PTHP
4158,107,small_hotel,0,NaturalGas,PTAC with gas boiler
4159,15,medium_office,1,NaturalGas,PVAV with gas boiler reheat
4160,9,grocery,0,Propane,Residential AC with residential forced air furnace
4161,40,secondary_school,0,NaturalGas,VAV air-cooled chiller with gas boiler reheat
4162,104,primary_school,1,NaturalGas,VAV chiller with gas boiler reheat
4163,20,large_hotel,0,Propane,DOAS with water source heat pumps cooling tower with boiler
4164,41,full_service_restaurant,0,NaturalGas,PSZ-AC with gas coil
4165,106,primary_school,1,NaturalGas,VAV air-cooled chiller with gas boiler reheat
4166,17,secondary_school,0,Electricity,PSZ-AC with electric coil
4167,37,large_hotel,0,NaturalGas,DOAS with water source heat pumps cooling tower with boiler
4168,36,strip_mall,1,Electricity,PSZ-AC with electric coil
4169,28,large_hotel,0,NaturalGas,DOAS with water source heat pumps cooling tower with boiler
4170,9,large_office,0,DistrictHeating,PVAV with district hot water reheat
4171,41,warehouse,0,NaturalGas,Residential AC with residential forced air furnace
4172,23,primary_school,0,NaturalGas,PSZ-AC with gas coil
4173,23,retail,0,Electricity,PSZ-HP
4174,39,retail,0,FuelOil,Residential AC with residential forced air furnace
4175,22,medium_office,0,NaturalGas,DOAS with fan coil air-cooled chiller with boiler
4176,46,quick_service_restaurant,0,NaturalGas,PSZ-AC with gas coil
4177,45,warehouse,0,Electricity,PTAC with electric coil
4178,40,large_hotel,1,NaturalGas,DOAS with fan coil chiller with boiler
4179,31,medium_office,0,NaturalGas,PVAV with gas boiler reheat
4180,14,medium_office,0,NaturalGas,PSZ-AC with gas coil
4181,8,secondary_school,1,NaturalGas,VAV chiller with gas boiler reheat
4182,1,large_hotel,0,Electricity,PTAC with electric coil
4183,9,primary_school,0,Electricity,PSZ-HP
4184,36,warehouse,1,Electricity,PSZ-AC with electric coil
4185,18,outpatient,1,NaturalGas,PSZ-AC with gas coil
4186,26,strip_mall,1,NaturalGas,PTAC with gas coil
4187,8,primary_school,0,NaturalGas,PSZ-AC with gas coil
4188,17,strip_mall,1,NaturalGas,PTAC with gas coil
4189,10,secondary_school,0,FuelOil,PSZ-AC with gas coil
4190,22,outpatient,1,Electricity,PVAV with PFP boxes
4191,4,medium_office,0,Electricity,PVAV with PFP boxes
4192,107,medium_office,0,Electricity,PSZ-HP
4193,20,strip_mall,1,NaturalGas,PVAV with gas heat with electric reheat
4194,105,strip_mall,1,NaturalGas,Residential AC with residential forced air furnace
4195,21,full_service_restaurant,0,Electricity,PSZ-AC with electric coil
4196,41,small_office,0,NaturalGas,Residential AC with residential forced air furnace
4197,9,hospital,1,NaturalGas,VAV chiller with gas boiler reheat
4198,103,strip_mall,1,NaturalGas,PVAV with gas heat with electric reheat
4199,9,secondary_school,0,FuelOil,PSZ-AC with gas boiler
4200,102,medium_office,0,Electricity,PSZ-HP
4201,17,outpatient,0,Electricity,PSZ-HP
4202,2,small_office,1,Electricity,PSZ-HP
4203,20,warehouse,1,Propane,PSZ-AC with gas coil
4204,101,strip_mall,1,Electricity,PSZ-AC with electric coil
4205,12,full_service_restaurant,1,Electricity,PVAV with PFP boxes
4206,34,warehouse,0,Electricity,PTAC with electric coil
4207,108,small_office,1,Electricity,PSZ-HP
4208,49,small_office,1,Electricity,PSZ-AC with electric coil
4209,32,full_service_restaurant,1,Electricity,PSZ-HP
4210,6,outpatient,0,Electricity,PSZ-AC with electric coil
4211,4,strip_mall,2,NaturalGas,PVAV with gas heat with electric reheat
4212,38,small_office,0,FuelOil,Residential AC with residential forced air furnace
4213,17,secondary_school,1,NaturalGas,PVAV with gas boiler reheat
4214,26,large_hotel,0,NaturalGas,DOAS with water source heat pumps cooling tower with boiler
4215,26,warehouse,0,Electricity,PSZ-HP
4216,36,large_office,1,NaturalGas,VAV chiller with gas boiler reheat
4217,5,primary_school,0,Electricity,PVAV with PFP boxes
4218,109,strip_mall,2,NaturalGas,PSZ-AC with gas coil
4219,49,retail,0,Electricity,PTAC with electric coil
4220,110,retail,0,NaturalGas,PSZ-AC with gas coil
4221,17,secondary_school,0,NaturalGas,DOAS with fan coil air-cooled chiller with boiler
4222,5,medium_office,0,NaturalGas,PVAV with gas boiler reheat
4223,5,warehouse,0,Propane,PSZ-AC with gas coil
4224,4,medium_office,0,NaturalGas,DOAS with fan coil air-cooled chiller with boiler
4225,25,medium_office,0,Electricity,PSZ-HP
4226,18,small_hotel,0,Propane,Residential AC with residential forced air furnace
4227,40,secondary_school,1,NaturalGas,PVAV with gas boiler reheat
4228,26,large_office,1,NaturalGas,VAV chiller with gas boiler reheat
4229,15,full_service_restaurant,1,Electricity,PSZ-AC with electric coil
4230,2,primary_school,1,Electricity,DOAS with water source heat pumps with ground source heat pump
4231,48,small_office,1,FuelOil,PSZ-AC with gas coil
4232,10,secondary_school,0,FuelOil,PSZ-AC with gas boiler
4233,1,small_office,0,NaturalGas,Residential AC with residential forced air furnace
4234,11,small_hotel,0,NaturalGas,Residential AC with residential forced air furnace
4235,10,strip_mall,2,NaturalGas,PVAV with gas heat with electric reheat
4236,101,retail,0,Electricity,PTAC with electric coil
4237,2,warehouse,0,Electricity,PSZ-HP
4238,2,small_hotel,0,NaturalGas,Residential AC with residential forced air furnace
4239,35,small_hotel,0,Propane,Residential AC with residential forced air furnace
4240,24,secondary_school,0,FuelOil,PTAC with gas boiler
4241,40,warehouse,0,Propane,Residential AC with residential forced air furnace
4242,105,primary_school,1,Electricity,PVAV with PFP boxes
4243,103,medium_office,0,Electricity,PSZ-AC with electric coil
4244,11,grocery,1,NaturalGas,PSZ-AC with gas coil
4245,106,small_hotel,0,Electricity,PTHP
4246,10,secondary_school,0,NaturalGas,DOAS with fan coil air-cooled chiller with boiler
4247,0,full_service_restaurant,1,Electricity,PSZ-HP
4248,9,large_office,1,NaturalGas,DOAS with water source heat pumps cooling tower with boiler
4249,47,medium_office,1,NaturalGas,PVAV with gas boiler reheat
4250,31,large_hotel,0,NaturalGas,PTAC with gas coil
4251,1,strip_mall,1,NaturalGas,PSZ-AC with gas coil
4252,23,retail,0,NaturalGas,Residential AC with residential forced air furnace
4253,36,quick_service_restaurant,0,Propane,PSZ-AC with gas coil
4254,4,primary_school,1,NaturalGas,VAV chiller with gas boiler reheat
4255,9,grocery,0,Propane,PSZ-AC with gas coil
4256,47,large_hotel,0,Electricity,PTAC with electric coil
4257,21,small_office,0,Electricity,PTHP
4258,12,secondary_school,0,NaturalGas,PTAC with gas boiler
4259,20,retail,0,FuelOil,PSZ-AC with gas coil
4260,36,medium_office,1,Electricity,PSZ-AC with electric coil
4261,48,medium_office,1,FuelOil,PSZ-AC with gas coil
4262,37,grocery,1,NaturalGas,PSZ-AC with gas coil
4263,21,strip_mall,1,NaturalGas,PSZ-AC with gas coil
4264,107,small_office,0,Propane,Residential AC with residential forced air furnace
4265,102,large_hotel,0,Electricity,DOAS with water source heat pumps with ground source heat pump
4266,11,strip_mall,2,Electricity,PVAV with PFP boxes
4267,2,grocery,1,NaturalGas,PSZ-AC with gas coil
4268,20,small_office,1,Electricity,PSZ-HP
4269,46,warehouse,0,Electricity,PSZ-HP
4270,37,large_hotel,1,Electricity,PTAC with electric coil
4271,33,medium_office,1,NaturalGas,PSZ-AC with gas coil
4272,3,full_service_restaurant,0,Electricity,PSZ-AC with electric coil
4273,16,warehouse,1,NaturalGas,PSZ-AC with gas coil
4274,106,medium_office,1,NaturalGas,PVAV with gas heat with electric reheat
4275,11,strip_mall,1,Electricity,PSZ-AC with electric coil
4276,21,warehouse,0,Electricity,PSZ-HP
4277,42,full_service_restaurant,0,Electricity,PSZ-HP
4278,17,full_service_restaurant,1,Propane,PSZ-AC with gas coil
4279,11,medium_office,1,NaturalGas,PVAV with gas boiler reheat
4280,106,small_office,1,NaturalGas,PVAV with gas heat with electric reheat
4281,31,medium_office,0,NaturalGas,PSZ-AC with gas coil
4282,48,secondary_school,0,NaturalGas,VAV air-cooled chiller with gas boiler reheat
4283,20,full_service_restaurant,1,NaturalGas,PVAV with gas boiler reheat
4284,34,medium_office,1,Electricity,PSZ-AC with electric coil
4285,30,hospital,1,NaturalGas,VAV chiller with gas boiler reheat
4286,31,small_office,1,NaturalGas,Residential AC with residential forced air furnace
4287,19,strip_mall,2,Electricity,PVAV with PFP boxes
4288,30,strip_mall,1,NaturalGas,Residential AC with residential forced air furnace
4289,107,primary_school,1,Electricity,PVAV with PFP boxes
4290,2,medium_office,0,Electricity,PVAV with PFP boxes
4291,100,full_service_restaurant,1,NaturalGas,PSZ-AC with gas coil
4292,41,warehouse,1,Electricity,PSZ-AC with electric coil
4293,9,large_office,0,NaturalGas,DOAS with water source heat pumps cooling tower with boiler
4294,29,primary_school,1,NaturalGas,VAV air-cooled chiller with gas boiler reheat
4295,38,grocery,0,NaturalGas,PSZ-AC with gas coil
4296,3,small_office,1,NaturalGas,PSZ-AC with gas coil
4297,31,strip_mall,2,NaturalGas,PSZ-AC with gas coil
4298,104,medium_office,1,Electricity,PSZ-AC with electric coil
4299,4,retail,0,FuelOil,PSZ-AC with gas coil
4300,4,large_office,0,NaturalGas,PVAV with gas heat with electric reheat
4301,6,retail,1,NaturalGas,PSZ-AC with gas coil
4302,32,medium_office,1,NaturalGas,PSZ-AC with gas coil
4303,48,quick_service_restaurant,0,Electricity,PSZ-HP
4304,33,secondary_school,0,NaturalGas,PVAV with gas heat with electric reheat
4305,29,strip_mall,1,NaturalGas,Residential AC with residential forced air furnace
4306,24,full_service_restaurant,1,Electricity,PSZ-AC with electric coil
4307,16,secondary_school,0,NaturalGas,PSZ-AC with gas boiler
4308,25,secondary_school,0,FuelOil,PSZ-AC with gas coil
4309,25,large_office,1,DistrictHeating,VAV chiller with district hot water reheat
4310,35,small_hotel,0,Electricity,PTHP
4311,2,outpatient,0,Electricity,PSZ-AC with electric coil
4312,40,secondary_school,0,NaturalGas,PVAV with gas heat with electric reheat
4313,36,large_hotel,0,Electricity,PTHP
4314,12,medium_office,1,DistrictHeating,PSZ-AC with district hot water
4315,36,medium_office,0,NaturalGas,PSZ-AC with gas boiler
4316,106,quick_service_restaurant,0,NaturalGas,Residential AC with residential forced air furnace
4317,40,strip_mall,2,NaturalGas,PVAV with gas boiler reheat
4318,17,quick_service_restaurant,0,FuelOil,PSZ-AC with gas coil
4319,24,large_hotel,0,NaturalGas,PTAC with gas coil
4320,12,medium_office,0,Electricity,PSZ-HP
4321,46,retail,0,Propane,Residential AC with residential forced air furnace
4322,23,full_service_restaurant,0,Electricity,PSZ-AC with electric coil
4323,100,small_office,1,NaturalGas,PVAV with gas boiler reheat
4324,0,secondary_school,0,NaturalGas,PTAC with gas boiler
4325,22,medium_office,0,NaturalGas,PSZ-AC with gas boiler
4326,44,strip_mall,0,NaturalGas,Residential AC with residential forced air furnace
4327,109,strip_mall,0,Electricity,PSZ-HP
4328,8,full_service_restaurant,1,Electricity,PVAV with PFP boxes
4329,7,primary_school,1,Electricity,PVAV with PFP boxes
4330,14,strip_mall,0,Electricity,PSZ-HP
4331,28,large_hotel,0,Electricity,PTAC with electric coil
4332,2,small_office,1,NaturalGas,PVAV with gas heat with electric reheat
4333,102,outpatient,0,NaturalGas,PSZ-AC with gas coil
4334,34,full_service_restaurant,1,NaturalGas,PSZ-AC with gas coil
4335,15,warehouse,0,Electricity,PTAC with electric coil
4336,18,small_office,1,Electricity,PSZ-HP
4337,105,small_office,0,Propane,PSZ-AC with gas coil
4338,41,strip_mall,0,NaturalGas,Residential AC with residential forced air furnace
4339,100,retail,0,FuelOil,PSZ-AC with gas coil
4340,24,strip_mall,1,Electricity,PSZ-AC with electric coil
4341,41,small_office,0,Electricity,PTAC with electric coil
4342,29,medium_office,0,FuelOil,PSZ-AC with gas coil
4343,9,secondary_school,1,Electricity,PSZ-HP
4344,28,secondary_school,1,NaturalGas,PVAV with gas boiler reheat
4345,30,primary_school,1,NaturalGas,VAV air-cooled chiller with gas boiler reheat
4346,40,outpatient,2,Electricity,PVAV with PFP boxes
4347,20,quick_service_restaurant,0,NaturalGas,Residential AC with residential forced air furnace
4348,2,strip_mall,1,NaturalGas,PVAV with gas heat with electric reheat
4349,2,small_office,1,NaturalGas,Residential AC with residential forced air furnace
4350,26,medium_office,1,NaturalGas,VAV air-cooled chiller with gas boiler reheat
4351,13,small_hotel,0,NaturalGas,PTAC with gas boiler
4352,106,primary_school,1,NaturalGas,VAV chiller with gas boiler reheat
4353,28,primary_school,1,NaturalGas,VAV chiller with gas boiler reheat
4354,102,primary_school,1,NaturalGas,PVAV with gas boiler reheat
4355,23,small_office,1,NaturalGas,PSZ-AC with gas coil
4356,12,large_hotel,0,NaturalGas,PTAC with gas coil
4357,5,medium_office,1,DistrictHeating,VAV district chilled water with district hot water reheat
4358,17,secondary_school,0,Electricity,PTHP
4359,107,grocery,1,Electricity,PSZ-AC with electric coil
4360,12,secondary_school,1,NaturalGas,PVAV with gas boiler reheat
4361,10,primary_school,1,FuelOil,PSZ-AC with gas boiler
4362,46,retail,0,Electricity,PSZ-HP
4363,40,strip_mall,1,NaturalGas,Residential AC with residential forced air furnace
4364,44,small_office,1,Electricity,PSZ-AC with electric coil
4365,15,strip_mall,2,NaturalGas,PSZ-AC with gas coil
4366,18,large_office,0,NaturalGas,VAV air-cooled chiller with gas boiler reheat
4367,105,quick_service_restaurant,0,NaturalGas,Residential AC with residential forced air furnace
4368,49,warehouse,1,Electricity,PVAV with PFP boxes
4369,24,strip_mall,1,NaturalGas,PVAV with gas heat with electric reheat
4370,101,primary_school,1,NaturalGas,PSZ-AC with gas coil
4371,12,medium_office,1,NaturalGas,PVAV with gas heat with electric reheat
4372,25,large_office,0,NaturalGas,VAV chiller with gas boiler reheat
4373,17,strip_mall,2,NaturalGas,PVAV with gas heat with electric reheat
4374,31,secondary_school,0,NaturalGas,PSZ-AC with gas boiler
4375,23,secondary_school,0,NaturalGas,PSZ-AC with gas coil
4376,35,small_office,0,Electricity,PSZ-HP
4377,16,medium_office,0,Electricity,PSZ-HP
4378,10,primary_school,0,FuelOil,PSZ-AC with gas coil
4379,100,retail,0,Electricity,PTHP
4380,32,medium_office,1,NaturalGas,VAV chiller with gas boiler reheat
4381,27,small_hotel,0,NaturalGas,Residential AC with residential forced air furnace
4382,40,large_office,0,NaturalGas,PVAV with gas boiler reheat
4383,1,secondary_school,0,NaturalGas,PSZ-AC with gas coil
4384,100,warehouse,1,Electricity,PSZ-AC with electric coil
4385,26,primary_school,1,NaturalGas,VAV chiller with gas boiler reheat
4386,40,secondary_school,1,NaturalGas,VAV air-cooled chiller with gas boiler reheat
4387,4,medium_office,1,NaturalGas,VAV air-cooled chiller with gas boiler reheat
4388,45,outpatient,0,Electricity,PSZ-AC with electric coil
4389,30,full_service_restaurant,1,DistrictHeating,VAV district chilled water with district hot water reheat
4390,13,large_office,0,Electricity,PVAV with PFP boxes
4391,107,primary_school,1,NaturalGas,VAV chiller with gas boiler reheat
4392,30,large_office,0,NaturalGas,VAV chiller with gas boiler reheat
4393,23,small_hotel,0,NaturalGas,Residential AC with residential forced air furnace
4394,12,medium_office,1,NaturalGas,VAV chiller with gas boiler reheat
4395,15,small_hotel,0,Propane,Residential AC with residential forced air furnace
4396,5,strip_mall,1,NaturalGas,PVAV with gas heat with electric reheat
4397,7,retail,1,NaturalGas,PSZ-AC with gas coil
4398,9,full_service_restaurant,1,NaturalGas,PVAV with gas boiler reheat
4399,41,quick_service_restaurant,0,Electricity,PSZ-HP
4400,107,medium_office,0,NaturalGas,DOAS with fan coil air-cooled chiller with boiler
4401,7,warehouse,1,NaturalGas,PSZ-AC with gas coil
4402,33,medium_office,0,Electricity,PVAV with PFP boxes
4403,103,warehouse,0,Propane,PSZ-AC with gas coil
4404,37,secondary_school,1,Electricity,PTHP
4405,107,quick_service_restaurant,0,NaturalGas,Residential AC with residential forced air furnace
4406,6,large_office,1,Electricity,PVAV with PFP boxes
4407,32,large_office,1,Electricity,VAV chiller with PFP boxes
4408,40,primary_school,1,NaturalGas,PVAV with gas boiler reheat
4409,24,medium_office,1,NaturalGas,PVAV with gas boiler reheat
4410,28,strip_mall,2,NaturalGas,PVAV with gas heat with electric reheat
4411,2,medium_office,0,Electricity,PSZ-AC with electric coil
4412,36,strip_mall,2,Electricity,PVAV with PFP boxes
4413,34,retail,0,NaturalGas,Residential AC with residential forced air furnace
4414,30,large_hotel,0,NaturalGas,DOAS with water source heat pumps cooling tower with boiler
4415,24,small_office,1,FuelOil,PVAV with gas boiler reheat
4416,100,retail,1,Electricity,PSZ-AC with electric coil
4417,40,secondary_school,0,NaturalGas,PTAC with gas boiler
4418,20,warehouse,1,Electricity,PVAV with PFP boxes
4419,105,large_hotel,1,Electricity,PTAC with electric coil
4420,10,large_office,0,NaturalGas,DOAS with water source heat pumps cooling tower with boiler
4421,9,outpatient,1,Electricity,PVAV with PFP boxes
4422,100,grocery,0,NaturalGas,PSZ-AC with gas coil
4423,48,large_hotel,0,Electricity,PTHP
4424,36,outpatient,0,Electricity,PSZ-AC with electric coil
4425,4,large_office,0,Electricity,PVAV with PFP boxes
4426,40,strip_mall,2,NaturalGas,PVAV with gas heat with electric reheat
4427,41,medium_office,1,Electricity,PSZ-AC with electric coil
4428,36,full_service_restaurant,1,Electricity,PSZ-AC with electric coil
4429,7,strip_mall,0,NaturalGas,Residential AC with residential forced air furnace
4430,0,small_hotel,0,NaturalGas,PTAC with gas boiler
4431,4,secondary_school,1,NaturalGas,PVAV with gas boiler reheat
4432,19,outpatient,2,Electricity,PVAV with PFP boxes
4433,26,hospital,1,NaturalGas,VAV chiller with gas boiler reheat
4434,1,quick_service_restaurant,0,Electricity,PSZ-AC with electric coil
4435,29,large_office,1,DistrictHeating,VAV district chilled water with district hot water reheat
4436,20,primary_school,1,NaturalGas,VAV air-cooled chiller with gas boiler reheat
4437,0,primary_school,0,Electricity,PSZ-AC with electric coil
4438,20,small_office,0,FuelOil,Residential AC with residential forced air furnace
4439,1,strip_mall,2,NaturalGas,PSZ-AC with gas coil
4440,29,large_hotel,0,Electricity,PTHP
4441,26,quick_service_restaurant,0,Propane,PSZ-AC with gas coil
4442,103,large_hotel,0,NaturalGas,PTAC with gas coil
4443,1,full_service_restaurant,1,NaturalGas,PSZ-AC with gas coil
4444,10,large_office,1,DistrictHeating,VAV chiller with district hot water reheat
4445,31,quick_service_restaurant,0,Electricity,PSZ-HP
4446,40,outpatient,0,NaturalGas,PSZ-AC with gas coil
4447,25,outpatient,0,Electricity,PSZ-AC with electric coil
4448,44,small_office,0,Electricity,PTAC with electric coil
4449,19,large_hotel,1,NaturalGas,PTAC with gas boiler
4450,20,medium_office,0,Electricity,PSZ-HP
4451,28,warehouse,0,Electricity,PTAC with electric coil
4452,4,medium_office,1,Electricity,PSZ-AC with electric coil
4453,9,secondary_school,1,NaturalGas,PVAV with gas boiler reheat
4454,24,medium_office,0,Propane,PSZ-AC with gas coil
4455,106,medium_office,1,NaturalGas,PSZ-AC with gas coil
4456,28,primary_school,0,NaturalGas,PSZ-AC with gas coil
4457,25,medium_office,0,NaturalGas,PSZ-AC with gas boiler
4458,45,small_office,1,Electricity,PSZ-HP
4459,47,small_office,1,NaturalGas,PVAV with gas heat with electric reheat
4460,36,outpatient,1,NaturalGas,PVAV with gas boiler reheat
4461,35,small_office,1,NaturalGas,PVAV with gas boiler reheat
4462,23,secondary_school,0,NaturalGas,PSZ-AC with gas boiler
4463,110,small_office,0,NaturalGas,PSZ-AC with gas coil
4464,20,small_office,0,FuelOil,PSZ-AC with gas coil
4465,6,full_service_restaurant,1,Electricity,PSZ-HP
4466,25,large_office,1,Electricity,PVAV with PFP boxes
4467,29,large_office,0,NaturalGas,VAV chiller with gas boiler reheat
4468,38,large_hotel,0,NaturalGas,DOAS with water source heat pumps cooling tower with boiler
4469,17,small_office,0,FuelOil,Residential AC with residential forced air furnace
4470,34,full_service_restaurant,0,Electricity,PSZ-HP
4471,1,small_hotel,0,NaturalGas,Residential AC with residential forced air furnace
4472,16,small_hotel,0,Propane,Residential AC with residential forced air furnace
4473,13,large_hotel,0,Electricity,DOAS with water source heat pumps with ground source heat pump
4474,107,large_office,0,NaturalGas,VAV chiller with gas boiler reheat
4475,12,large_office,0,Electricity,VAV chiller with PFP boxes
4476,35,secondary_school,0,NaturalGas,PSZ-AC with gas boiler
4477,48,large_office,0,NaturalGas,DOAS with water source heat pumps cooling tower with boiler
4478,104,retail,0,Electricity,PTAC with electric coil
4479,104,strip_mall,1,NaturalGas,PVAV with gas heat with electric reheat
4480,5,outpatient,1,Electricity,VAV air-cooled chiller with PFP boxes
4481,47,warehouse,0,Propane,Residential AC with residential forced air furnace
4482,33,medium_office,1,NaturalGas,VAV air-cooled chiller with gas boiler reheat
4483,103,medium_office,1,NaturalGas,PSZ-AC with gas coil
4484,2,primary_school,1,NaturalGas,PVAV with gas heat with electric reheat
4485,26,strip_mall,1,NaturalGas,PVAV with gas heat with electric reheat
4486,20,small_office,1,Propane,PVAV with gas boiler reheat
4487,14,warehouse,1,Electricity,PSZ-AC with electric coil
4488,23,strip_mall,1,NaturalGas,PSZ-AC with gas coil
4489,32,large_office,0,Electricity,PVAV with PFP boxes
4490,6,outpatient,0,Electricity,PSZ-HP
4491,40,large_office,0,NaturalGas,VAV chiller with gas boiler reheat
4492,22,large_hotel,1,Electricity,DOAS with fan coil chiller with baseboard electric
4493,102,primary_school,1,NaturalGas,VAV air-cooled chiller with gas boiler reheat
4494,22,primary_school,0,NaturalGas,PVAV with gas heat with electric reheat
4495,24,medium_office,0,NaturalGas,PVAV with gas boiler reheat
4496,39,warehouse,1,NaturalGas,PVAV with gas heat with electric reheat
4497,38,secondary_school,0,Electricity,DOAS with water source heat pumps with ground source heat pump
4498,2,outpatient,0,NaturalGas,PSZ-AC with gas coil
4499,16,secondary_school,0,Electricity,DOAS with water source heat pumps with ground source heat pump
4500,8,secondary_school,1,NaturalGas,VAV air-cooled chiller with gas boiler reheat
4501,103,large_office,1,NaturalGas,VAV chiller with gas boiler reheat
4502,49,grocery,1,Electricity,PSZ-AC with electric coil
4503,33,primary_school,0,NaturalGas,PSZ-AC with gas coil
4504,38,strip_mall,1,NaturalGas,Residential AC with residential forced air furnace
4505,30,warehouse,1,FuelOil,PVAV with gas boiler reheat
4506,48,outpatient,2,NaturalGas,PVAV with gas boiler reheat
4507,35,full_service_restaurant,0,Electricity,PSZ-HP
4508,26,full_service_restaurant,1,NaturalGas,PVAV with gas boiler reheat
4509,33,medium_office,0,Electricity,PSZ-AC with electric coil
4510,103,large_hotel,0,NaturalGas,PTAC with gas boiler
4511,106,strip_mall,1,NaturalGas,PVAV with gas heat with electric reheat
4512,4,quick_service_restaurant,0,Propane,PSZ-AC with gas coil
4513,15,large_hotel,0,Electricity,PTHP
4514,13,large_office,1,Electricity,VAV chiller with PFP boxes
4515,102,secondary_school,0,Electricity,PSZ-AC with electric coil
4516,105,secondary_school,0,Electricity,PTHP
4517,37,medium_office,0,NaturalGas,PSZ-AC with gas coil
4518,102,large_hotel,0,NaturalGas,DOAS with water source heat pumps cooling tower with boiler
4519,24,grocery,1,FuelOil,PSZ-AC with gas coil
4520,101,primary_school,1,NaturalGas,PVAV with gas boiler reheat
4521,38,outpatient,0,Electricity,PSZ-AC with electric coil
4522,41,warehouse,1,Electricity,PVAV with PFP boxes
4523,36,outpatient,2,NaturalGas,PVAV with gas boiler reheat
4524,23,quick_service_restaurant,0,Electricity,PSZ-AC with electric coil
4525,31,grocery,1,NaturalGas,PSZ-AC with gas coil
4526,24,small_hotel,0,NaturalGas,PTAC with gas boiler
4527,0,secondary_school,1,NaturalGas,PVAV with gas boiler reheat
4528,10,strip_mall,1,NaturalGas,PTAC with gas coil
4529,31,warehouse,0,Electricity,PTHP
4530,33,full_service_restaurant,1,Electricity,PSZ-AC with electric coil
4531,10,small_hotel,0,NaturalGas,PTAC with gas boiler
4532,48,quick_service_restaurant,0,FuelOil,PSZ-AC with gas coil
4533,1,medium_office,1,NaturalGas,PVAV with gas boiler reheat
4534,49,small_office,0,Propane,Residential AC with residential forced air furnace
4535,14,large_hotel,0,Electricity,PTAC with electric coil
4536,41,medium_office,1,Electricity,PVAV with PFP boxes
4537,100,secondary_school,0,Electricity,PTHP
4538,29,medium_office,1,FuelOil,PSZ-AC with gas coil
4539,29,hospital,1,NaturalGas,VAV chiller with gas boiler reheat
4540,32,warehouse,0,FuelOil,PSZ-AC with gas coil
4541,49,warehouse,1,NaturalGas,PVAV with gas heat with electric reheat
4542,17,quick_service_restaurant,0,Propane,PSZ-AC with gas coil
4543,25,medium_office,0,NaturalGas,DOAS with fan coil air-cooled chiller with boiler
4544,9,secondary_school,1,NaturalGas,VAV air-cooled chiller with gas boiler reheat
4545,36,secondary_school,0,NaturalGas,PVAV with gas heat with electric reheat
4546,109,small_hotel,0,NaturalGas,PTAC with gas boiler
4547,4,medium_office,0,NaturalGas,PSZ-AC with gas boiler
4548,19,outpatient,1,Electricity,PVAV with PFP boxes
4549,7,warehouse,1,Electricity,PVAV with PFP boxes
4550,7,grocery,0,Electricity,PSZ-AC with electric coil
4551,8,secondary_school,0,NaturalGas,PSZ-AC with gas boiler
4552,43,full_service_restaurant,0,Electricity,PSZ-AC with electric coil
4553,16,retail,0,FuelOil,Residential AC with residential forced air furnace
4554,102,full_service_restaurant,1,Electricity,PSZ-AC with electric coil
4555,32,grocery,1,Propane,PSZ-AC with gas coil
4556,104,medium_office,0,Electricity,PVAV with PFP boxes
4557,15,strip_mall,2,Electricity,PVAV with PFP boxes
4558,42,quick_service_restaurant,0,Electricity,PSZ-AC with electric coil
4559,30,warehouse,0,Propane,Residential AC with residential forced air furnace
4560,9,strip_mall,1,NaturalGas,Residential AC with residential forced air furnace
4561,103,strip_mall,2,Electricity,PVAV with PFP boxes
4562,5,medium_office,1,NaturalGas,PVAV with gas heat with electric reheat
4563,37,full_service_restaurant,1,Electricity,PSZ-HP
4564,30,grocery,0,FuelOil,PSZ-AC with gas coil
4565,102,medium_office,1,Electricity,PSZ-HP
4566,34,retail,0,Electricity,PTHP
4567,20,strip_mall,2,NaturalGas,PVAV with gas boiler reheat
4568,16,retail,1,FuelOil,PSZ-AC with gas coil
4569,107,secondary_school,0,NaturalGas,PSZ-AC with gas boiler
4570,28,primary_school,1,NaturalGas,PVAV with gas boiler reheat
4571,15,secondary_school,0,NaturalGas,PTAC with gas boiler
4572,19,large_office,0,NaturalGas,PVAV with gas heat with electric reheat
4573,40,secondary_school,1,NaturalGas,VAV chiller with gas boiler reheat
4574,23,retail,0,FuelOil,PSZ-AC with gas coil
4575,106,small_office,0,Propane,PSZ-AC with gas coil
4576,17,medium_office,1,NaturalGas,PSZ-AC with gas coil
4577,17,large_office,1,NaturalGas,VAV chiller with gas boiler reheat
4578,27,medium_office,0,NaturalGas,PVAV with gas boiler reheat
4579,100,large_hotel,0,NaturalGas,DOAS with water source heat pumps cooling tower with boiler
4580,14,medium_office,1,NaturalGas,PVAV with gas boiler reheat
4581,30,small_office,1,FuelOil,PSZ-AC with gas coil
4582,47,retail,1,Electricity,PSZ-AC with electric coil
4583,21,small_hotel,0,Propane,Residential AC with residential forced air furnace
4584,34,medium_office,1,Electricity,VAV chiller with PFP boxes
4585,35,warehouse,0,Electricity,PSZ-HP
4586,27,small_office,1,NaturalGas,Residential AC with residential forced air furnace
4587,26,medium_office,0,Electricity,PSZ-HP
4588,8,medium_office,0,Electricity,PSZ-HP
4589,105,large_office,0,Electricity,PVAV with PFP boxes
4590,40,primary_school,0,NaturalGas,PVAV with gas heat with electric reheat
4591,24,grocery,0,NaturalGas,PSZ-AC with gas coil
4592,106,small_office,1,Electricity,PSZ-HP
4593,48,primary_school,1,FuelOil,DOAS with fan coil air-cooled chiller with boiler
4594,39,full_service_restaurant,1,Electricity,PSZ-HP
4595,29,outpatient,2,NaturalGas,PVAV with gas boiler reheat
4596,20,strip_mall,0,Electricity,PSZ-HP
4597,2,warehouse,0,Propane,PSZ-AC with gas coil
4598,29,retail,0,Propane,Residential AC with residential forced air furnace
4599,27,small_office,1,Electricity,PSZ-HP
4600,27,large_hotel,0,Electricity,PTHP
4601,45,small_hotel,0,Electricity,PTHP
4602,20,large_hotel,0,NaturalGas,DOAS with water source heat pumps cooling tower with boiler
4603,0,primary_school,1,NaturalGas,DOAS with water source heat pumps cooling tower with boiler
4604,100,grocery,1,NaturalGas,PSZ-AC with gas coil
4605,13,large_office,0,NaturalGas,PVAV with gas heat with electric reheat
4606,25,quick_service_restaurant,0,Electricity,PTAC with electric coil
4607,14,full_service_restaurant,0,Electricity,PSZ-HP
4608,43,small_office,1,NaturalGas,PSZ-AC with gas coil
4609,18,small_hotel,0,NaturalGas,PTAC with gas boiler
4610,39,strip_mall,1,NaturalGas,Residential AC with residential forced air furnace
4611,32,grocery,0,Propane,Residential AC with residential forced air furnace
4612,37,medium_office,1,NaturalGas,PVAV with gas heat with electric reheat
4613,103,medium_office,1,Electricity,PSZ-AC with electric coil
4614,29,primary_school,1,FuelOil,PVAV with gas boiler reheat
4615,105,large_hotel,0,NaturalGas,DOAS with water source heat pumps cooling tower with boiler
4616,104,secondary_school,1,Electricity,PTHP
4617,26,retail,0,Electricity,PTAC with electric coil
4618,47,small_office,1,FuelOil,PVAV with gas heat with electric reheat
4619,2,secondary_school,0,Electricity,PSZ-AC with electric coil
4620,16,medium_office,1,Electricity,PSZ-AC with electric coil
4621,108,strip_mall,1,Electricity,PSZ-AC with electric coil
4622,41,full_service_restaurant,0,Propane,PSZ-AC with gas coil
4623,19,hospital,1,NaturalGas,VAV air-cooled chiller with gas boiler reheat
4624,33,primary_school,1,Electricity,PVAV with PFP boxes
4625,43,full_service_restaurant,0,Electricity,PSZ-HP
4626,13,quick_service_restaurant,0,Electricity,PTAC with electric coil
4627,36,large_office,0,NaturalGas,PVAV with gas boiler reheat
4628,32,grocery,0,NaturalGas,PSZ-AC with gas coil
4629,30,secondary_school,0,FuelOil,PSZ-AC with gas boiler
4630,34,primary_school,0,Electricity,PSZ-AC with electric coil
4631,28,retail,0,Electricity,PTHP
4632,31,primary_school,0,NaturalGas,PSZ-AC with gas coil
4633,110,small_hotel,0,Propane,Residential AC with residential forced air furnace
4634,104,outpatient,0,NaturalGas,PSZ-AC with gas coil
4635,107,medium_office,1,Electricity,PSZ-HP
4636,109,large_hotel,0,Electricity,PTHP
4637,10,medium_office,0,Propane,PSZ-AC with gas coil
4638,106,small_office,1,NaturalGas,Residential AC with residential forced air furnace
4639,48,strip_mall,2,Electricity,PVAV with PFP boxes
4640,48,strip_mall,1,NaturalGas,PTAC with gas coil
4641,4,medium_office,1,Electricity,PSZ-HP
4642,25,full_service_restaurant,1,NaturalGas,PVAV with gas heat with electric reheat
4643,10,large_office,1,DistrictHeating,VAV district chilled water with district hot water reheat
4644,31,large_hotel,0,NaturalGas,PTAC with gas boiler
4645,102,large_hotel,1,Electricity,PTAC with electric coil
4646,26,quick_service_restaurant,0,NaturalGas,Residential AC with residential forced air furnace
4647,9,large_office,1,NaturalGas,VAV air-cooled chiller with gas boiler reheat
4648,105,grocery,0,Electricity,PSZ-AC with electric coil
4649,36,large_hotel,0,Electricity,DOAS with water source heat pumps with ground source heat pump
4650,29,medium_office,0,FuelOil,PVAV with gas boiler reheat
4651,20,primary_school,1,NaturalGas,PVAV with gas heat with electric reheat
4652,14,warehouse,0,NaturalGas,Residential AC with residential forced air furnace
4653,11,quick_service_restaurant,0,NaturalGas,Residential AC with residential forced air furnace
4654,33,strip_mall,1,NaturalGas,Residential AC with residential forced air furnace
4655,43,strip_mall,0,NaturalGas,Residential AC with residential forced air furnace
4656,41,small_office,1,Electricity,PVAV with PFP boxes
4657,20,grocery,0,Electricity,PSZ-AC with electric coil
4658,27,outpatient,0,NaturalGas,PSZ-AC with gas coil
4659,104,secondary_school,0,Electricity,PSZ-AC with electric coil
4660,27,warehouse,1,NaturalGas,PVAV with gas boiler reheat
4661,103,small_office,1,NaturalGas,PVAV with gas boiler reheat
4662,107,strip_mall,1,NaturalGas,Residential AC with residential forced air furnace
4663,33,secondary_school,0,Electricity,PSZ-AC with electric coil
4664,24,small_office,1,NaturalGas,Residential AC with residential forced air furnace
4665,12,grocery,0,NaturalGas,PSZ-AC with gas coil
4666,1,small_office,0,Electricity,PTHP
4667,100,warehouse,1,NaturalGas,PSZ-AC with gas coil
4668,4,secondary_school,0,NaturalGas,PTAC with gas boiler
4669,32,strip_mall,2,NaturalGas,PVAV with gas heat with electric reheat
4670,16,primary_school,1,Electricity,DOAS with water source heat pumps with ground source heat pump
4671,9,large_hotel,1,Electricity,DOAS with fan coil chiller with baseboard electric
4672,26,primary_school,0,NaturalGas,PVAV with gas heat with electric reheat
4673,0,primary_school,1,NaturalGas,VAV air-cooled chiller with gas boiler reheat
4674,15,small_office,1,Electricity,PSZ-AC with electric coil
4675,36,secondary_school,0,NaturalGas,DOAS with fan coil air-cooled chiller with boiler
4676,4,medium_office,1,Electricity,VAV chiller with PFP boxes
4677,14,large_hotel,1,Electricity,PTAC with electric coil
4678,37,medium_office,0,NaturalGas,PVAV with gas boiler reheat
4679,23,strip_mall,2,NaturalGas,PSZ-AC with gas coil
4680,9,primary_school,0,NaturalGas,PVAV with gas boiler reheat
4681,24,secondary_school,0,FuelOil,PVAV with gas heat with electric reheat
4682,23,small_office,0,Electricity,PTHP
4683,40,strip_mall,1,NaturalGas,PTAC with gas coil
4684,109,retail,0,Electricity,PTHP
4685,34,small_office,1,Propane,PSZ-AC with gas coil
4686,17,outpatient,0,NaturalGas,PSZ-AC with gas coil
4687,44,retail,0,Electricity,PTAC with electric coil
4688,20,secondary_school,0,NaturalGas,VAV air-cooled chiller with gas boiler reheat
4689,28,warehouse,1,Electricity,PSZ-AC with electric coil
4690,23,large_hotel,0,NaturalGas,PTAC with gas coil
4691,39,small_hotel,0,NaturalGas,PTAC with gas boiler
4692,103,small_office,1,Electricity,PSZ-HP
4693,105,strip_mall,2,NaturalGas,PVAV with gas heat with electric reheat
4694,21,retail,1,Propane,PSZ-AC with gas coil
4695,18,large_office,0,Electricity,VAV chiller with PFP boxes
4696,9,secondary_school,0,NaturalGas,DOAS with fan coil air-cooled chiller with boiler
4697,9,secondary_school,0,NaturalGas,PTAC with gas boiler
4698,4,full_service_restaurant,1,NaturalGas,PVAV with gas boiler reheat
4699,108,small_office,1,NaturalGas,PVAV with gas heat with electric reheat
4700,100,small_hotel,0,Propane,PTAC with gas boiler
4701,4,large_office,0,NaturalGas,VAV air-cooled chiller with gas boiler reheat
4702,48,outpatient,0,FuelOil,PSZ-AC with gas coil
4703,0,grocery,0,Propane,Residential AC with residential forced air furnace
4704,47,full_service_restaurant,1,DistrictHeating,VAV district chilled water with district hot water reheat
4705,10,medium_office,1,FuelOil,PVAV with gas heat with electric reheat
4706,106,small_hotel,0,Propane,Residential AC with residential forced air furnace
4707,42,small_office,1,NaturalGas,PVAV with gas boiler reheat
4708,49,small_hotel,0,Electricity,PTHP
4709,10,large_hotel,1,Electricity,PTAC with electric coil
4710,38,strip_mall,1,NaturalGas,PVAV with gas heat with electric reheat
4711,37,warehouse,0,Propane,PSZ-AC with gas coil
4712,16,warehouse,1,Electricity,PVAV with PFP boxes
4713,29,outpatient,1,NaturalGas,PSZ-AC with gas coil
4714,17,large_office,0,Electricity,VAV chiller with PFP boxes
4715,34,large_hotel,0,Electricity,PTAC with electric coil
4716,101,primary_school,1,NaturalGas,VAV air-cooled chiller with gas boiler reheat
4717,48,medium_office,1,Electricity,PSZ-AC with electric coil
4718,32,small_office,1,NaturalGas,PVAV with gas heat with electric reheat
4719,2,quick_service_restaurant,0,NaturalGas,Residential AC with residential forced air furnace
4720,44,small_hotel,0,Electricity,PTAC with electric coil
4721,26,full_service_restaurant,0,Electricity,PSZ-AC with electric coil
4722,109,quick_service_restaurant,0,Electricity,PSZ-HP
4723,2,outpatient,0,Electricity,PSZ-HP
4724,31,full_service_restaurant,0,Electricity,PSZ-HP
4725,18,primary_school,1,NaturalGas,PSZ-AC with gas coil
4726,2,secondary_school,0,NaturalGas,VAV air-cooled chiller with gas boiler reheat
4727,40,hospital,1,NaturalGas,VAV chiller with gas boiler reheat
4728,11,full_service_restaurant,1,Electricity,PSZ-AC with electric coil
4729,19,full_service_restaurant,1,Propane,PSZ-AC with gas coil
4730,0,primary_school,1,NaturalGas,PSZ-AC with gas boiler
4731,29,large_hotel,0,NaturalGas,DOAS with water source heat pumps cooling tower with boiler
4732,0,strip_mall,2,NaturalGas,PVAV with gas heat with electric reheat
4733,0,large_office,1,NaturalGas,VAV chiller with gas boiler reheat
4734,24,warehouse,1,FuelOil,PVAV with gas boiler reheat
4735,28,large_office,0,NaturalGas,PVAV with gas boiler reheat
4736,33,medium_office,1,Electricity,PVAV with PFP boxes
4737,25,small_hotel,0,NaturalGas,Residential AC with residential forced air furnace
4738,108,large_hotel,0,Electricity,PTHP
4739,21,small_office,1,NaturalGas,PSZ-AC with gas coil
4740,2,medium_office,1,Electricity,PSZ-AC with electric coil
4741,100,outpatient,0,NaturalGas,PSZ-AC with gas coil
4742,39,medium_office,0,NaturalGas,DOAS with fan coil chiller with boiler
4743,11,primary_school,1,NaturalGas,PSZ-AC with gas coil
4744,48,outpatient,1,NaturalGas,PSZ-AC with gas coil
4745,36,retail,1,Propane,PSZ-AC with gas coil
4746,27,quick_service_restaurant,0,NaturalGas,Residential AC with residential forced air furnace
4747,24,primary_school,1,FuelOil,PVAV with gas boiler reheat
4748,8,secondary_school,1,NaturalGas,PVAV with gas boiler reheat
4749,107,large_office,1,Electricity,VAV chiller with PFP boxes
4750,108,primary_school,1,NaturalGas,PSZ-AC with gas coil
4751,48,small_hotel,0,NaturalGas,PTAC with gas boiler
4752,47,small_office,1,Electricity,PSZ-HP
4753,42,small_office,0,Electricity,PSZ-AC with electric coil
4754,104,primary_school,1,Electricity,PVAV with PFP boxes
4755,19,outpatient,2,NaturalGas,VAV air-cooled chiller with gas boiler reheat
4756,13,primary_school,0,Electricity,PVAV with PFP boxes
4757,26,secondary_school,1,NaturalGas,VAV air-cooled chiller with gas boiler reheat
4758,108,small_hotel,0,NaturalGas,PTAC with gas boiler
4759,108,secondary_school,0,Electricity,PSZ-AC with electric coil
4760,36,warehouse,1,FuelOil,PSZ-AC with gas coil
4761,106,secondary_school,1,Electricity,PTHP
4762,18,outpatient,1,NaturalGas,PVAV with gas boiler reheat
4763,33,quick_service_restaurant,0,FuelOil,PSZ-AC with gas coil
4764,39,retail,1,FuelOil,PSZ-AC with gas coil
4765,33,secondary_school,0,NaturalGas,DOAS with fan coil air-cooled chiller with boiler
4766,17,full_service_restaurant,1,NaturalGas,PVAV with gas boiler reheat
4767,6,secondary_school,0,Electricity,DOAS with water source heat pumps with ground source heat pump
4768,0,grocery,0,Propane,PSZ-AC with gas coil
4769,20,large_office,0,NaturalGas,VAV chiller with gas boiler reheat
4770,21,warehouse,0,Electricity,PTHP
4771,35,strip_mall,2,NaturalGas,PSZ-AC with gas coil
4772,25,large_hotel,1,NaturalGas,DOAS with fan coil chiller with boiler
4773,34,retail,0,Electricity,PTAC with electric coil
4774,48,large_hotel,0,Electricity,DOAS with water source heat pumps with ground source heat pump
4775,47,small_hotel,0,Electricity,PTHP
4776,46,full_service_restaurant,0,Electricity,PSZ-AC with electric coil
4777,18,primary_school,1,Electricity,DOAS with water source heat pumps with ground source heat pump
4778,25,secondary_school,0,NaturalGas,PSZ-AC with gas boiler
4779,33,primary_school,1,Electricity,DOAS with water source heat pumps with ground source heat pump
4780,102,strip_mall,2,Electricity,PVAV with PFP boxes
4781,26,full_service_restaurant,1,NaturalGas,PVAV with gas heat with electric reheat
4782,36,medium_office,1,Electricity,VAV chiller with PFP boxes
4783,29,large_office,0,Electricity,PVAV with PFP boxes
4784,33,medium_office,1,Electricity,PSZ-AC with electric coil
4785,11,large_hotel,0,NaturalGas,DOAS with water source heat pumps cooling tower with boiler
4786,46,retail,0,Electricity,PTHP
4787,37,strip_mall,1,NaturalGas,PVAV with gas heat with electric reheat
4788,33,secondary_school,0,Electricity,PTHP
4789,31,retail,0,Electricity,PTAC with electric coil
4790,30,warehouse,1,FuelOil,PVAV with gas heat with electric reheat
4791,13,secondary_school,1,NaturalGas,PVAV with gas boiler reheat
4792,26,small_office,0,Electricity,PTAC with electric coil
4793,17,primary_school,1,NaturalGas,VAV chiller with gas boiler reheat
4794,12,secondary_school,0,NaturalGas,PVAV with gas heat with electric reheat
4795,13,hospital,1,NaturalGas,VAV air-cooled chiller with gas boiler reheat
4796,13,medium_office,1,NaturalGas,VAV chiller with gas boiler reheat
4797,45,strip_mall,2,NaturalGas,PSZ-AC with gas coil
4798,32,grocery,0,Propane,PSZ-AC with gas coil
4799,102,primary_school,1,NaturalGas,VAV chiller with gas boiler reheat
4800,101,warehouse,1,NaturalGas,PVAV with gas heat with electric reheat
4801,105,medium_office,0,NaturalGas,DOAS with fan coil chiller with boiler
4802,45,primary_school,1,Electricity,DOAS with water source heat pumps with ground source heat pump
4803,13,secondary_school,0,NaturalGas,VAV air-cooled chiller with gas boiler reheat
4804,19,grocery,0,NaturalGas,Residential AC with residential forced air furnace
4805,46,warehouse,1,NaturalGas,PSZ-AC with gas coil
4806,10,secondary_school,1,NaturalGas,VAV chiller with gas boiler reheat
4807,106,medium_office,1,Electricity,PVAV with PFP boxes
4808,32,secondary_school,0,Electricity,DOAS with water source heat pumps with ground source heat pump
4809,46,strip_mall,1,NaturalGas,PSZ-AC with gas coil
4810,110,small_office,0,Electricity,PSZ-AC with electric coil
4811,28,small_office,0,Electricity,PTAC with electric coil
4812,29,small_hotel,0,NaturalGas,PTAC with gas boiler
4813,31,small_office,0,Electricity,PTAC with electric coil
4814,11,primary_school,0,NaturalGas,PSZ-AC with gas coil
4815,30,strip_mall,1,NaturalGas,PTAC with gas coil
4816,16,large_hotel,0,NaturalGas,PTAC with gas coil
4817,13,outpatient,1,NaturalGas,PSZ-AC with gas coil
4818,16,large_hotel,0,NaturalGas,PTAC with gas boiler
4819,25,primary_school,1,Electricity,DOAS with water source heat pumps with ground source heat pump
4820,35,grocery,1,NaturalGas,PSZ-AC with gas coil
4821,4,grocery,1,Electricity,PSZ-AC with electric coil
4822,17,large_office,1,Electricity,VAV chiller with PFP boxes
4823,24,medium_office,1,FuelOil,PVAV with gas boiler reheat
4824,0,primary_school,0,Electricity,PSZ-HP
4825,17,medium_office,1,DistrictHeating,PSZ-AC with district hot water
4826,30,outpatient,1,NaturalGas,PSZ-AC with gas coil
4827,2,large_hotel,0,NaturalGas,DOAS with water source heat pumps cooling tower with boiler
4828,102,large_office,0,Electricity,VAV chiller with PFP boxes
4829,40,outpatient,1,Electricity,PVAV with PFP boxes
4830,23,full_service_restaurant,1,NaturalGas,PSZ-AC with gas coil
4831,24,strip_mall,2,Electricity,PVAV with PFP boxes
4832,8,full_service_restaurant,1,NaturalGas,PVAV with gas boiler reheat
4833,22,hospital,1,NaturalGas,VAV air-cooled chiller with gas boiler reheat
4834,48,large_office,0,NaturalGas,VAV air-cooled chiller with gas boiler reheat
4835,31,quick_service_restaurant,0,Propane,PSZ-AC with gas coil
4836,13,full_service_restaurant,1,Electricity,PVAV with PFP boxes
4837,107,large_hotel,0,NaturalGas,DOAS with water source heat pumps cooling tower with boiler
4838,17,full_service_restaurant,1,NaturalGas,PVAV with gas heat with electric reheat
4839,23,small_hotel,0,Electricity,PTHP
4840,17,medium_office,1,NaturalGas,VAV chiller with gas boiler reheat
4841,10,quick_service_restaurant,0,Propane,PSZ-AC with gas coil
4842,105,medium_office,0,NaturalGas,PSZ-AC with gas boiler
4843,35,small_office,1,NaturalGas,PVAV with gas heat with electric reheat
4844,37,outpatient,0,Electricity,PSZ-AC with electric coil
4845,105,strip_mall,1,NaturalGas,PTAC with gas coil
4846,101,medium_office,0,NaturalGas,PSZ-AC with gas boiler
4847,105,full_service_restaurant,1,Electricity,PVAV with PFP boxes
4848,25,quick_service_restaurant,0,NaturalGas,Residential AC with residential forced air furnace
4849,49,outpatient,0,NaturalGas,PSZ-AC with gas coil
4850,108,warehouse,1,NaturalGas,PVAV with gas boiler reheat
4851,24,primary_school,1,FuelOil,PSZ-AC with gas boiler
4852,28,small_hotel,0,Electricity,PTHP
4853,17,secondary_school,1,NaturalGas,VAV air-cooled chiller with gas boiler reheat
4854,4,small_hotel,0,NaturalGas,PTAC with gas boiler
4855,25,primary_school,1,NaturalGas,VAV chiller with gas boiler reheat
4856,109,medium_office,0,NaturalGas,PSZ-AC with gas coil
4857,26,secondary_school,1,NaturalGas,PVAV with gas boiler reheat
4858,25,secondary_school,0,Electricity,PSZ-AC with electric coil
4859,44,retail,0,Propane,Residential AC with residential forced air furnace
4860,35,retail,1,Electricity,PSZ-AC with electric coil
4861,7,medium_office,0,Electricity,PSZ-AC with electric coil
4862,107,secondary_school,0,NaturalGas,PVAV with gas heat with electric reheat
4863,35,small_office,0,Electricity,PTHP
4864,23,small_office,0,FuelOil,Residential AC with residential forced air furnace
4865,0,medium_office,1,NaturalGas,VAV air-cooled chiller with gas boiler reheat
4866,40,large_hotel,1,NaturalGas,PTAC with gas boiler
4867,105,medium_office,1,Electricity,PSZ-HP
4868,5,grocery,1,NaturalGas,PSZ-AC with gas coil
4869,18,large_hotel,0,Propane,PTAC with gas coil
4870,8,medium_office,0,NaturalGas,DOAS with fan coil air-cooled chiller with boiler
4871,26,large_office,0,Electricity,PVAV with PFP boxes
4872,26,primary_school,0,NaturalGas,PVAV with gas boiler reheat
4873,15,primary_school,0,NaturalGas,PVAV with gas boiler reheat
4874,24,retail,0,Electricity,PTAC with electric coil
4875,37,primary_school,1,NaturalGas,DOAS with water source heat pumps cooling tower with boiler
4876,20,primary_school,1,Electricity,PVAV with PFP boxes
4877,18,large_hotel,1,NaturalGas,DOAS with fan coil chiller with boiler
4878,20,large_office,0,NaturalGas,PVAV with gas boiler reheat
4879,13,primary_school,0,NaturalGas,PVAV with gas heat with electric reheat
4880,107,large_office,0,NaturalGas,PVAV with gas boiler reheat
4881,108,medium_office,1,Electricity,PVAV with PFP boxes
4882,104,medium_office,1,Electricity,VAV chiller with PFP boxes
4883,9,primary_school,0,Electricity,PVAV with PFP boxes
4884,105,outpatient,1,NaturalGas,PSZ-AC with gas coil
4885,18,primary_school,1,Electricity,PVAV with PFP boxes
4886,49,medium_office,0,Electricity,PSZ-AC with electric coil
4887,103,full_service_restaurant,1,Electricity,PSZ-AC with electric coil
4888,32,medium_office,0,NaturalGas,DOAS with fan coil chiller with boiler
4889,4,secondary_school,1,NaturalGas,VAV chiller with gas boiler reheat
4890,11,medium_office,1,NaturalGas,PVAV with gas heat with electric reheat
4891,15,warehouse,0,Electricity,PTHP
4892,43,warehouse,0,NaturalGas,Residential AC with residential forced air furnace
4893,44,retail,0,NaturalGas,Residential AC with residential forced air furnace
4894,11,large_hotel,0,Electricity,PTHP
4895,25,grocery,0,Electricity,PSZ-AC with electric coil
4896,24,small_hotel,0,Propane,PTAC with gas boiler
4897,33,outpatient,0,Electricity,PSZ-AC with electric coil
4898,42,medium_office,1,NaturalGas,PVAV with gas boiler reheat
4899,49,grocery,0,NaturalGas,PSZ-AC with gas coil
4900,26,medium_office,0,NaturalGas,PSZ-AC with gas boiler
4901,27,medium_office,0,NaturalGas,PSZ-AC with gas coil
4902,37,secondary_school,0,NaturalGas,PSZ-AC with gas coil
4903,40,medium_office,0,NaturalGas,DOAS with fan coil air-cooled chiller with boiler
4904,2,medium_office,1,Electricity,PVAV with PFP boxes
4905,38,small_office,0,Propane,Residential AC with residential forced air furnace
4906,19,outpatient,2,NaturalGas,VAV chiller with gas boiler reheat
4907,106,secondary_school,0,Electricity,PSZ-AC with electric coil
4908,46,retail,1,Electricity,PSZ-AC with electric coil
4909,40,primary_school,0,Electricity,PSZ-AC with electric coil
4910,41,retail,0,Electricity,PSZ-HP
4911,25,secondary_school,0,Electricity,PTHP
4912,4,primary_school,0,NaturalGas,PVAV with gas boiler reheat
4913,38,large_office,1,NaturalGas,VAV chiller with gas boiler reheat
4914,29,warehouse,0,Propane,Residential AC with residential forced air furnace
4915,48,warehouse,1,Electricity,PSZ-AC with electric coil
4916,13,outpatient,1,NaturalGas,PVAV with gas boiler reheat
4917,3,large_hotel,0,NaturalGas,PTAC with gas coil
4918,12,quick_service_restaurant,0,NaturalGas,Residential AC with residential forced air furnace
4919,37,outpatient,0,Electricity,PSZ-HP
4920,32,outpatient,1,Electricity,PSZ-AC with electric coil
4921,102,medium_office,0,NaturalGas,DOAS with fan coil chiller with boiler
4922,25,warehouse,0,Propane,PSZ-AC with gas coil
4923,23,small_office,0,FuelOil,PSZ-AC with gas coil
4924,48,medium_office,1,FuelOil,VAV air-cooled chiller with gas boiler reheat
4925,46,small_office,0,Propane,PSZ-AC with gas coil
4926,41,strip_mall,1,Electricity,PSZ-AC with electric coil
4927,17,outpatient,2,Electricity,PVAV with PFP boxes
4928,42,small_hotel,0,Electricity,PTHP
4929,38,secondary_school,0,NaturalGas,PVAV with gas heat with electric reheat
4930,105,small_hotel,0,Propane,Residential AC with residential forced air furnace
4931,18,small_office,1,Propane,PSZ-AC with gas coil
4932,39,hospital,1,NaturalGas,VAV chiller with gas boiler reheat
4933,100,small_office,1,NaturalGas,PVAV with gas heat with electric reheat
4934,104,large_office,0,NaturalGas,VAV chiller with gas boiler reheat
4935,42,outpatient,0,NaturalGas,PSZ-AC with gas coil
4936,14,medium_office,0,Electricity,PSZ-AC with electric coil
4937,38,medium_office,1,NaturalGas,PSZ-AC with gas coil
4938,15,retail,1,FuelOil,PSZ-AC with gas coil
4939,45,outpatient,0,Electricity,PSZ-HP
4940,40,quick_service_restaurant,0,FuelOil,PSZ-AC with gas coil
4941,102,quick_service_restaurant,0,NaturalGas,Residential AC with residential forced air furnace
4942,12,retail,0,FuelOil,PSZ-AC with gas coil
4943,15,retail,0,Electricity,PTAC with electric coil
4944,8,medium_office,1,Electricity,PSZ-HP
4945,40,full_service_restaurant,1,NaturalGas,PVAV with gas heat with electric reheat
4946,0,large_office,0,Electricity,VAV chiller with PFP boxes
4947,43,retail,1,NaturalGas,PSZ-AC with gas coil
4948,38,outpatient,1,Electricity,PSZ-AC with electric coil
4949,39,quick_service_restaurant,0,NaturalGas,Residential AC with residential forced air furnace
4950,6,primary_school,0,Electricity,PSZ-AC with electric coil
4951,18,strip_mall,2,NaturalGas,PVAV with gas boiler reheat
4952,33,primary_school,1,NaturalGas,VAV chiller with gas boiler reheat
4953,15,quick_service_restaurant,0,Propane,PSZ-AC with gas coil
4954,22,retail,1,Electricity,PVAV with PFP boxes
4955,106,primary_school,1,Electricity,PVAV with PFP boxes
4956,24,large_hotel,0,Electricity,DOAS with water source heat pumps with ground source heat pump
4957,1,medium_office,0,NaturalGas,PSZ-AC with gas coil
4958,0,primary_school,1,NaturalGas,PVAV with gas boiler reheat
4959,10,outpatient,0,NaturalGas,PSZ-AC with gas coil
4960,101,secondary_school,0,Electricity,PTHP
4961,32,primary_school,1,NaturalGas,DOAS with fan coil air-cooled chiller with boiler
4962,29,large_hotel,1,Electricity,PTAC with electric coil
4963,37,primary_school,1,NaturalGas,DOAS with fan coil air-cooled chiller with boiler
4964,36,full_service_restaurant,1,DistrictHeating,VAV district chilled water with district hot water reheat
4965,2,hospital,1,NaturalGas,VAV chiller with gas boiler reheat
4966,17,outpatient,1,Electricity,PVAV with PFP boxes
4967,40,large_hotel,0,Electricity,DOAS with water source heat pumps with ground source heat pump
4968,41,retail,0,Electricity,PTAC with electric coil
4969,12,primary_school,0,NaturalGas,PSZ-AC with gas coil
4970,40,medium_office,0,NaturalGas,DOAS with fan coil chiller with boiler
4971,22,primary_school,0,NaturalGas,PVAV with gas boiler reheat
4972,109,full_service_restaurant,0,Electricity,PSZ-HP
4973,36,medium_office,1,Electricity,PSZ-HP
4974,12,secondary_school,1,NaturalGas,VAV chiller with gas boiler reheat
4975,2,primary_school,0,NaturalGas,PSZ-AC with gas coil
4976,33,large_office,0,Electricity,PVAV with PFP boxes
4977,14,medium_office,0,NaturalGas,PVAV with gas boiler reheat
4978,20,hospital,1,NaturalGas,VAV chiller with gas boiler reheat
4979,47,warehouse,1,FuelOil,PSZ-AC with gas coil
4980,0,medium_office,1,NaturalGas,VAV chiller with gas boiler reheat
4981,20,medium_office,1,Electricity,PSZ-HP
4982,13,primary_school,0,NaturalGas,PVAV with gas boiler reheat
4983,0,small_office,0,FuelOil,Residential AC with residential forced air furnace
4984,18,medium_office,1,Electricity,PSZ-HP
4985,36,medium_office,0,FuelOil,PSZ-AC with gas coil
4986,27,grocery,0,NaturalGas,PSZ-AC with gas coil
4987,49,small_office,1,Electricity,PVAV with PFP boxes
4988,36,large_office,0,NaturalGas,VAV chiller with gas boiler reheat
4989,15,quick_service_restaurant,0,FuelOil,PSZ-AC with gas coil
4990,48,large_office,0,FuelOil,PVAV with gas boiler reheat
4991,6,primary_school,0,Electricity,PSZ-HP
4992,101,large_office,1,Electricity,PVAV with PFP boxes
4993,4,full_service_restaurant,1,NaturalGas,PVAV with gas heat with electric reheat
4994,10,outpatient,1,NaturalGas,PSZ-AC with gas coil
4995,36,secondary_school,1,NaturalGas,VAV chiller with gas boiler reheat
4996,14,retail,0,Electricity,PTHP
4997,106,strip_mall,2,Electricity,PVAV with PFP boxes
4998,48,large_office,1,FuelOil,VAV chiller with gas boiler reheat
4999,17,full_service_restaurant,1,Electricity,PVAV with PFP boxes
5000,47,quick_service_restaurant,0,Propane,PSZ-AC with gas coil
5001,30,primary_school,1,NaturalGas,VAV chiller with gas boiler reheat
5002,30,large_office,1,DistrictHeating,VAV district chilled water with district hot water reheat
5003,8,full_service_restaurant,1,Electricity,PSZ-HP
5004,6,retail,0,Propane,Residential AC with residential forced air furnace
5005,11,full_service_restaurant,1,Propane,PSZ-AC with gas coil
5006,11,strip_mall,1,NaturalGas,PVAV with gas heat with electric reheat
5007,19,large_office,1,DistrictHeating,VAV chiller with district hot water reheat
5008,104,quick_service_restaurant,0,NaturalGas,Residential AC with residential forced air furnace
5009,40,medium_office,1,Electricity,PSZ-HP
5010,38,large_office,0,Electricity,VAV chiller with PFP boxes
5011,38,medium_office,1,NaturalGas,PVAV with gas heat with electric reheat
5012,48,small_office,1,Electricity,PSZ-HP
5013,22,primary_school,1,NaturalGas,DOAS with fan coil air-cooled chiller with boiler
5014,25,outpatient,0,Electricity,PSZ-HP
5015,33,primary_school,1,NaturalGas,VAV air-cooled chiller with gas boiler reheat
5016,43,warehouse,0,Electricity,PSZ-AC with electric coil
5017,24,secondary_school,0,NaturalGas,PTAC with gas boiler
5018,1,retail,1,Electricity,PSZ-AC with electric coil
5019,12,outpatient,1,Electricity,PSZ-AC with electric coil
5020,108,medium_office,0,Electricity,PSZ-AC with electric coil
5021,100,warehouse,0,NaturalGas,Residential AC with residential forced air furnace
5022,47,full_service_restaurant,1,Electricity,PSZ-AC with electric coil
5023,22,small_hotel,0,NaturalGas,PTAC with gas boiler
5024,34,small_office,1,Electricity,PSZ-HP
5025,13,warehouse,1,Propane,PVAV with gas boiler reheat
5026,31,warehouse,0,Electricity,PTAC with electric coil
5027,3,retail,1,NaturalGas,PSZ-AC with gas coil
5028,105,secondary_school,1,NaturalGas,PVAV with gas boiler reheat
5029,24,strip_mall,1,FuelOil,PSZ-AC with gas coil
5030,29,large_office,1,Electricity,VAV chiller with PFP boxes
5031,36,warehouse,1,Electricity,PVAV with PFP boxes
5032,21,retail,0,Electricity,PSZ-HP
5033,15,secondary_school,0,NaturalGas,PVAV with gas heat with electric reheat
5034,10,medium_office,1,Propane,PVAV with gas boiler reheat
5035,104,large_hotel,0,Electricity,PTHP
5036,12,secondary_school,0,NaturalGas,VAV air-cooled chiller with gas boiler reheat
5037,20,primary_school,0,NaturalGas,PVAV with gas heat with electric reheat
5038,104,medium_office,0,Electricity,PSZ-HP
5039,22,secondary_school,1,Electricity,PSZ-HP
5040,37,secondary_school,0,Electricity,DOAS with water source heat pumps with ground source heat pump
5041,104,small_hotel,0,Propane,Residential AC with residential forced air furnace
5042,105,large_office,1,Electricity,PVAV with PFP boxes
5043,17,medium_office,1,NaturalGas,VAV air-cooled chiller with gas boiler reheat
5044,8,large_office,0,Electricity,VAV chiller with PFP boxes
5045,12,large_office,1,Electricity,PVAV with PFP boxes
5046,6,secondary_school,1,Electricity,PSZ-HP
5047,108,small_office,1,NaturalGas,Residential AC with residential forced air furnace
5048,13,secondary_school,1,Electricity,PTHP
5049,28,warehouse,0,Electricity,PTHP
5050,40,secondary_school,0,NaturalGas,DOAS with fan coil air-cooled chiller with boiler
5051,20,primary_school,0,Electricity,PSZ-AC with electric coil
5052,18,secondary_school,0,Electricity,PSZ-AC with electric coil
5053,19,large_office,1,NaturalGas,DOAS with water source heat pumps cooling tower with boiler
5054,11,small_office,1,Electricity,PSZ-HP
5055,39,strip_mall,2,NaturalGas,PVAV with gas heat with electric reheat
5056,18,outpatient,2,NaturalGas,PVAV with gas boiler reheat
5057,25,full_service_restaurant,1,Electricity,PVAV with PFP boxes
5058,17,primary_school,0,Electricity,PSZ-AC with electric coil
5059,9,outpatient,0,Propane,PSZ-AC with gas coil
5060,105,large_office,0,Electricity,VAV chiller with PFP boxes
5061,22,primary_school,0,Electricity,PVAV with PFP boxes
5062,27,large_office,1,NaturalGas,VAV chiller with gas boiler reheat
5063,31,small_hotel,0,Electricity,PTHP
5064,47,strip_mall,0,Electricity,PSZ-HP
5065,105,secondary_school,0,NaturalGas,PSZ-AC with gas boiler
5066,28,medium_office,0,NaturalGas,DOAS with fan coil air-cooled chiller with boiler
5067,49,secondary_school,0,NaturalGas,PSZ-AC with gas coil
5068,11,warehouse,1,Electricity,PSZ-AC with electric coil
5069,17,medium_office,0,NaturalGas,DOAS with fan coil air-cooled chiller with boiler
5070,39,quick_service_restaurant,0,Electricity,PTAC with electric coil
5071,33,strip_mall,2,NaturalGas,PVAV with gas boiler reheat
5072,33,hospital,1,NaturalGas,VAV chiller with gas boiler reheat
5073,32,medium_office,0,Electricity,PSZ-HP
5074,29,primary_school,1,NaturalGas,VAV chiller with gas boiler reheat
5075,49,small_hotel,0,NaturalGas,Residential AC with residential forced air furnace
5076,36,strip_mall,1,NaturalGas,Residential AC with residential forced air furnace
5077,1,secondary_school,0,Electricity,PSZ-AC with electric coil
5078,36,secondary_school,1,NaturalGas,PVAV with gas boiler reheat
5079,37,large_hotel,1,Electricity,DOAS with fan coil chiller with baseboard electric
5080,44,primary_school,0,NaturalGas,PSZ-AC with gas coil
5081,36,secondary_school,0,NaturalGas,VAV air-cooled chiller with gas boiler reheat
5082,33,full_service_restaurant,1,NaturalGas,PVAV with gas boiler reheat
5083,39,medium_office,0,NaturalGas,PSZ-AC with gas boiler
5084,41,warehouse,0,Electricity,PTHP
5085,49,medium_office,1,Electricity,PVAV with PFP boxes
5086,48,medium_office,1,Electricity,VAV chiller with PFP boxes
5087,36,secondary_school,1,NaturalGas,VAV air-cooled chiller with gas boiler reheat
5088,4,large_office,1,NaturalGas,DOAS with water source heat pumps cooling tower with boiler
5089,30,medium_office,1,FuelOil,PSZ-AC with gas coil
5090,103,warehouse,1,Electricity,PVAV with PFP boxes
5091,5,medium_office,1,NaturalGas,VAV air-cooled chiller with gas boiler reheat
5092,100,secondary_school,0,Electricity,DOAS with water source heat pumps with ground source heat pump
5093,48,medium_office,1,FuelOil,PVAV with gas heat with electric reheat
5094,46,quick_service_restaurant,0,Electricity,PSZ-AC with electric coil
5095,40,secondary_school,1,Electricity,PTHP
5096,27,medium_office,1,NaturalGas,PSZ-AC with gas coil
5097,101,medium_office,0,NaturalGas,DOAS with fan coil chiller with boiler
5098,16,primary_school,1,NaturalGas,PSZ-AC with gas coil
5099,33,large_office,1,NaturalGas,VAV chiller with gas boiler reheat
5100,107,small_office,1,Propane,PSZ-AC with gas coil
5101,42,retail,1,Electricity,PSZ-AC with electric coil
5102,105,grocery,1,Electricity,PSZ-AC with electric coil
5103,11,medium_office,1,NaturalGas,PSZ-AC with gas coil
5104,12,large_hotel,0,NaturalGas,PTAC with gas boiler
5105,102,medium_office,0,NaturalGas,PSZ-AC with gas boiler
5106,20,secondary_school,0,Electricity,DOAS with water source heat pumps with ground source heat pump
5107,47,small_office,1,NaturalGas,Residential AC with residential forced air furnace
5108,1,large_hotel,0,Electricity,PTHP
5109,13,full_service_restaurant,1,NaturalGas,PVAV with gas heat with electric reheat
5110,19,strip_mall,2,NaturalGas,PVAV with gas boiler reheat
5111,29,strip_mall,1,NaturalGas,PTAC with gas coil
5112,37,medium_office,0,Electricity,PSZ-HP
5113,27,primary_school,1,NaturalGas,PVAV with gas boiler reheat
5114,26,medium_office,1,NaturalGas,VAV chiller with gas boiler reheat
5115,33,strip_mall,2,NaturalGas,PVAV with gas heat with electric reheat
5116,32,secondary_school,1,Electricity,PTHP
5117,105,primary_school,1,Electricity,DOAS with water source heat pumps with ground source heat pump
5118,42,warehouse,0,Electricity,PTAC with electric coil
5119,5,medium_office,1,NaturalGas,PVAV with gas boiler reheat
5120,18,large_hotel,0,Propane,DOAS with water source heat pumps cooling tower with boiler
5121,47,secondary_school,0,NaturalGas,PSZ-AC with gas coil
5122,27,secondary_school,0,NaturalGas,PVAV with gas heat with electric reheat
5123,27,warehouse,1,Electricity,PSZ-AC with electric coil
5124,10,large_office,0,NaturalGas,PVAV with gas heat with electric reheat
5125,29,warehouse,1,FuelOil,PVAV with gas boiler reheat
5126,27,outpatient,0,Electricity,PSZ-AC with electric coil
5127,27,medium_office,0,Electricity,PSZ-HP
5128,8,outpatient,1,Electricity,PSZ-AC with electric coil
5129,28,medium_office,0,NaturalGas,DOAS with fan coil chiller with boiler
5130,107,strip_mall,2,NaturalGas,PVAV with gas heat with electric reheat
5131,45,strip_mall,1,NaturalGas,PSZ-AC with gas coil
5132,28,large_office,0,NaturalGas,VAV chiller with gas boiler reheat
5133,36,medium_office,0,Electricity,PSZ-HP
5134,12,secondary_school,0,NaturalGas,DOAS with fan coil air-cooled chiller with boiler
5135,32,primary_school,1,NaturalGas,DOAS with water source heat pumps cooling tower with boiler
5136,36,outpatient,0,Electricity,PSZ-HP
5137,46,strip_mall,0,NaturalGas,Residential AC with residential forced air furnace
5138,0,secondary_school,0,NaturalGas,DOAS with fan coil air-cooled chiller with boiler
5139,104,secondary_school,1,NaturalGas,PVAV with gas boiler reheat
5140,35,full_service_restaurant,1,NaturalGas,PSZ-AC with gas coil
5141,19,warehouse,1,FuelOil,PVAV with gas boiler reheat
5142,10,grocery,1,NaturalGas,PSZ-AC with gas coil
5143,100,strip_mall,1,Electricity,PSZ-AC with electric coil
5144,24,secondary_school,0,FuelOil,DOAS with fan coil air-cooled chiller with boiler
5145,39,large_hotel,0,NaturalGas,DOAS with water source heat pumps cooling tower with boiler
5146,28,retail,1,FuelOil,PSZ-AC with gas coil
5147,2,medium_office,1,NaturalGas,PVAV with gas boiler reheat
5148,107,medium_office,0,NaturalGas,PSZ-AC with gas boiler
5149,27,strip_mall,2,NaturalGas,PVAV with gas heat with electric reheat
5150,0,medium_office,0,Propane,PSZ-AC with gas coil
5151,34,quick_service_restaurant,0,Electricity,PSZ-HP
5152,106,small_hotel,0,NaturalGas,PTAC with gas boiler
5153,13,secondary_school,1,NaturalGas,VAV air-cooled chiller with gas boiler reheat
5154,107,primary_school,1,Electricity,DOAS with water source heat pumps with ground source heat pump
5155,30,large_office,0,Electricity,PVAV with PFP boxes
5156,35,primary_school,0,NaturalGas,PSZ-AC with gas coil
5157,25,secondary_school,0,FuelOil,PSZ-AC with gas boiler
5158,12,primary_school,1,NaturalGas,PSZ-AC with gas coil
5159,4,primary_school,1,NaturalGas,VAV air-cooled chiller with gas boiler reheat
5160,0,secondary_school,1,NaturalGas,VAV air-cooled chiller with gas boiler reheat
5161,8,large_office,0,NaturalGas,VAV chiller with gas boiler reheat
5162,109,large_hotel,0,NaturalGas,PTAC with gas boiler
5163,0,secondary_school,0,NaturalGas,VAV air-cooled chiller with gas boiler reheat
5164,40,outpatient,1,Electricity,VAV air-cooled chiller with PFP boxes
5165,8,strip_mall,1,NaturalGas,Residential AC with residential forced air furnace
5166,12,large_office,1,NaturalGas,VAV chiller with gas boiler reheat
5167,21,primary_school,0,NaturalGas,PSZ-AC with gas coil
5168,20,strip_mall,1,NaturalGas,Residential AC with residential forced air furnace
5169,33,outpatient,0,Electricity,PSZ-HP
5170,11,warehouse,0,Propane,PSZ-AC with gas coil
5171,8,hospital,1,NaturalGas,VAV chiller with gas boiler reheat
5172,17,grocery,1,Electricity,PSZ-AC with electric coil
5173,34,large_hotel,0,Propane,PTAC with gas boiler
5174,42,small_office,0,Electricity,PSZ-HP
5175,24,medium_office,1,Propane,PVAV with gas boiler reheat
5176,103,medium_office,0,Electricity,PVAV with PFP boxes
5177,42,small_hotel,0,Propane,Residential AC with residential forced air furnace
5178,46,small_office,1,Electricity,PSZ-AC with electric coil
5179,48,warehouse,1,FuelOil,PVAV with gas boiler reheat
5180,31,primary_school,1,NaturalGas,PSZ-AC with gas coil
5181,31,grocery,0,NaturalGas,PSZ-AC with gas coil
5182,24,warehouse,0,Electricity,PTAC with electric coil
5183,5,small_office,1,NaturalGas,PVAV with gas heat with electric reheat
5184,48,primary_school,1,NaturalGas,VAV air-cooled chiller with gas boiler reheat
5185,36,medium_office,0,FuelOil,PVAV with gas boiler reheat
5186,14,warehouse,1,NaturalGas,PSZ-AC with gas coil
5187,100,secondary_school,0,FuelOil,PSZ-AC with gas coil
5188,24,warehouse,0,Electricity,PTHP
5189,8,medium_office,0,NaturalGas,PSZ-AC with gas boiler
5190,36,primary_school,1,FuelOil,PVAV with gas boiler reheat
5191,100,retail,0,Electricity,PTAC with electric coil
5192,38,secondary_school,1,Electricity,PTHP
5193,43,retail,0,Propane,Residential AC with residential forced air furnace
5194,49,primary_school,1,Electricity,PVAV with PFP boxes
5195,9,secondary_school,0,FuelOil,PTAC with gas boiler
5196,19,primary_school,1,NaturalGas,PVAV with gas heat with electric reheat
5197,32,small_office,1,NaturalGas,Residential AC with residential forced air furnace
5198,4,primary_school,1,Electricity,PVAV with PFP boxes
5199,28,medium_office,1,DistrictHeating,PSZ-AC with district hot water
5200,45,full_service_restaurant,1,NaturalGas,PSZ-AC with gas coil
5201,1,secondary_school,0,Electricity,PTHP
5202,38,medium_office,1,Electricity,PSZ-HP
5203,31,strip_mall,1,NaturalGas,PSZ-AC with gas coil
5204,22,small_hotel,0,Propane,Residential AC with residential forced air furnace
5205,9,large_hotel,1,NaturalGas,PTAC with gas boiler
5206,30,small_hotel,0,NaturalGas,PTAC with gas boiler
5207,102,primary_school,1,Electricity,PVAV with PFP boxes
5208,5,small_office,1,NaturalGas,Residential AC with residential forced air furnace
5209,16,medium_office,1,Electricity,VAV chiller with PFP boxes
5210,35,full_service_restaurant,1,Propane,PSZ-AC with gas coil
5211,24,strip_mall,2,NaturalGas,PVAV with gas heat with electric reheat
5212,10,primary_school,1,FuelOil,VAV chiller with gas boiler reheat
5213,103,small_hotel,0,NaturalGas,PTAC with gas boiler
5214,19,large_office,0,NaturalGas,DOAS with water source heat pumps cooling tower with boiler
5215,108,primary_school,1,NaturalGas,PVAV with gas boiler reheat
5216,9,strip_mall,1,NaturalGas,PTAC with gas coil
5217,37,primary_school,0,NaturalGas,PSZ-AC with gas coil
5218,13,medium_office,0,NaturalGas,DOAS with fan coil chiller with boiler
5219,106,secondary_school,1,NaturalGas,PVAV with gas boiler reheat
5220,24,grocery,0,FuelOil,PSZ-AC with gas coil
5221,10,large_hotel,0,Electricity,DOAS with water source heat pumps with ground source heat pump
5222,34,small_hotel,0,Electricity,PTHP
5223,20,full_service_restaurant,1,Electricity,PSZ-AC with electric coil
5224,16,warehouse,0,Propane,PSZ-AC with gas coil
5225,29,primary_school,1,FuelOil,PSZ-AC with gas boiler
5226,26,primary_school,1,NaturalGas,DOAS with fan coil air-cooled chiller with boiler
5227,47,retail,1,NaturalGas,PSZ-AC with gas coil
5228,2,primary_school,1,NaturalGas,VAV chiller with gas boiler reheat
5229,105,primary_school,1,NaturalGas,PSZ-AC with gas boiler
5230,40,secondary_school,0,Electricity,DOAS with water source heat pumps with ground source heat pump
5231,0,secondary_school,1,Electricity,PTHP
5232,6,large_office,1,DistrictHeating,VAV chiller with district hot water reheat
5233,26,quick_service_restaurant,0,Electricity,PSZ-HP
5234,27,small_office,1,Propane,PSZ-AC with gas coil
5235,14,warehouse,0,Propane,PSZ-AC with gas coil
5236,11,medium_office,0,Electricity,PVAV with PFP boxes
5237,46,strip_mall,2,NaturalGas,PSZ-AC with gas coil
5238,18,medium_office,0,NaturalGas,DOAS with fan coil chiller with boiler
5239,16,outpatient,0,NaturalGas,PSZ-AC with gas coil
5240,102,secondary_school,1,Electricity,PTHP
5241,20,quick_service_restaurant,0,Propane,PSZ-AC with gas coil
5242,48,retail,0,Electricity,PTAC with electric coil
5243,4,primary_school,1,NaturalGas,PVAV with gas heat with electric reheat
5244,30,primary_school,1,FuelOil,DOAS with fan coil air-cooled chiller with boiler
5245,18,large_hotel,1,Electricity,PTAC with electric coil
5246,3,small_hotel,0,NaturalGas,Residential AC with residential forced air furnace
5247,109,warehouse,0,NaturalGas,Residential AC with residential forced air furnace
5248,32,secondary_school,0,NaturalGas,PSZ-AC with gas coil
5249,13,medium_office,0,NaturalGas,DOAS with fan coil air-cooled chiller with boiler
5250,37,primary_school,1,NaturalGas,VAV air-cooled chiller with gas boiler reheat
5251,10,strip_mall,2,Electricity,PVAV with PFP boxes
5252,103,medium_office,1,Electricity,VAV chiller with PFP boxes
5253,28,outpatient,0,NaturalGas,PSZ-AC with gas coil
5254,45,warehouse,1,NaturalGas,PSZ-AC with gas coil
5255,20,large_office,1,Electricity,VAV chiller with PFP boxes
5256,46,full_service_restaurant,0,Electricity,PSZ-HP
5257,6,large_office,1,DistrictHeating,VAV district chilled water with district hot water reheat
5258,29,small_office,1,FuelOil,PSZ-AC with gas coil
5259,1,small_hotel,0,Electricity,PTAC with electric coil
5260,0,medium_office,1,Electricity,PSZ-HP
5261,45,small_office,1,NaturalGas,PVAV with gas heat with electric reheat
5262,10,large_office,0,FuelOil,PVAV with gas boiler reheat
5263,3,quick_service_restaurant,0,NaturalGas,PSZ-AC with gas coil
5264,11,warehouse,1,Electricity,PVAV with PFP boxes
5265,10,primary_school,1,NaturalGas,PSZ-AC with gas coil
5266,47,large_hotel,0,NaturalGas,PTAC with gas boiler
5267,4,large_office,1,Electricity,PVAV with PFP boxes
5268,34,small_hotel,0,NaturalGas,Residential AC with residential forced air furnace
5269,29,warehouse,1,FuelOil,PVAV with gas heat with electric reheat
5270,28,small_hotel,0,NaturalGas,PTAC with gas boiler
5271,28,small_office,1,Electricity,PSZ-AC with electric coil
5272,16,medium_office,1,DistrictHeating,VAV district chilled water with district hot water reheat
5273,15,small_office,1,Propane,PVAV with gas boiler reheat
5274,103,secondary_school,0,NaturalGas,PSZ-AC with gas coil
5275,13,small_hotel,0,Propane,PTAC with gas boiler
5276,103,primary_school,0,NaturalGas,PSZ-AC with gas coil
5277,4,large_hotel,0,Electricity,PTHP
5278,42,secondary_school,0,NaturalGas,PSZ-AC with gas coil
5279,36,outpatient,1,NaturalGas,PSZ-AC with gas boiler
5280,13,full_service_restaurant,1,Propane,PVAV with gas boiler reheat
5281,4,small_office,1,Propane,PVAV with gas boiler reheat
5282,31,quick_service_restaurant,0,NaturalGas,Residential AC with residential forced air furnace
5283,20,outpatient,0,Electricity,PSZ-AC with electric coil
5284,47,secondary_school,0,NaturalGas,PSZ-AC with gas boiler
5285,28,full_service_restaurant,1,Electricity,PSZ-AC with electric coil
5286,6,primary_school,0,Electricity,PVAV with PFP boxes
5287,30,medium_office,1,NaturalGas,DOAS with water source heat pumps cooling tower with boiler
5288,104,medium_office,0,NaturalGas,DOAS with fan coil air-cooled chiller with boiler
5289,47,primary_school,0,NaturalGas,PSZ-AC with gas coil
5290,100,medium_office,0,Electricity,PSZ-AC with electric coil
5291,17,outpatient,1,NaturalGas,PSZ-AC with gas coil
5292,26,secondary_school,1,NaturalGas,VAV chiller with gas boiler reheat
5293,40,primary_school,0,Electricity,PSZ-HP
5294,48,warehouse,1,FuelOil,PVAV with gas heat with electric reheat
5295,106,large_hotel,0,Electricity,PTHP
5296,29,grocery,1,Electricity,PSZ-AC with electric coil
5297,101,primary_school,1,NaturalGas,VAV chiller with gas boiler reheat
5298,100,small_office,1,NaturalGas,Residential AC with residential forced air furnace
5299,23,large_hotel,0,NaturalGas,DOAS with water source heat pumps cooling tower with boiler
5300,20,secondary_school,1,NaturalGas,PVAV with gas boiler reheat
5301,100,small_office,1,Electricity,PSZ-HP
5302,11,medium_office,0,Electricity,PSZ-AC with electric coil
5303,4,outpatient,1,NaturalGas,PSZ-AC with gas coil
5304,5,medium_office,1,NaturalGas,PSZ-AC with gas coil
5305,28,medium_office,1,NaturalGas,PSZ-AC with gas coil
5306,4,large_office,0,Electricity,VAV chiller with PFP boxes
5307,108,full_service_restaurant,1,Electricity,PSZ-AC with electric coil
5308,2,secondary_school,0,NaturalGas,PVAV with gas heat with electric reheat
5309,47,retail,0,Electricity,PTAC with electric coil
5310,1,medium_office,0,NaturalGas,PVAV with gas boiler reheat
5311,4,primary_school,1,Electricity,DOAS with water source heat pumps with ground source heat pump
5312,38,large_hotel,0,Electricity,DOAS with water source heat pumps with ground source heat pump
5313,102,large_office,1,Electricity,PVAV with PFP boxes
5314,18,outpatient,0,Electricity,PSZ-AC with electric coil
5315,13,large_office,0,Electricity,VAV chiller with PFP boxes
5316,13,outpatient,2,Electricity,PVAV with PFP boxes
5317,24,full_service_restaurant,1,FuelOil,PSZ-AC with gas coil
5318,11,grocery,1,Electricity,PSZ-AC with electric coil
5319,101,medium_office,1,Electricity,PSZ-HP
5320,104,large_hotel,0,NaturalGas,PTAC with gas boiler
5321,30,secondary_school,0,FuelOil,PSZ-AC with gas coil
5322,18,warehouse,1,Propane,PSZ-AC with gas coil
5323,38,secondary_school,1,NaturalGas,PVAV with gas boiler reheat
5324,27,large_hotel,0,NaturalGas,PTAC with gas boiler
5325,20,primary_school,1,Electricity,DOAS with water source heat pumps with ground source heat pump
5326,32,primary_school,1,NaturalGas,VAV air-cooled chiller with gas boiler reheat
5327,20,secondary_school,1,NaturalGas,VAV chiller with gas boiler reheat
5328,109,large_hotel,0,NaturalGas,PTAC with gas coil
5329,29,large_hotel,0,Electricity,DOAS with water source heat pumps with ground source heat pump
5330,106,outpatient,0,NaturalGas,PSZ-AC with gas coil
5331,30,secondary_school,1,NaturalGas,PSZ-AC with gas boiler
5332,42,retail,0,NaturalGas,Residential AC with residential forced air furnace
5333,28,secondary_school,1,NaturalGas,VAV chiller with gas boiler reheat
5334,30,outpatient,0,FuelOil,PSZ-AC with gas coil
5335,6,outpatient,2,Electricity,PVAV with PFP boxes
5336,6,warehouse,1,NaturalGas,PVAV with gas heat with electric reheat
5337,22,hospital,1,DistrictHeating,VAV district chilled water with district hot water reheat
5338,31,warehouse,1,NaturalGas,PVAV with gas boiler reheat
5339,16,full_service_restaurant,1,Electricity,PVAV with PFP boxes
5340,24,primary_school,0,NaturalGas,PVAV with gas boiler reheat
5341,25,large_office,0,NaturalGas,PVAV with gas boiler reheat
5342,30,quick_service_restaurant,0,Propane,PSZ-AC with gas coil
5343,2,medium_office,1,NaturalGas,PVAV with gas heat with electric reheat
5344,9,secondary_school,0,FuelOil,DOAS with fan coil air-cooled chiller with boiler
5345,19,full_service_restaurant,1,Electricity,PSZ-AC with electric coil
5346,4,secondary_school,0,NaturalGas,PVAV with gas heat with electric reheat
5347,40,medium_office,0,NaturalGas,PSZ-AC with gas boiler
5348,18,primary_school,0,Electricity,PSZ-AC with electric coil
5349,2,secondary_school,0,Electricity,PTHP
5350,38,outpatient,0,Electricity,PSZ-HP
5351,22,outpatient,1,NaturalGas,PSZ-AC with gas coil
5352,102,secondary_school,0,Electricity,PTHP
5353,105,outpatient,1,NaturalGas,PVAV with gas boiler reheat
5354,44,small_office,1,Electricity,PVAV with PFP boxes
5355,18,large_hotel,1,NaturalGas,PTAC with gas boiler
5356,38,primary_school,0,Electricity,PSZ-AC with electric coil
5357,18,outpatient,1,NaturalGas,PSZ-AC with gas boiler
5358,106,grocery,1,Electricity,PSZ-AC with electric coil
5359,16,quick_service_restaurant,0,FuelOil,PSZ-AC with gas coil
5360,108,primary_school,1,NaturalGas,VAV air-cooled chiller with gas boiler reheat
5361,19,large_office,1,DistrictHeating,VAV district chilled water with district hot water reheat
5362,32,large_office,0,DistrictHeating,VAV district chilled water with district hot water reheat
5363,105,secondary_school,1,NaturalGas,VAV air-cooled chiller with gas boiler reheat
5364,23,retail,1,Electricity,PSZ-AC with electric coil
5365,48,retail,0,Propane,Residential AC with residential forced air furnace
5366,102,strip_mall,1,NaturalGas,Residential AC with residential forced air furnace
5367,107,strip_mall,1,NaturalGas,PTAC with gas coil
5368,8,secondary_school,0,Electricity,DOAS with water source heat pumps with ground source heat pump
5369,103,primary_school,1,NaturalGas,PSZ-AC with gas coil
5370,9,warehouse,0,FuelOil,Residential AC with residential forced air furnace
5371,48,grocery,0,FuelOil,PSZ-AC with gas coil
5372,4,hospital,1,NaturalGas,VAV chiller with gas boiler reheat
5373,4,primary_school,1,NaturalGas,PSZ-AC with gas boiler
5374,37,small_office,1,NaturalGas,PVAV with gas heat with electric reheat
5375,48,warehouse,0,Propane,Residential AC with residential forced air furnace
5376,17,retail,1,Electricity,PVAV with PFP boxes
5377,107,secondary_school,0,NaturalGas,PTAC with gas boiler
5378,2,outpatient,1,Electricity,PSZ-AC with electric coil
5379,34,secondary_school,0,Electricity,DOAS with water source heat pumps with ground source heat pump
5380,29,medium_office,1,FuelOil,VAV air-cooled chiller with gas boiler reheat
5381,35,strip_mall,2,Electricity,PVAV with PFP boxes
5382,42,small_office,1,NaturalGas,PVAV with gas heat with electric reheat
5383,28,full_service_restaurant,1,NaturalGas,PVAV with gas boiler reheat
5384,26,small_office,1,Electricity,PVAV with PFP boxes
5385,3,retail,0,Electricity,PSZ-AC with electric coil
5386,101,large_office,0,NaturalGas,VAV air-cooled chiller with gas boiler reheat
5387,27,secondary_school,0,Electricity,DOAS with water source heat pumps with ground source heat pump
5388,30,grocery,1,FuelOil,PSZ-AC with gas coil
5389,27,strip_mall,1,NaturalGas,PVAV with gas heat with electric reheat
5390,4,full_service_restaurant,1,Electricity,PVAV with PFP boxes
5391,3,small_office,1,NaturalGas,PVAV with gas boiler reheat
5392,101,strip_mall,1,NaturalGas,PVAV with gas heat with electric reheat
5393,27,medium_office,1,NaturalGas,PVAV with gas boiler reheat
5394,38,medium_office,1,NaturalGas,VAV chiller with gas boiler reheat
5395,5,primary_school,0,Electricity,DOAS with fan coil district chilled water with baseboard electric
5396,26,outpatient,1,NaturalGas,PSZ-AC with gas coil
5397,39,primary_school,1,NaturalGas,PSZ-AC with gas boiler
5398,102,strip_mall,1,NaturalGas,PTAC with gas coil
5399,39,outpatient,2,Electricity,PVAV with PFP boxes
5400,28,primary_school,1,NaturalGas,VAV air-cooled chiller with gas boiler reheat
5401,26,strip_mall,2,NaturalGas,PVAV with gas heat with electric reheat
5402,36,primary_school,1,NaturalGas,VAV air-cooled chiller with gas boiler reheat
5403,103,medium_office,0,Electricity,PSZ-HP
5404,100,small_office,0,Propane,Residential AC with residential forced air furnace
5405,8,secondary_school,0,NaturalGas,DOAS with fan coil air-cooled chiller with boiler
5406,101,primary_school,1,Electricity,PVAV with PFP boxes
5407,26,small_office,1,Electricity,PSZ-AC with electric coil
5408,5,medium_office,0,NaturalGas,DOAS with fan coil chiller with boiler
5409,2,medium_office,1,NaturalGas,VAV air-cooled chiller with gas boiler reheat
5410,11,secondary_school,0,NaturalGas,PTAC with gas boiler
5411,106,large_hotel,0,NaturalGas,PTAC with gas boiler
5412,37,grocery,0,NaturalGas,PSZ-AC with gas coil
5413,18,quick_service_restaurant,0,Propane,PSZ-AC with gas coil
5414,30,small_hotel,0,Propane,Residential AC with residential forced air furnace
5415,30,outpatient,2,NaturalGas,PVAV with gas boiler reheat
5416,20,quick_service_restaurant,0,FuelOil,PSZ-AC with gas coil
5417,101,strip_mall,2,Electricity,PVAV with PFP boxes
5418,101,secondary_school,0,NaturalGas,PSZ-AC with gas boiler
5419,23,secondary_school,0,NaturalGas,PVAV with gas heat with electric reheat
5420,29,large_office,1,NaturalGas,DOAS with water source heat pumps cooling tower with boiler
5421,29,large_office,1,Electricity,PVAV with PFP boxes
5422,104,strip_mall,2,Electricity,PVAV with PFP boxes
5423,24,secondary_school,0,FuelOil,VAV air-cooled chiller with gas boiler reheat
5424,6,strip_mall,0,NaturalGas,Residential AC with residential forced air furnace
5425,11,secondary_school,0,NaturalGas,VAV air-cooled chiller with gas boiler reheat
5426,109,small_office,1,NaturalGas,PVAV with gas boiler reheat
5427,11,primary_school,1,NaturalGas,PVAV with gas heat with electric reheat
5428,29,medium_office,1,NaturalGas,DOAS with water source heat pumps cooling tower with boiler
5429,39,outpatient,1,Electricity,PVAV with PFP boxes
5430,101,secondary_school,0,Electricity,DOAS with water source heat pumps with ground source heat pump
5431,7,small_office,0,Propane,PSZ-AC with gas coil
5432,37,medium_office,1,NaturalGas,VAV air-cooled chiller with gas boiler reheat
5433,47,warehouse,1,NaturalGas,PSZ-AC with gas coil
5434,25,medium_office,1,DistrictHeating,VAV district chilled water with district hot water reheat
5435,41,primary_school,1,Electricity,PVAV with PFP boxes
5436,47,primary_school,0,FuelOil,PSZ-AC with gas coil
5437,0,full_service_restaurant,1,NaturalGas,PVAV with gas boiler reheat
5438,110,full_service_restaurant,0,NaturalGas,PSZ-AC with gas coil
5439,35,medium_office,1,NaturalGas,PVAV with gas boiler reheat
5440,9,large_office,0,NaturalGas,PVAV with gas heat with electric reheat
5441,33,small_hotel,0,NaturalGas,PTAC with gas boiler
5442,4,large_hotel,1,NaturalGas,PTAC with gas boiler
5443,15,large_hotel,0,Propane,PTAC with gas coil
5444,16,primary_school,0,Electricity,PSZ-AC with electric coil
5445,24,medium_office,1,DistrictHeating,PSZ-AC with district hot water
5446,43,small_hotel,0,Electricity,PTAC with electric coil
5447,0,secondary_school,1,NaturalGas,VAV chiller with gas boiler reheat
5448,47,small_office,1,FuelOil,Residential AC with residential forced air furnace
5449,22,large_office,1,NaturalGas,DOAS with water source heat pumps cooling tower with boiler
5450,6,warehouse,1,NaturalGas,PVAV with gas boiler reheat
5451,33,large_office,0,Electricity,VAV chiller with PFP boxes
5452,7,medium_office,0,Electricity,PVAV with PFP boxes
5453,17,warehouse,0,FuelOil,Residential AC with residential forced air furnace
5454,15,warehouse,1,NaturalGas,PSZ-AC with gas coil
5455,27,large_hotel,0,Propane,PTAC with gas boiler
5456,13,grocery,1,NaturalGas,PSZ-AC with gas coil
5457,28,secondary_school,0,NaturalGas,PTAC with gas boiler
5458,108,strip_mall,1,NaturalGas,PVAV with gas heat with electric reheat
5459,19,medium_office,1,DistrictHeating,PSZ-AC with district hot water
5460,21,warehouse,0,Electricity,PTAC with electric coil
5461,27,primary_school,1,Electricity,PVAV with PFP boxes
5462,27,outpatient,0,Electricity,PSZ-HP
5463,2,full_service_restaurant,1,NaturalGas,PVAV with gas boiler reheat
5464,4,secondary_school,0,NaturalGas,VAV air-cooled chiller with gas boiler reheat
5465,11,small_hotel,0,Propane,Residential AC with residential forced air furnace
5466,0,small_office,1,Propane,PSZ-AC with gas coil
5467,2,primary_school,1,NaturalGas,VAV air-cooled chiller with gas boiler reheat
5468,13,secondary_school,1,NaturalGas,VAV chiller with gas boiler reheat
5469,28,medium_office,1,NaturalGas,VAV air-cooled chiller with gas boiler reheat
5470,23,small_office,1,Propane,PSZ-AC with gas coil
5471,2,quick_service_restaurant,0,FuelOil,PSZ-AC with gas coil
5472,25,secondary_school,1,Electricity,PTHP
5473,105,full_service_restaurant,1,NaturalGas,PVAV with gas heat with electric reheat
5474,26,quick_service_restaurant,0,FuelOil,PSZ-AC with gas coil
5475,108,medium_office,1,NaturalGas,PVAV with gas heat with electric reheat
5476,27,small_hotel,0,Electricity,PTHP
5477,48,medium_office,0,FuelOil,DOAS with fan coil chiller with boiler
5478,107,primary_school,1,NaturalGas,PSZ-AC with gas boiler
5479,0,medium_office,0,Propane,PVAV with gas boiler reheat
5480,36,primary_school,1,NaturalGas,VAV chiller with gas boiler reheat
5481,34,warehouse,1,NaturalGas,PSZ-AC with gas coil
5482,17,secondary_school,1,NaturalGas,VAV chiller with gas boiler reheat
5483,108,large_hotel,0,Electricity,DOAS with water source heat pumps with ground source heat pump
5484,28,quick_service_restaurant,0,FuelOil,PSZ-AC with gas coil
5485,39,outpatient,1,NaturalGas,PSZ-AC with gas coil
5486,102,large_office,0,DistrictHeating,VAV district chilled water with district hot water reheat
5487,10,primary_school,1,NaturalGas,PVAV with gas heat with electric reheat
5488,21,full_service_restaurant,1,Propane,PSZ-AC with gas coil
5489,42,full_service_restaurant,1,Propane,PSZ-AC with gas coil
5490,27,medium_office,1,NaturalGas,PVAV with gas heat with electric reheat
5491,4,large_office,0,DistrictHeating,VAV district chilled water with district hot water reheat
5492,21,retail,1,Electricity,PSZ-AC with electric coil
5493,15,hospital,1,NaturalGas,VAV chiller with gas boiler reheat
5494,28,medium_office,0,NaturalGas,PSZ-AC with gas boiler
5495,26,grocery,0,Electricity,PSZ-AC with electric coil
5496,101,large_office,1,NaturalGas,VAV air-cooled chiller with gas boiler reheat
5497,7,secondary_school,0,Electricity,PSZ-AC with electric coil
5498,44,quick_service_restaurant,0,Electricity,PSZ-HP
5499,0,large_office,0,DistrictHeating,VAV district chilled water with district hot water reheat
5500,17,primary_school,0,NaturalGas,PVAV with gas heat with electric reheat
5501,105,full_service_restaurant,1,NaturalGas,PVAV with gas boiler reheat
5502,9,primary_school,0,Electricity,DOAS with fan coil district chilled water with baseboard electric
5503,31,outpatient,0,NaturalGas,PSZ-AC with gas coil
5504,101,full_service_restaurant,1,Electricity,PSZ-AC with electric coil
5505,32,small_office,1,Propane,PSZ-AC with gas coil
5506,24,strip_mall,2,FuelOil,PSZ-AC with gas coil
5507,39,strip_mall,1,NaturalGas,PTAC with gas coil
5508,107,medium_office,0,NaturalGas,DOAS with fan coil chiller with boiler
5509,2,medium_office,1,NaturalGas,PSZ-AC with gas coil
5510,29,secondary_school,1,NaturalGas,PSZ-AC with gas boiler
5511,6,outpatient,1,Electricity,PSZ-AC with electric coil
5512,105,secondary_school,0,Electricity,DOAS with water source heat pumps with ground source heat pump
5513,12,large_hotel,1,Electricity,PTAC with electric coil
5514,104,large_hotel,0,NaturalGas,PTAC with gas coil
5515,103,small_office,1,NaturalGas,PVAV with gas heat with electric reheat
5516,26,medium_office,1,NaturalGas,DOAS with water source heat pumps cooling tower with boiler
5517,106,medium_office,0,Electricity,PSZ-AC with electric coil
5518,32,outpatient,1,Electricity,PVAV with PFP boxes
5519,1,small_hotel,0,Electricity,PTHP
5520,18,secondary_school,0,Electricity,PTHP
5521,104,secondary_school,0,Electricity,PTHP
5522,45,primary_school,1,Electricity,PVAV with PFP boxes
5523,8,secondary_school,1,Electricity,PSZ-HP
5524,30,warehouse,1,Propane,PSZ-AC with gas coil
5525,43,retail,1,Electricity,PSZ-AC with electric coil
5526,42,primary_school,0,NaturalGas,PSZ-AC with gas coil
5527,8,grocery,0,Propane,Residential AC with residential forced air furnace
5528,48,medium_office,0,FuelOil,DOAS with fan coil air-cooled chiller with boiler
5529,23,medium_office,0,Electricity,PSZ-AC with electric coil
5530,47,warehouse,1,FuelOil,PVAV with gas boiler reheat
5531,45,medium_office,0,Electricity,PSZ-AC with electric coil
5532,10,small_hotel,0,Propane,Residential AC with residential forced air furnace
5533,49,primary_school,1,NaturalGas,PSZ-AC with gas coil
5534,9,secondary_school,1,FuelOil,VAV chiller with gas boiler reheat
5535,23,quick_service_restaurant,0,FuelOil,PSZ-AC with gas coil
5536,30,quick_service_restaurant,0,Electricity,PTAC with electric coil
5537,9,hospital,1,DistrictHeating,VAV district chilled water with district hot water reheat
5538,42,grocery,1,NaturalGas,PSZ-AC with gas coil
5539,10,large_hotel,1,NaturalGas,DOAS with fan coil chiller with boiler
5540,26,strip_mall,0,Electricity,PSZ-HP
5541,34,small_office,1,NaturalGas,PVAV with gas heat with electric reheat
5542,101,grocery,0,Electricity,PSZ-AC with electric coil
5543,37,strip_mall,2,NaturalGas,PVAV with gas heat with electric reheat
5544,107,secondary_school,1,NaturalGas,VAV air-cooled chiller with gas boiler reheat
5545,23,retail,0,Electricity,PTHP
5546,49,medium_office,1,NaturalGas,PVAV with gas heat with electric reheat
5547,47,strip_mall,1,NaturalGas,PVAV with gas heat with electric reheat
5548,104,full_service_restaurant,1,Electricity,PSZ-AC with electric coil
5549,14,small_hotel,0,NaturalGas,Residential AC with residential forced air furnace
5550,40,small_hotel,0,Propane,Residential AC with residential forced air furnace
5551,105,primary_school,1,NaturalGas,DOAS with water source heat pumps cooling tower with boiler
5552,3,small_hotel,0,Propane,Residential AC with residential forced air furnace
5553,40,full_service_restaurant,1,DistrictHeating,VAV district chilled water with district hot water reheat
5554,48,secondary_school,1,NaturalGas,PSZ-AC with gas boiler
5555,40,primary_school,1,NaturalGas,DOAS with fan coil air-cooled chiller with boiler
5556,18,large_office,0,NaturalGas,PVAV with gas heat with electric reheat
5557,105,secondary_school,1,NaturalGas,VAV chiller with gas boiler reheat
5558,18,full_service_restaurant,1,Electricity,PSZ-AC with electric coil
5559,36,grocery,0,Electricity,PSZ-AC with electric coil
5560,36,full_service_restaurant,1,Electricity,PVAV with PFP boxes
5561,24,large_hotel,0,NaturalGas,DOAS with water source heat pumps cooling tower with boiler
5562,41,medium_office,0,Electricity,PSZ-AC with electric coil
5563,18,large_office,0,DistrictHeating,VAV district chilled water with district hot water reheat
5564,13,medium_office,0,NaturalGas,PSZ-AC with gas boiler
5565,103,large_hotel,0,NaturalGas,DOAS with water source heat pumps cooling tower with boiler
5566,24,medium_office,1,NaturalGas,PVAV with gas heat with electric reheat
5567,106,large_hotel,0,NaturalGas,PTAC with gas coil
5568,45,small_office,0,Propane,PSZ-AC with gas coil
5569,28,large_office,0,NaturalGas,PVAV with gas heat with electric reheat
5570,47,full_service_restaurant,1,NaturalGas,PSZ-AC with gas coil
5571,39,outpatient,1,NaturalGas,PVAV with gas boiler reheat
5572,44,warehouse,1,NaturalGas,PSZ-AC with gas coil
5573,13,small_office,1,Propane,PVAV with gas heat with electric reheat
5574,109,strip_mall,1,Electricity,PSZ-AC with electric coil
5575,109,grocery,0,NaturalGas,PSZ-AC with gas coil
5576,17,secondary_school,0,Electricity,DOAS with water source heat pumps with ground source heat pump
5577,103,large_office,0,NaturalGas,VAV chiller with gas boiler reheat
5578,41,large_hotel,0,Electricity,PTAC with electric coil
5579,16,hospital,1,NaturalGas,VAV chiller with gas boiler reheat
5580,107,secondary_school,1,NaturalGas,PVAV with gas boiler reheat
5581,16,primary_school,0,Electricity,PSZ-HP
5582,18,primary_school,1,NaturalGas,PVAV with gas heat with electric reheat
5583,38,quick_service_restaurant,0,FuelOil,PSZ-AC with gas coil
5584,16,primary_school,1,NaturalGas,PVAV with gas boiler reheat
5585,39,secondary_school,0,NaturalGas,PSZ-AC with gas boiler
5586,4,large_office,1,NaturalGas,VAV air-cooled chiller with gas boiler reheat
5587,30,quick_service_restaurant,0,FuelOil,PSZ-AC with gas coil
5588,46,medium_office,0,NaturalGas,PVAV with gas boiler reheat
5589,43,primary_school,0,NaturalGas,PSZ-AC with gas coil
5590,20,primary_school,0,NaturalGas,PVAV with gas boiler reheat
5591,30,secondary_school,0,FuelOil,PTAC with gas boiler
5592,19,large_office,1,NaturalGas,VAV air-cooled chiller with gas boiler reheat
5593,30,medium_office,1,FuelOil,VAV air-cooled chiller with gas boiler reheat
5594,103,small_hotel,0,Propane,Residential AC with residential forced air furnace
5595,47,quick_service_restaurant,0,FuelOil,PSZ-AC with gas coil
5596,2,secondary_school,0,NaturalGas,DOAS with fan coil air-cooled chiller with boiler
5597,48,large_office,0,FuelOil,VAV chiller with gas boiler reheat
5598,32,quick_service_restaurant,0,NaturalGas,Residential AC with residential forced air furnace
5599,47,medium_office,1,DistrictHeating,PSZ-AC with district hot water
5600,107,large_office,0,Electricity,PVAV with PFP boxes
5601,35,quick_service_restaurant,0,Electricity,PSZ-HP
5602,25,secondary_school,0,NaturalGas,PTAC with gas boiler
5603,10,primary_school,1,NaturalGas,DOAS with fan coil air-cooled chiller with boiler
5604,9,primary_school,0,NaturalGas,PVAV with gas heat with electric reheat
5605,7,secondary_school,0,Electricity,PTHP
5606,103,large_hotel,1,Electricity,PTAC with electric coil
5607,48,primary_school,1,NaturalGas,VAV chiller with gas boiler reheat
5608,24,large_hotel,0,Propane,PTAC with gas boiler
5609,36,strip_mall,1,NaturalGas,PTAC with gas coil
5610,38,secondary_school,0,NaturalGas,PTAC with gas boiler
5611,13,primary_school,1,NaturalGas,PSZ-AC with gas boiler
5612,109,medium_office,0,NaturalGas,PVAV with gas boiler reheat
5613,18,large_office,1,Electricity,PVAV with PFP boxes
5614,38,large_office,1,Electricity,PVAV with PFP boxes
5615,102,large_office,1,NaturalGas,VAV air-cooled chiller with gas boiler reheat
5616,0,large_office,0,NaturalGas,VAV chiller with gas boiler reheat
5617,21,retail,0,NaturalGas,Residential AC with residential forced air furnace
5618,12,hospital,1,NaturalGas,VAV chiller with gas boiler reheat
5619,7,primary_school,1,Electricity,DOAS with water source heat pumps with ground source heat pump
5620,9,medium_office,1,NaturalGas,DOAS with water source heat pumps cooling tower with boiler
5621,48,medium_office,1,Electricity,PSZ-HP
5622,41,quick_service_restaurant,0,NaturalGas,PSZ-AC with gas coil
5623,6,quick_service_restaurant,0,NaturalGas,PSZ-AC with gas coil
5624,103,strip_mall,1,NaturalGas,PTAC with gas coil
5625,4,large_hotel,1,DistrictHeating,DOAS with fan coil district chilled water with district hot water
5626,16,medium_office,1,NaturalGas,PVAV with gas heat with electric reheat
5627,3,secondary_school,0,NaturalGas,PSZ-AC with gas coil
5628,24,warehouse,1,FuelOil,PVAV with gas heat with electric reheat
5629,109,retail,0,Electricity,PTAC with electric coil
5630,16,outpatient,0,Electricity,PSZ-AC with electric coil
5631,13,large_hotel,1,Electricity,PTAC with electric coil
5632,24,hospital,1,FuelOil,VAV chiller with gas boiler reheat
5633,28,primary_school,1,NaturalGas,PVAV with gas heat with electric reheat
5634,37,quick_service_restaurant,0,NaturalGas,Residential AC with residential forced air furnace
5635,48,small_office,1,FuelOil,PVAV with gas boiler reheat
5636,36,small_office,1,FuelOil,PSZ-AC with gas coil
5637,109,secondary_school,0,NaturalGas,PSZ-AC with gas coil
5638,49,medium_office,0,Electricity,PVAV with PFP boxes
5639,49,medium_office,1,NaturalGas,VAV chiller with gas boiler reheat
5640,38,medium_office,1,NaturalGas,VAV air-cooled chiller with gas boiler reheat
5641,27,medium_office,1,Electricity,PSZ-HP
5642,26,strip_mall,1,NaturalGas,Residential AC with residential forced air furnace
5643,10,hospital,1,FuelOil,VAV chiller with gas boiler reheat
5644,24,quick_service_restaurant,0,NaturalGas,Residential AC with residential forced air furnace
5645,44,strip_mall,1,NaturalGas,PSZ-AC with gas coil
5646,17,primary_school,1,NaturalGas,DOAS with water source heat pumps cooling tower with boiler
5647,7,grocery,1,Electricity,PSZ-AC with electric coil
5648,13,primary_school,1,NaturalGas,DOAS with water source heat pumps cooling tower with boiler
5649,4,small_office,1,Electricity,PSZ-HP
5650,13,primary_school,0,Electricity,PSZ-HP
5651,11,primary_school,1,Electricity,PVAV with PFP boxes
5652,105,medium_office,1,NaturalGas,VAV air-cooled chiller with gas boiler reheat
5653,105,secondary_school,0,NaturalGas,PVAV with gas heat with electric reheat
5654,107,outpatient,1,NaturalGas,PSZ-AC with gas coil
5655,21,secondary_school,0,Electricity,PSZ-AC with electric coil
5656,106,secondary_school,1,NaturalGas,VAV air-cooled chiller with gas boiler reheat
5657,12,large_hotel,0,NaturalGas,DOAS with water source heat pumps cooling tower with boiler
5658,10,secondary_school,0,FuelOil,PTAC with gas boiler
5659,104,primary_school,1,NaturalGas,PSZ-AC with gas boiler
5660,28,grocery,0,NaturalGas,PSZ-AC with gas coil
5661,103,strip_mall,1,NaturalGas,Residential AC with residential forced air furnace
5662,103,secondary_school,0,Electricity,PSZ-AC with electric coil
5663,19,hospital,1,DistrictHeating,VAV district chilled water with district hot water reheat
5664,104,secondary_school,1,NaturalGas,VAV air-cooled chiller with gas boiler reheat
5665,9,primary_school,1,NaturalGas,PVAV with gas boiler reheat
5666,107,outpatient,0,Electricity,PSZ-AC with electric coil
5667,9,small_hotel,0,NaturalGas,PTAC with gas boiler
5668,4,medium_office,1,NaturalGas,DOAS with water source heat pumps cooling tower with boiler
5669,2,warehouse,0,Propane,Residential AC with residential forced air furnace
5670,11,primary_school,1,Electricity,DOAS with water source heat pumps with ground source heat pump
5671,10,large_office,0,FuelOil,VAV chiller with gas boiler reheat
5672,25,full_service_restaurant,1,Electricity,PSZ-HP
5673,24,primary_school,1,FuelOil,VAV air-cooled chiller with gas boiler reheat
5674,49,secondary_school,1,NaturalGas,PVAV with gas boiler reheat
5675,37,large_office,0,Electricity,PVAV with PFP boxes
5676,108,large_hotel,0,NaturalGas,PTAC with gas boiler
5677,8,secondary_school,0,NaturalGas,PTAC with gas boiler
5678,23,secondary_school,0,NaturalGas,PTAC with gas boiler
5679,49,quick_service_restaurant,0,NaturalGas,Residential AC with residential forced air furnace
5680,8,grocery,0,Propane,PSZ-AC with gas coil
5681,7,small_office,1,NaturalGas,PSZ-AC with gas coil
5682,2,secondary_school,0,NaturalGas,PTAC with gas boiler
5683,15,primary_school,1,NaturalGas,PSZ-AC with gas coil
5684,0,large_office,0,NaturalGas,PVAV with gas boiler reheat
5685,43,warehouse,0,Electricity,PSZ-HP
5686,28,hospital,1,NaturalGas,VAV chiller with gas boiler reheat
5687,0,medium_office,1,Propane,PVAV with gas boiler reheat
5688,1,warehouse,0,NaturalGas,Residential AC with residential forced air furnace
5689,20,medium_office,1,NaturalGas,VAV chiller with gas boiler reheat
5690,105,large_office,0,DistrictHeating,VAV district chilled water with district hot water reheat
5691,44,grocery,0,NaturalGas,PSZ-AC with gas coil
5692,31,full_service_restaurant,1,Propane,PSZ-AC with gas coil
5693,108,primary_school,1,NaturalGas,VAV chiller with gas boiler reheat
5694,7,strip_mall,1,NaturalGas,PSZ-AC with gas coil
5695,40,large_hotel,1,Electricity,DOAS with fan coil chiller with baseboard electric
5696,32,medium_office,1,Electricity,PSZ-HP
5697,23,warehouse,0,Electricity,PSZ-HP
5698,42,large_hotel,0,NaturalGas,PTAC with gas coil
5699,25,large_office,0,NaturalGas,DOAS with water source heat pumps cooling tower with boiler
5700,104,secondary_school,1,NaturalGas,VAV chiller with gas boiler reheat
5701,107,grocery,0,Electricity,PSZ-AC with electric coil
5702,41,full_service_restaurant,0,Electricity,PSZ-HP
5703,0,full_service_restaurant,1,NaturalGas,PVAV with gas heat with electric reheat
5704,39,small_office,0,Propane,Residential AC with residential forced air furnace
5705,37,medium_office,1,Electricity,PSZ-HP
5706,20,secondary_school,1,NaturalGas,VAV air-cooled chiller with gas boiler reheat
5707,26,warehouse,0,Electricity,PTHP
5708,39,large_office,1,DistrictHeating,VAV chiller with district hot water reheat
5709,34,strip_mall,0,Electricity,PSZ-HP
5710,23,secondary_school,0,Electricity,PSZ-AC with electric coil
5711,25,full_service_restaurant,1,NaturalGas,PVAV with gas boiler reheat
5712,35,quick_service_restaurant,0,Propane,PSZ-AC with gas coil
5713,26,large_office,0,NaturalGas,PVAV with gas boiler reheat
5714,19,small_office,1,Propane,PSZ-AC with gas coil
5715,109,warehouse,1,NaturalGas,PSZ-AC with gas coil
5716,15,secondary_school,0,NaturalGas,VAV air-cooled chiller with gas boiler reheat
5717,106,full_service_restaurant,1,Electricity,PSZ-AC with electric coil
5718,0,outpatient,1,Electricity,PVAV with PFP boxes
5719,46,warehouse,0,Electricity,PTAC with electric coil
5720,47,medium_office,1,NaturalGas,PVAV with gas heat with electric reheat
5721,11,medium_office,1,Electricity,PVAV with PFP boxes
5722,18,outpatient,0,Electricity,PSZ-HP
5723,46,retail,1,Propane,PSZ-AC with gas coil
5724,0,strip_mall,1,NaturalGas,PTAC with gas coil
5725,105,large_office,1,NaturalGas,VAV air-cooled chiller with gas boiler reheat
5726,17,large_office,0,NaturalGas,VAV chiller with gas boiler reheat
5727,1,medium_office,0,Electricity,PSZ-AC with electric coil
5728,27,warehouse,1,NaturalGas,PVAV with gas heat with electric reheat
5729,25,large_office,0,DistrictHeating,PVAV with district hot water reheat
5730,11,medium_office,1,Electricity,PSZ-AC with electric coil
5731,14,large_hotel,0,Electricity,PTHP
5732,10,full_service_restaurant,1,NaturalGas,PVAV with gas boiler reheat
5733,108,primary_school,1,Electricity,PVAV with PFP boxes
5734,42,retail,0,Electricity,PSZ-HP
5735,26,grocery,1,Electricity,PSZ-AC with electric coil
5736,45,small_office,1,NaturalGas,Residential AC with residential forced air furnace
5737,9,secondary_school,0,NaturalGas,PVAV with gas heat with electric reheat
5738,37,primary_school,0,Electricity,PSZ-AC with electric coil
5739,28,small_office,1,Propane,PSZ-AC with gas coil
5740,29,full_service_restaurant,1,NaturalGas,PVAV with gas boiler reheat
5741,33,strip_mall,1,NaturalGas,PTAC with gas coil
5742,24,medium_office,0,FuelOil,PVAV with gas boiler reheat
5743,24,outpatient,0,Electricity,PSZ-AC with electric coil
5744,6,strip_mall,1,NaturalGas,PSZ-AC with gas coil
5745,108,grocery,1,Electricity,PSZ-AC with electric coil
5746,47,large_hotel,0,NaturalGas,PTAC with gas coil
5747,10,grocery,1,Propane,PSZ-AC with gas coil
5748,29,grocery,0,Electricity,PSZ-AC with electric coil
5749,7,quick_service_restaurant,0,Electricity,PTAC with electric coil
5750,14,small_office,1,Electricity,PSZ-HP
5751,35,large_hotel,0,NaturalGas,PTAC with gas coil
5752,110,strip_mall,0,Electricity,PSZ-AC with electric coil
5753,108,medium_office,0,Electricity,PVAV with PFP boxes
5754,36,medium_office,1,FuelOil,PVAV with gas boiler reheat
5755,27,large_hotel,0,NaturalGas,PTAC with gas coil
5756,10,medium_office,0,FuelOil,PSZ-AC with gas boiler
5757,38,hospital,1,NaturalGas,VAV chiller with gas boiler reheat
5758,18,hospital,1,NaturalGas,VAV air-cooled chiller with gas boiler reheat
5759,108,medium_office,1,NaturalGas,PSZ-AC with gas coil
5760,4,large_hotel,1,NaturalGas,DOAS with fan coil chiller with boiler
5761,21,secondary_school,0,NaturalGas,PSZ-AC with gas boiler
5762,106,medium_office,1,Electricity,PSZ-AC with electric coil
5763,16,medium_office,1,NaturalGas,PSZ-AC with gas coil
5764,47,medium_office,0,Propane,PSZ-AC with gas coil
5765,109,large_hotel,0,Electricity,DOAS with water source heat pumps with ground source heat pump
5766,9,large_hotel,0,Electricity,DOAS with water source heat pumps with ground source heat pump
5767,44,warehouse,0,Electricity,PTAC with electric coil
5768,3,large_hotel,0,NaturalGas,PTAC with gas boiler
5769,45,medium_office,1,DistrictHeating,VAV district chilled water with district hot water reheat
5770,13,full_service_restaurant,1,Electricity,PSZ-HP
5771,108,grocery,0,Electricity,PSZ-AC with electric coil
5772,15,medium_office,1,DistrictHeating,VAV district chilled water with district hot water reheat
5773,4,secondary_school,0,NaturalGas,DOAS with fan coil air-cooled chiller with boiler
5774,39,secondary_school,0,NaturalGas,PVAV with gas heat with electric reheat
5775,102,grocery,0,Electricity,PSZ-AC with electric coil
5776,106,medium_office,0,Electricity,PVAV with PFP boxes
5777,32,small_hotel,0,Propane,Residential AC with residential forced air furnace
5778,18,large_office,0,NaturalGas,PSZ-AC with gas coil
5779,44,small_office,1,NaturalGas,PVAV with gas boiler reheat
5780,29,medium_office,1,FuelOil,PVAV with gas heat with electric reheat
5781,33,primary_school,0,NaturalGas,PVAV with gas heat with electric reheat
5782,16,secondary_school,1,Electricity,PTHP
5783,107,primary_school,1,NaturalGas,DOAS with water source heat pumps cooling tower with boiler
5784,106,primary_school,1,Electricity,DOAS with water source heat pumps with ground source heat pump
5785,20,large_office,0,NaturalGas,PVAV with gas heat with electric reheat
5786,38,large_office,0,DistrictHeating,VAV district chilled water with district hot water reheat
5787,16,quick_service_restaurant,0,NaturalGas,Residential AC with residential forced air furnace
5788,103,small_office,0,Propane,PSZ-AC with gas coil
5789,22,large_office,0,NaturalGas,PVAV with gas heat with electric reheat
5790,23,small_office,1,NaturalGas,PVAV with gas boiler reheat
5791,27,primary_school,1,NaturalGas,PSZ-AC with gas coil
5792,26,warehouse,0,Electricity,PTAC with electric coil
5793,20,primary_school,1,NaturalGas,DOAS with water source heat pumps cooling tower with boiler
5794,33,primary_school,1,NaturalGas,PVAV with gas boiler reheat
5795,103,small_office,1,NaturalGas,Residential AC with residential forced air furnace
5796,5,secondary_school,0,NaturalGas,PSZ-AC with gas coil
5797,35,small_office,1,NaturalGas,Residential AC with residential forced air furnace
5798,9,outpatient,1,Electricity,VAV air-cooled chiller with PFP boxes
5799,101,outpatient,0,Electricity,PSZ-AC with electric coil
5800,30,large_office,1,Electricity,VAV chiller with PFP boxes
5801,36,primary_school,1,FuelOil,PSZ-AC with gas boiler
5802,10,outpatient,2,NaturalGas,PVAV with gas boiler reheat
5803,100,medium_office,1,NaturalGas,PVAV with gas heat with electric reheat
5804,27,full_service_restaurant,1,Electricity,PSZ-AC with electric coil
5805,20,warehouse,1,Propane,PVAV with gas boiler reheat
5806,46,medium_office,1,NaturalGas,PVAV with gas heat with electric reheat
5807,101,large_office,1,DistrictHeating,VAV chiller with district hot water reheat
5808,0,medium_office,0,NaturalGas,DOAS with fan coil air-cooled chiller with boiler
5809,5,large_office,0,DistrictHeating,PVAV with district hot water reheat
5810,33,large_office,0,NaturalGas,PVAV with gas boiler reheat
5811,48,full_service_restaurant,1,Electricity,PSZ-AC with electric coil
5812,19,large_hotel,1,Electricity,DOAS with fan coil chiller with baseboard electric
5813,10,strip_mall,1,FuelOil,PSZ-AC with gas coil
5814,34,small_office,1,Propane,PVAV with gas boiler reheat
5815,9,secondary_school,0,NaturalGas,VAV air-cooled chiller with gas boiler reheat
5816,44,small_office,1,Electricity,PSZ-HP
5817,39,large_office,1,DistrictHeating,VAV district chilled water with district hot water reheat
5818,11,secondary_school,0,NaturalGas,PVAV with gas heat with electric reheat
5819,108,medium_office,1,Electricity,PSZ-AC with electric coil
5820,43,small_office,0,Electricity,PTAC with electric coil
5821,35,large_hotel,0,NaturalGas,PTAC with gas boiler
5822,42,warehouse,0,Electricity,PTHP
5823,43,strip_mall,2,NaturalGas,PSZ-AC with gas coil
5824,10,large_office,0,NaturalGas,VAV air-cooled chiller with gas boiler reheat
5825,17,primary_school,1,NaturalGas,DOAS with fan coil air-cooled chiller with boiler
5826,16,primary_school,1,NaturalGas,VAV air-cooled chiller with gas boiler reheat
5827,35,medium_office,0,NaturalGas,PSZ-AC with gas coil
5828,39,primary_school,0,NaturalGas,PVAV with gas boiler reheat
5829,101,large_office,1,DistrictHeating,VAV district chilled water with district hot water reheat
5830,47,large_hotel,0,Electricity,PTHP
5831,104,medium_office,0,NaturalGas,DOAS with fan coil chiller with boiler
5832,9,outpatient,1,NaturalGas,PSZ-AC with gas coil
5833,16,warehouse,1,NaturalGas,PVAV with gas boiler reheat
5834,8,small_hotel,0,NaturalGas,PTAC with gas boiler
5835,7,outpatient,0,Electricity,PSZ-AC with electric coil
5836,37,medium_office,1,NaturalGas,PVAV with gas boiler reheat
5837,103,warehouse,1,NaturalGas,PVAV with gas boiler reheat
5838,2,small_hotel,0,Propane,Residential AC with residential forced air furnace
5839,36,grocery,1,Electricity,PSZ-AC with electric coil
5840,103,primary_school,1,NaturalGas,PVAV with gas boiler reheat
5841,104,secondary_school,0,Electricity,DOAS with water source heat pumps with ground source heat pump
5842,4,primary_school,1,NaturalGas,DOAS with fan coil air-cooled chiller with boiler
5843,10,hospital,1,NaturalGas,VAV chiller with gas boiler reheat
5844,103,primary_school,1,Electricity,PVAV with PFP boxes
5845,24,grocery,1,NaturalGas,PSZ-AC with gas coil
5846,22,outpatient,1,NaturalGas,PVAV with gas boiler reheat
5847,28,large_hotel,0,Electricity,PTHP
5848,49,large_hotel,0,NaturalGas,PTAC with gas coil
5849,25,primary_school,0,NaturalGas,PVAV with gas boiler reheat
5850,20,outpatient,1,NaturalGas,PSZ-AC with gas coil
5851,27,secondary_school,0,NaturalGas,PTAC with gas boiler
5852,105,hospital,1,NaturalGas,VAV chiller with gas boiler reheat
5853,0,large_hotel,0,Electricity,DOAS with water source heat pumps with ground source heat pump
5854,30,large_office,0,DistrictHeating,PVAV with district hot water reheat
5855,11,grocery,0,NaturalGas,PSZ-AC with gas coil
5856,25,warehouse,0,FuelOil,Residential AC with residential forced air furnace
5857,15,small_office,1,Electricity,PVAV with PFP boxes
5858,17,large_office,0,NaturalGas,PVAV with gas boiler reheat
5859,106,secondary_school,0,Electricity,PTHP
5860,49,large_hotel,0,Electricity,PTAC with electric coil
5861,18,outpatient,1,Electricity,PSZ-AC with electric coil
5862,26,medium_office,1,NaturalGas,PSZ-AC with gas coil
5863,0,outpatient,2,Electricity,PVAV with PFP boxes
5864,39,secondary_school,0,FuelOil,PSZ-AC with gas coil
5865,14,strip_mall,1,Electricity,PSZ-AC with electric coil
5866,35,small_office,1,Propane,PSZ-AC with gas coil
5867,15,grocery,0,Electricity,PSZ-AC with electric coil
5868,47,small_hotel,0,Propane,Residential AC with residential forced air furnace
5869,46,medium_office,0,NaturalGas,PSZ-AC with gas coil
5870,14,primary_school,0,NaturalGas,PSZ-AC with gas coil
5871,31,quick_service_restaurant,0,FuelOil,PSZ-AC with gas coil
5872,44,full_service_restaurant,1,NaturalGas,PSZ-AC with gas coil
5873,105,strip_mall,0,NaturalGas,Residential AC with residential forced air furnace
5874,30,hospital,1,NaturalGas,VAV air-cooled chiller with gas boiler reheat
5875,28,large_office,0,NaturalGas,VAV air-cooled chiller with gas boiler reheat
5876,26,warehouse,1,Electricity,PSZ-AC with electric coil
5877,37,small_office,1,NaturalGas,Residential AC with residential forced air furnace
5878,35,medium_office,0,NaturalGas,PVAV with gas boiler reheat
5879,13,warehouse,1,Propane,PVAV with gas heat with electric reheat
5880,23,retail,0,Electricity,PTAC with electric coil
5881,102,strip_mall,2,NaturalGas,PVAV with gas heat with electric reheat
5882,8,outpatient,1,Electricity,PVAV with PFP boxes
5883,21,secondary_school,0,NaturalGas,PSZ-AC with gas coil
5884,28,primary_school,1,NaturalGas,PSZ-AC with gas boiler
5885,25,secondary_school,1,NaturalGas,VAV chiller with gas boiler reheat
5886,36,outpatient,0,Propane,PSZ-AC with gas coil
5887,101,secondary_school,0,NaturalGas,PVAV with gas heat with electric reheat
5888,27,primary_school,0,Electricity,PVAV with PFP boxes
5889,102,secondary_school,0,NaturalGas,PSZ-AC with gas boiler
5890,10,primary_school,1,NaturalGas,DOAS with water source heat pumps cooling tower with boiler
5891,108,large_hotel,0,NaturalGas,PTAC with gas coil
5892,32,large_office,1,DistrictHeating,VAV chiller with district hot water reheat
5893,48,large_hotel,1,DistrictHeating,DOAS with fan coil chiller with district hot water
5894,11,quick_service_restaurant,0,FuelOil,PSZ-AC with gas coil
5895,45,full_service_restaurant,1,Electricity,PVAV with PFP boxes
5896,11,hospital,1,NaturalGas,VAV chiller with gas boiler reheat
5897,27,primary_school,1,Electricity,DOAS with water source heat pumps with ground source heat pump
5898,5,hospital,1,DistrictHeating,VAV district chilled water with district hot water reheat
5899,25,secondary_school,1,FuelOil,VAV chiller with gas boiler reheat
5900,21,retail,1,NaturalGas,PSZ-AC with gas coil
5901,31,retail,0,FuelOil,PSZ-AC with gas coil
5902,27,medium_office,1,NaturalGas,VAV air-cooled chiller with gas boiler reheat
5903,102,grocery,1,Electricity,PSZ-AC with electric coil
5904,102,warehouse,1,NaturalGas,PVAV with gas heat with electric reheat
5905,29,large_hotel,1,NaturalGas,PTAC with gas boiler
5906,48,small_office,1,FuelOil,PVAV with gas heat with electric reheat
5907,108,quick_service_restaurant,0,NaturalGas,Residential AC with residential forced air furnace
5908,28,retail,0,Electricity,PTAC with electric coil
5909,34,hospital,1,NaturalGas,VAV chiller with gas boiler reheat
5910,8,grocery,1,Propane,PSZ-AC with gas coil
5911,18,medium_office,1,DistrictHeating,VAV district chilled water with district hot water reheat
5912,12,secondary_school,0,Electricity,PTHP
5913,108,secondary_school,0,Electricity,PTHP
5914,16,primary_school,1,NaturalGas,VAV chiller with gas boiler reheat
5915,12,secondary_school,1,NaturalGas,VAV air-cooled chiller with gas boiler reheat
5916,100,medium_office,1,Electricity,PVAV with PFP boxes
5917,1,strip_mall,0,Electricity,PSZ-HP
5918,31,large_hotel,0,NaturalGas,DOAS with water source heat pumps cooling tower with boiler
5919,13,medium_office,1,NaturalGas,DOAS with water source heat pumps cooling tower with boiler
5920,30,large_hotel,1,Electricity,PTAC with electric coil
5921,105,large_office,1,DistrictHeating,VAV district chilled water with district hot water reheat
5922,36,hospital,1,NaturalGas,VAV chiller with gas boiler reheat
5923,31,warehouse,1,NaturalGas,PVAV with gas heat with electric reheat
5924,39,medium_office,1,NaturalGas,VAV chiller with gas boiler reheat
5925,104,primary_school,1,Electricity,DOAS with water source heat pumps with ground source heat pump
5926,20,small_hotel,0,NaturalGas,PTAC with gas boiler
5927,27,hospital,1,NaturalGas,VAV chiller with gas boiler reheat
5928,107,hospital,1,NaturalGas,VAV chiller with gas boiler reheat
5929,18,small_office,1,Propane,PVAV with gas boiler reheat
5930,28,medium_office,0,Electricity,PSZ-AC with electric coil
5931,20,outpatient,0,Electricity,PSZ-HP
5932,25,secondary_school,0,NaturalGas,DOAS with fan coil air-cooled chiller with boiler
5933,40,primary_school,0,NaturalGas,PVAV with gas boiler reheat
5934,10,outpatient,1,NaturalGas,PVAV with gas boiler reheat
5935,32,full_service_restaurant,1,NaturalGas,PVAV with gas heat with electric reheat
5936,9,warehouse,0,Propane,Residential AC with residential forced air furnace
5937,12,secondary_school,0,Electricity,PSZ-AC with electric coil
5938,14,full_service_restaurant,1,Electricity,PSZ-AC with electric coil
5939,44,medium_office,0,Electricity,PSZ-AC with electric coil
5940,100,medium_office,1,NaturalGas,PSZ-AC with gas coil
5941,47,small_hotel,0,NaturalGas,Residential AC with residential forced air furnace
5942,12,small_hotel,0,NaturalGas,Residential AC with residential forced air furnace
5943,11,medium_office,1,NaturalGas,VAV air-cooled chiller with gas boiler reheat
5944,28,primary_school,1,NaturalGas,DOAS with fan coil air-cooled chiller with boiler
5945,11,secondary_school,0,Electricity,PSZ-AC with electric coil
5946,36,full_service_restaurant,1,Electricity,PSZ-HP
5947,11,full_service_restaurant,1,NaturalGas,PVAV with gas boiler reheat
5948,13,outpatient,1,Electricity,PVAV with PFP boxes
5949,21,strip_mall,0,Electricity,PSZ-HP
5950,7,outpatient,0,Electricity,PSZ-HP
5951,7,medium_office,1,Electricity,PVAV with PFP boxes
5952,24,medium_office,1,FuelOil,PVAV with gas heat with electric reheat
5953,17,medium_office,1,Electricity,PSZ-HP
5954,48,primary_school,1,FuelOil,VAV air-cooled chiller with gas boiler reheat
5955,1,small_hotel,0,Propane,Residential AC with residential forced air furnace
5956,9,small_office,1,Propane,PVAV with gas boiler reheat
5957,29,warehouse,1,Propane,PSZ-AC with gas coil
5958,10,warehouse,1,Propane,PSZ-AC with gas coil
5959,40,large_office,1,NaturalGas,DOAS with water source heat pumps cooling tower with boiler
5960,47,strip_mall,0,FuelOil,Residential AC with residential forced air furnace
5961,30,retail,1,Propane,PSZ-AC with gas coil
5962,36,quick_service_restaurant,0,Electricity,PTAC with electric coil
5963,47,warehouse,1,NaturalGas,PVAV with gas boiler reheat
5964,18,outpatient,2,NaturalGas,VAV chiller with gas boiler reheat
5965,21,strip_mall,2,NaturalGas,PSZ-AC with gas coil
5966,10,large_hotel,1,NaturalGas,PTAC with gas boiler
5967,102,secondary_school,0,NaturalGas,PVAV with gas heat with electric reheat
5968,2,large_office,0,Electricity,PVAV with PFP boxes
5969,106,large_hotel,0,Electricity,DOAS with water source heat pumps with ground source heat pump
5970,109,warehouse,1,Electricity,PSZ-AC with electric coil
5971,38,full_service_restaurant,1,NaturalGas,PVAV with gas heat with electric reheat
5972,104,large_hotel,0,Electricity,DOAS with water source heat pumps with ground source heat pump
5973,34,small_office,1,NaturalGas,Residential AC with residential forced air furnace
5974,20,full_service_restaurant,1,NaturalGas,PVAV with gas heat with electric reheat
5975,41,quick_service_restaurant,0,Propane,PSZ-AC with gas coil
5976,10,large_office,0,DistrictHeating,PVAV with district hot water reheat
5977,13,grocery,1,Electricity,PSZ-AC with electric coil
5978,37,small_hotel,0,NaturalGas,Residential AC with residential forced air furnace
5979,5,medium_office,1,NaturalGas,VAV chiller with gas boiler reheat
5980,28,warehouse,1,Electricity,PVAV with PFP boxes
5981,40,large_office,0,NaturalGas,PVAV with gas heat with electric reheat
5982,109,warehouse,0,Propane,PSZ-AC with gas coil
5983,107,outpatient,1,NaturalGas,PVAV with gas boiler reheat
5984,34,warehouse,1,Electricity,PSZ-AC with electric coil
5985,15,outpatient,0,Electricity,PSZ-AC with electric coil
5986,19,outpatient,1,Electricity,VAV air-cooled chiller with PFP boxes
5987,10,medium_office,1,FuelOil,PSZ-AC with gas coil
5988,22,large_office,1,NaturalGas,VAV air-cooled chiller with gas boiler reheat
5989,38,primary_school,0,Electricity,PSZ-HP
5990,105,primary_school,0,Electricity,PSZ-AC with electric coil
5991,29,large_office,0,NaturalGas,PVAV with gas heat with electric reheat
5992,30,full_service_restaurant,1,NaturalGas,PVAV with gas boiler reheat
5993,24,medium_office,1,NaturalGas,PSZ-AC with gas coil
5994,108,primary_school,0,NaturalGas,PSZ-AC with gas coil
5995,39,large_hotel,1,Electricity,DOAS with fan coil chiller with baseboard electric
5996,27,warehouse,1,Electricity,PVAV with PFP boxes
5997,0,large_office,1,Electricity,PVAV with PFP boxes
5998,9,primary_school,0,FuelOil,PSZ-AC with gas coil
5999,38,small_hotel,0,NaturalGas,PTAC with gas boiler
6000,39,large_office,1,NaturalGas,VAV air-cooled chiller with gas boiler reheat
6001,30,large_office,1,NaturalGas,DOAS with water source heat pumps cooling tower with boiler
6002,3,small_office,0,Electricity,PSZ-AC with electric coil
6003,27,grocery,0,Propane,Residential AC with residential forced air furnace
6004,46,small_office,1,NaturalGas,PVAV with gas boiler reheat
6005,109,primary_school,0,NaturalGas,PSZ-AC with gas coil
6006,0,primary_school,0,Electricity,PVAV with PFP boxes
6007,20,strip_mall,1,NaturalGas,PTAC with gas coil
6008,9,primary_school,1,NaturalGas,PSZ-AC with gas boiler
6009,108,small_office,0,Propane,Residential AC with residential forced air furnace
6010,31,medium_office,1,DistrictHeating,VAV district chilled water with district hot water reheat
6011,8,medium_office,1,DistrictHeating,VAV district chilled water with district hot water reheat
6012,102,primary_school,1,NaturalGas,PSZ-AC with gas boiler
6013,29,primary_school,1,FuelOil,DOAS with fan coil air-cooled chiller with boiler
6014,10,large_office,1,NaturalGas,DOAS with water source heat pumps cooling tower with boiler
6015,5,grocery,0,NaturalGas,PSZ-AC with gas coil
6016,49,secondary_school,1,NaturalGas,VAV chiller with gas boiler reheat
6017,24,secondary_school,0,NaturalGas,PVAV with gas heat with electric reheat
6018,34,small_office,0,FuelOil,PSZ-AC with gas coil
6019,17,small_hotel,0,NaturalGas,PTAC with gas boiler
6020,17,primary_school,0,NaturalGas,PVAV with gas boiler reheat
6021,41,primary_school,1,Electricity,DOAS with water source heat pumps with ground source heat pump
6022,30,primary_school,1,FuelOil,VAV air-cooled chiller with gas boiler reheat
6023,49,retail,0,FuelOil,PSZ-AC with gas coil
6024,48,large_hotel,1,Electricity,DOAS with fan coil chiller with baseboard electric
6025,5,primary_school,1,NaturalGas,VAV air-cooled chiller with gas boiler reheat
6026,20,small_hotel,0,Electricity,PTHP
6027,104,secondary_school,0,NaturalGas,PSZ-AC with gas boiler
6028,27,primary_school,0,NaturalGas,PVAV with gas heat with electric reheat
6029,24,full_service_restaurant,1,Electricity,PVAV with PFP boxes
6030,12,full_service_restaurant,1,Electricity,PSZ-HP
6031,49,primary_school,1,Electricity,DOAS with water source heat pumps with ground source heat pump
6032,108,secondary_school,1,Electricity,PTHP
6033,10,large_office,1,NaturalGas,VAV air-cooled chiller with gas boiler reheat
6034,29,large_office,1,NaturalGas,VAV air-cooled chiller with gas boiler reheat
6035,43,strip_mall,1,NaturalGas,PSZ-AC with gas coil
6036,26,large_office,0,Electricity,VAV chiller with PFP boxes
6037,33,large_office,0,NaturalGas,VAV chiller with gas boiler reheat
6038,34,large_hotel,0,Propane,PTAC with gas coil
6039,34,medium_office,0,Electricity,PSZ-HP
6040,10,strip_mall,2,FuelOil,PSZ-AC with gas coil
6041,29,large_office,0,DistrictHeating,PVAV with district hot water reheat
6042,16,medium_office,1,Electricity,PSZ-HP
6043,106,secondary_school,1,NaturalGas,VAV chiller with gas boiler reheat
6044,104,strip_mall,1,NaturalGas,PTAC with gas coil
6045,38,outpatient,2,Electricity,PVAV with PFP boxes
6046,105,outpatient,0,Electricity,PSZ-AC with electric coil
6047,12,primary_school,0,Electricity,PSZ-AC with electric coil
6048,102,medium_office,1,NaturalGas,VAV chiller with gas boiler reheat
6049,26,small_hotel,0,Propane,PTAC with gas boiler
6050,49,medium_office,1,Electricity,PSZ-AC with electric coil
6051,10,medium_office,0,FuelOil,PVAV with gas boiler reheat
6052,10,medium_office,1,NaturalGas,DOAS with water source heat pumps cooling tower with boiler
6053,36,medium_office,1,NaturalGas,DOAS with water source heat pumps cooling tower with boiler
6054,17,medium_office,0,NaturalGas,PSZ-AC with gas boiler
6055,25,secondary_school,0,NaturalGas,PVAV with gas heat with electric reheat
6056,31,secondary_school,0,NaturalGas,PTAC with gas boiler
6057,46,small_hotel,0,Electricity,PTAC with electric coil
6058,110,retail,0,NaturalGas,Residential AC with residential forced air furnace
6059,28,small_office,1,Electricity,PVAV with PFP boxes
6060,104,secondary_school,0,NaturalGas,PVAV with gas heat with electric reheat
6061,5,full_service_restaurant,1,NaturalGas,PVAV with gas heat with electric reheat
6062,12,outpatient,2,Electricity,PVAV with PFP boxes
6063,107,full_service_restaurant,1,Electricity,PVAV with PFP boxes
6064,7,large_hotel,0,NaturalGas,PTAC with gas boiler
6065,1,small_office,1,Electricity,PSZ-HP
6066,48,large_hotel,1,NaturalGas,PTAC with gas boiler
6067,26,outpatient,1,NaturalGas,PSZ-AC with gas boiler
6068,14,small_office,1,NaturalGas,PVAV with gas boiler reheat
6069,6,small_office,1,NaturalGas,PSZ-AC with gas coil
6070,33,medium_office,1,NaturalGas,DOAS with water source heat pumps cooling tower with boiler
6071,46,small_office,1,Electricity,PVAV with PFP boxes
6072,23,secondary_school,0,Electricity,PTHP
6073,15,medium_office,0,Electricity,PSZ-AC with electric coil
6074,46,strip_mall,1,Electricity,PSZ-AC with electric coil
6075,37,secondary_school,0,NaturalGas,PSZ-AC with gas boiler
6076,48,secondary_school,0,FuelOil,PSZ-AC with gas boiler
6077,102,secondary_school,0,Electricity,DOAS with water source heat pumps with ground source heat pump
6078,107,secondary_school,0,NaturalGas,DOAS with fan coil air-cooled chiller with boiler
6079,45,quick_service_restaurant,0,Electricity,PTAC with electric coil
6080,15,grocery,1,Electricity,PSZ-AC with electric coil
6081,2,primary_school,1,NaturalGas,PVAV with gas boiler reheat
6082,5,hospital,1,NaturalGas,VAV chiller with gas boiler reheat
6083,100,primary_school,1,NaturalGas,PSZ-AC with gas coil
6084,8,strip_mall,1,NaturalGas,PTAC with gas coil
6085,7,retail,1,Propane,PSZ-AC with gas coil
6086,28,primary_school,1,Electricity,PVAV with PFP boxes
6087,40,retail,1,Electricity,PVAV with PFP boxes
6088,34,strip_mall,2,NaturalGas,PVAV with gas heat with electric reheat
6089,105,primary_school,0,NaturalGas,PVAV with gas boiler reheat
6090,28,full_service_restaurant,1,Propane,PSZ-AC with gas coil
6091,106,primary_school,1,NaturalGas,PSZ-AC with gas boiler
6092,106,warehouse,1,Propane,PSZ-AC with gas coil
6093,34,secondary_school,0,NaturalGas,PTAC with gas boiler
6094,104,medium_office,0,NaturalGas,PSZ-AC with gas boiler
6095,100,warehouse,1,Electricity,PVAV with PFP boxes
6096,104,large_office,0,NaturalGas,PVAV with gas boiler reheat
6097,27,grocery,0,Propane,PSZ-AC with gas coil
6098,4,small_office,1,Propane,PVAV with gas heat with electric reheat
6099,2,large_office,0,Electricity,VAV chiller with PFP boxes
6100,1,primary_school,0,NaturalGas,PSZ-AC with gas coil
6101,42,small_office,1,NaturalGas,Residential AC with residential forced air furnace
6102,24,medium_office,0,Electricity,PSZ-AC with electric coil
6103,13,outpatient,1,Electricity,VAV air-cooled chiller with PFP boxes
6104,30,large_office,0,NaturalGas,PVAV with gas heat with electric reheat
6105,108,secondary_school,0,Electricity,DOAS with water source heat pumps with ground source heat pump
6106,5,large_hotel,1,NaturalGas,DOAS with fan coil chiller with boiler
6107,30,small_office,1,FuelOil,PVAV with gas heat with electric reheat
6108,30,outpatient,1,NaturalGas,PVAV with gas boiler reheat
6109,0,secondary_school,1,Electricity,PSZ-HP
6110,103,medium_office,0,NaturalGas,DOAS with fan coil air-cooled chiller with boiler
6111,14,full_service_restaurant,0,FuelOil,PSZ-AC with gas coil
6112,19,primary_school,0,FuelOil,PSZ-AC with gas coil
6113,19,primary_school,1,FuelOil,VAV air-cooled chiller with gas boiler reheat
6114,11,outpatient,0,Electricity,PSZ-AC with electric coil
6115,4,outpatient,1,NaturalGas,PVAV with gas boiler reheat
6116,34,secondary_school,0,NaturalGas,PVAV with gas heat with electric reheat
6117,47,quick_service_restaurant,0,Electricity,PSZ-HP
6118,31,large_hotel,0,Electricity,PTAC with electric coil
6119,25,grocery,1,Propane,PSZ-AC with gas coil
6120,36,quick_service_restaurant,0,FuelOil,PSZ-AC with gas coil
6121,23,secondary_school,0,NaturalGas,VAV air-cooled chiller with gas boiler reheat
6122,18,large_hotel,0,Electricity,DOAS with water source heat pumps with ground source heat pump
6123,47,small_office,1,NaturalGas,PVAV with gas boiler reheat
6124,102,large_office,1,DistrictHeating,VAV chiller with district hot water reheat
6125,25,primary_school,0,NaturalGas,PVAV with gas heat with electric reheat
6126,42,small_office,0,Electricity,PTHP
6127,46,primary_school,0,NaturalGas,PSZ-AC with gas coil
6128,31,small_hotel,0,Propane,Residential AC with residential forced air furnace
6129,104,medium_office,1,Electricity,PSZ-HP
6130,106,strip_mall,1,NaturalGas,Residential AC with residential forced air furnace
6131,30,small_office,1,FuelOil,PVAV with gas boiler reheat
6132,103,grocery,0,Electricity,PSZ-AC with electric coil
6133,31,small_office,1,Electricity,PSZ-AC with electric coil
6134,41,medium_office,0,Electricity,PVAV with PFP boxes
6135,28,primary_school,0,NaturalGas,PVAV with gas boiler reheat
6136,48,hospital,1,NaturalGas,VAV chiller with gas boiler reheat
6137,39,medium_office,1,NaturalGas,VAV air-cooled chiller with gas boiler reheat
6138,30,medium_office,1,FuelOil,PVAV with gas heat with electric reheat
6139,43,secondary_school,0,NaturalGas,PSZ-AC with gas coil
6140,17,hospital,1,DistrictHeating,VAV district chilled water with district hot water reheat
6141,103,large_office,0,NaturalGas,PVAV with gas boiler reheat
6142,12,outpatient,1,NaturalGas,PSZ-AC with gas coil
6143,38,secondary_school,0,NaturalGas,VAV air-cooled chiller with gas boiler reheat
6144,48,grocery,1,FuelOil,PSZ-AC with gas coil
6145,17,grocery,0,Propane,Residential AC with residential forced air furnace
6146,48,large_hotel,1,NaturalGas,DOAS with fan coil chiller with boiler
6147,105,medium_office,1,NaturalGas,DOAS with water source heat pumps cooling tower with boiler
6148,35,retail,0,Electricity,PTHP
6149,25,outpatient,2,Electricity,PVAV with PFP boxes
6150,47,medium_office,0,FuelOil,PSZ-AC with gas coil
6151,39,primary_school,0,Electricity,PVAV with PFP boxes
6152,104,large_hotel,1,Electricity,PTAC with electric coil
6153,9,secondary_school,0,FuelOil,PVAV with gas heat with electric reheat
6154,36,grocery,1,FuelOil,PSZ-AC with gas coil
6155,34,strip_mall,1,NaturalGas,PVAV with gas heat with electric reheat
6156,26,outpatient,1,NaturalGas,PVAV with gas boiler reheat
6157,109,primary_school,1,NaturalGas,PSZ-AC with gas coil
6158,17,large_office,0,DistrictHeating,VAV district chilled water with district hot water reheat
6159,6,large_hotel,0,Electricity,DOAS with water source heat pumps with ground source heat pump
6160,24,primary_school,1,NaturalGas,PVAV with gas boiler reheat
6161,28,medium_office,1,Electricity,PVAV with PFP boxes
6162,17,outpatient,1,NaturalGas,PVAV with gas boiler reheat
6163,24,warehouse,1,NaturalGas,PVAV with gas boiler reheat
6164,1,full_service_restaurant,0,Electricity,PSZ-HP
6165,46,small_office,0,Electricity,PTAC with electric coil
6166,25,large_office,1,NaturalGas,DOAS with water source heat pumps cooling tower with boiler
6167,11,outpatient,0,Electricity,PSZ-HP
6168,101,secondary_school,1,Electricity,PTHP
6169,38,primary_school,0,NaturalGas,PSZ-AC with gas coil
6170,100,secondary_school,0,NaturalGas,PSZ-AC with gas boiler
6171,104,small_office,0,Propane,PSZ-AC with gas coil
6172,107,secondary_school,1,NaturalGas,VAV chiller with gas boiler reheat
6173,4,large_hotel,1,DistrictHeating,DOAS with fan coil chiller with district hot water
6174,37,primary_school,0,Electricity,PSZ-HP
6175,38,large_hotel,1,Electricity,DOAS with fan coil chiller with baseboard electric
6176,13,quick_service_restaurant,0,FuelOil,PSZ-AC with gas coil
6177,37,outpatient,1,Electricity,PSZ-AC with electric coil
6178,0,hospital,1,NaturalGas,VAV air-cooled chiller with gas boiler reheat
6179,15,small_office,1,Propane,PVAV with gas heat with electric reheat
6180,35,warehouse,0,Electricity,PTAC with electric coil
6181,23,small_hotel,0,Propane,PTAC with gas boiler
6182,18,outpatient,2,Electricity,PVAV with PFP boxes
6183,8,large_hotel,1,Electricity,PTAC with electric coil
6184,16,medium_office,0,NaturalGas,DOAS with fan coil air-cooled chiller with boiler
6185,29,outpatient,1,NaturalGas,PVAV with gas boiler reheat
6186,3,large_hotel,0,Electricity,PTAC with electric coil
6187,102,medium_office,1,NaturalGas,VAV air-cooled chiller with gas boiler reheat
6188,4,secondary_school,1,NaturalGas,VAV air-cooled chiller with gas boiler reheat
6189,29,quick_service_restaurant,0,Electricity,PTAC with electric coil
6190,38,strip_mall,2,NaturalGas,PVAV with gas heat with electric reheat
6191,36,large_hotel,1,Electricity,PTAC with electric coil
6192,33,full_service_restaurant,1,NaturalGas,PVAV with gas heat with electric reheat
6193,19,small_hotel,0,Propane,PTAC with gas boiler
6194,104,primary_school,1,NaturalGas,DOAS with water source heat pumps cooling tower with boiler
6195,20,large_office,1,NaturalGas,VAV air-cooled chiller with gas boiler reheat
6196,38,quick_service_restaurant,0,Propane,PSZ-AC with gas coil
6197,32,large_hotel,1,NaturalGas,DOAS with fan coil chiller with boiler
6198,42,medium_office,0,NaturalGas,PVAV with gas boiler reheat
6199,107,large_office,0,Electricity,VAV chiller with PFP boxes
6200,37,primary_school,1,NaturalGas,VAV chiller with gas boiler reheat
6201,16,small_hotel,0,NaturalGas,PTAC with gas boiler
6202,5,primary_school,1,NaturalGas,DOAS with water source heat pumps cooling tower with boiler
6203,20,medium_office,0,NaturalGas,DOAS with fan coil chiller with boiler
6204,105,medium_office,1,NaturalGas,VAV chiller with gas boiler reheat
6205,106,primary_school,1,NaturalGas,DOAS with water source heat pumps cooling tower with boiler
6206,5,primary_school,0,NaturalGas,PSZ-AC with gas coil
6207,105,large_office,1,DistrictHeating,VAV chiller with district hot water reheat
6208,45,large_hotel,0,NaturalGas,PTAC with gas boiler
6209,34,large_hotel,0,Electricity,PTHP
6210,1,large_hotel,0,Electricity,DOAS with water source heat pumps with ground source heat pump
6211,42,large_hotel,0,NaturalGas,PTAC with gas boiler
6212,49,primary_school,0,NaturalGas,PSZ-AC with gas coil
6213,0,medium_office,0,NaturalGas,DOAS with fan coil chiller with boiler
6214,36,full_service_restaurant,1,NaturalGas,PVAV with gas boiler reheat
6215,10,full_service_restaurant,1,NaturalGas,PVAV with gas heat with electric reheat
6216,12,strip_mall,2,NaturalGas,PVAV with gas heat with electric reheat
6217,103,primary_school,1,NaturalGas,VAV air-cooled chiller with gas boiler reheat
6218,14,warehouse,1,Electricity,PVAV with PFP boxes
6219,104,strip_mall,1,NaturalGas,Residential AC with residential forced air furnace
6220,17,large_hotel,0,Electricity,DOAS with water source heat pumps with ground source heat pump
6221,15,full_service_restaurant,1,NaturalGas,PVAV with gas boiler reheat
6222,100,primary_school,1,NaturalGas,PVAV with gas boiler reheat
6223,33,large_office,1,Electricity,VAV chiller with PFP boxes
6224,8,primary_school,1,NaturalGas,PVAV with gas boiler reheat
6225,108,outpatient,0,NaturalGas,PSZ-AC with gas coil
6226,102,primary_school,1,Electricity,DOAS with water source heat pumps with ground source heat pump
6227,12,large_hotel,0,Electricity,DOAS with water source heat pumps with ground source heat pump
6228,15,primary_school,1,Electricity,PVAV with PFP boxes
6229,101,quick_service_restaurant,0,NaturalGas,Residential AC with residential forced air furnace
6230,1,small_office,1,NaturalGas,PVAV with gas boiler reheat
6231,45,retail,1,Propane,PSZ-AC with gas coil
6232,8,small_office,1,Propane,PSZ-AC with gas coil
6233,23,small_office,1,Propane,PVAV with gas boiler reheat
6234,11,secondary_school,0,Electricity,PTHP
6235,30,outpatient,0,Electricity,PSZ-AC with electric coil
6236,11,grocery,0,Electricity,PSZ-AC with electric coil
6237,31,secondary_school,0,NaturalGas,VAV air-cooled chiller with gas boiler reheat
6238,109,primary_school,1,NaturalGas,PVAV with gas boiler reheat
6239,31,full_service_restaurant,1,Electricity,PSZ-AC with electric coil
6240,32,primary_school,1,NaturalGas,VAV chiller with gas boiler reheat
6241,29,small_office,1,FuelOil,PVAV with gas boiler reheat
6242,28,large_office,0,DistrictHeating,VAV district chilled water with district hot water reheat
6243,1,retail,0,Electricity,PSZ-HP
6244,103,quick_service_restaurant,0,NaturalGas,Residential AC with residential forced air furnace
6245,44,secondary_school,0,Electricity,PTHP
6246,24,small_hotel,0,FuelOil,Residential AC with residential forced air furnace
6247,32,large_office,1,DistrictHeating,VAV district chilled water with district hot water reheat
6248,107,outpatient,1,Electricity,PSZ-AC with electric coil
6249,16,large_hotel,0,NaturalGas,DOAS with water source heat pumps cooling tower with boiler
6250,105,outpatient,1,Electricity,PSZ-AC with electric coil
6251,103,large_office,0,Electricity,PVAV with PFP boxes
6252,42,grocery,0,NaturalGas,PSZ-AC with gas coil
6253,40,primary_school,0,Electricity,PVAV with PFP boxes
6254,14,secondary_school,0,NaturalGas,PSZ-AC with gas coil
6255,109,small_office,1,NaturalGas,Residential AC with residential forced air furnace
6256,10,secondary_school,0,Electricity,PSZ-AC with electric coil
6257,32,large_office,1,Electricity,PVAV with PFP boxes
6258,102,large_office,1,DistrictHeating,VAV district chilled water with district hot water reheat
6259,26,large_office,0,NaturalGas,VAV chiller with gas boiler reheat
6260,14,medium_office,1,Electricity,PVAV with PFP boxes
6261,1,secondary_school,0,Electricity,DOAS with water source heat pumps with ground source heat pump
6262,9,primary_school,1,FuelOil,VAV air-cooled chiller with gas boiler reheat
6263,19,warehouse,1,FuelOil,PVAV with gas heat with electric reheat
6264,44,medium_office,0,NaturalGas,PVAV with gas boiler reheat
6265,18,large_office,1,NaturalGas,DOAS with water source heat pumps cooling tower with boiler
6266,47,primary_school,1,NaturalGas,PVAV with gas boiler reheat
6267,103,primary_school,1,NaturalGas,VAV chiller with gas boiler reheat
6268,8,outpatient,1,NaturalGas,PSZ-AC with gas coil
6269,37,hospital,1,NaturalGas,VAV chiller with gas boiler reheat
6270,7,warehouse,1,NaturalGas,PVAV with gas boiler reheat
6271,7,warehouse,1,NaturalGas,PVAV with gas heat with electric reheat
6272,106,large_office,0,NaturalGas,VAV chiller with gas boiler reheat
6273,15,primary_school,0,Electricity,PSZ-HP
6274,39,primary_school,1,NaturalGas,DOAS with water source heat pumps cooling tower with boiler
6275,22,large_office,0,NaturalGas,VAV air-cooled chiller with gas boiler reheat
6276,109,small_office,1,Electricity,PSZ-HP
6277,15,primary_school,0,Electricity,PSZ-AC with electric coil
6278,104,strip_mall,2,NaturalGas,PVAV with gas heat with electric reheat
6279,34,retail,0,FuelOil,PSZ-AC with gas coil
6280,16,full_service_restaurant,1,Electricity,PSZ-HP
6281,3,full_service_restaurant,0,Electricity,PSZ-HP
6282,30,hospital,1,DistrictHeating,VAV district chilled water with district hot water reheat
6283,107,primary_school,1,NaturalGas,DOAS with fan coil air-cooled chiller with boiler
6284,25,medium_office,1,NaturalGas,DOAS with water source heat pumps cooling tower with boiler
6285,3,small_office,0,Electricity,PSZ-HP
6286,27,grocery,0,Electricity,PSZ-AC with electric coil
6287,27,full_service_restaurant,1,NaturalGas,PVAV with gas boiler reheat
6288,108,primary_school,1,Electricity,DOAS with water source heat pumps with ground source heat pump
6289,101,large_hotel,1,Electricity,DOAS with fan coil chiller with baseboard electric
6290,2,primary_school,0,Electricity,PSZ-AC with electric coil
6291,44,strip_mall,1,Electricity,PSZ-AC with electric coil
6292,10,warehouse,0,Electricity,PSZ-HP
6293,24,warehouse,1,NaturalGas,PVAV with gas heat with electric reheat
6294,10,secondary_school,0,FuelOil,PVAV with gas heat with electric reheat
6295,9,secondary_school,1,FuelOil,PVAV with gas boiler reheat
6296,39,primary_school,1,NaturalGas,DOAS with fan coil air-cooled chiller with boiler
6297,9,primary_school,1,FuelOil,DOAS with fan coil air-cooled chiller with boiler
6298,17,grocery,0,Propane,PSZ-AC with gas coil
6299,14,grocery,0,NaturalGas,PSZ-AC with gas coil
6300,33,quick_service_restaurant,0,Electricity,PTAC with electric coil
6301,102,medium_office,1,NaturalGas,DOAS with water source heat pumps cooling tower with boiler
6302,24,large_hotel,0,Propane,PTAC with gas coil
6303,15,primary_school,1,NaturalGas,VAV chiller with gas boiler reheat
6304,6,primary_school,0,Electricity,DOAS with fan coil district chilled water with baseboard electric
6305,2,primary_school,0,NaturalGas,PVAV with gas heat with electric reheat
6306,101,primary_school,1,Electricity,DOAS with water source heat pumps with ground source heat pump
6307,37,primary_school,0,Electricity,PVAV with PFP boxes
6308,106,medium_office,0,NaturalGas,DOAS with fan coil air-cooled chiller with boiler
6309,27,small_office,1,Propane,PVAV with gas boiler reheat
6310,12,full_service_restaurant,1,Propane,PSZ-AC with gas coil
6311,23,full_service_restaurant,0,Electricity,PSZ-HP
6312,48,warehouse,1,Electricity,PVAV with PFP boxes
6313,103,strip_mall,2,NaturalGas,PVAV with gas heat with electric reheat
6314,17,outpatient,1,Electricity,VAV air-cooled chiller with PFP boxes
6315,15,primary_school,1,NaturalGas,PVAV with gas boiler reheat
6316,37,full_service_restaurant,1,NaturalGas,PVAV with gas heat with electric reheat
6317,24,medium_office,1,Electricity,PVAV with PFP boxes
6318,21,full_service_restaurant,0,Electricity,PSZ-HP
6319,47,grocery,1,FuelOil,PSZ-AC with gas coil
6320,106,strip_mall,2,NaturalGas,PVAV with gas heat with electric reheat
6321,30,primary_school,1,Electricity,PVAV with PFP boxes
6322,34,small_office,0,FuelOil,Residential AC with residential forced air furnace
6323,17,full_service_restaurant,1,Electricity,PSZ-HP
6324,49,full_service_restaurant,1,Electricity,PVAV with PFP boxes
6325,10,outpatient,2,DistrictHeating,VAV chiller with district hot water reheat
6326,12,primary_school,0,Electricity,PSZ-HP
6327,37,medium_office,1,NaturalGas,PSZ-AC with gas coil
6328,18,quick_service_restaurant,0,Electricity,PTAC with electric coil
6329,4,medium_office,0,Electricity,PSZ-HP
6330,21,small_hotel,0,NaturalGas,Residential AC with residential forced air furnace
6331,49,medium_office,1,Electricity,VAV chiller with PFP boxes
6332,46,full_service_restaurant,1,NaturalGas,PSZ-AC with gas coil
6333,2,quick_service_restaurant,0,Electricity,PTAC with electric coil
6334,19,retail,1,Electricity,PVAV with PFP boxes
6335,25,secondary_school,1,NaturalGas,PVAV with gas boiler reheat
6336,24,medium_office,1,NaturalGas,VAV air-cooled chiller with gas boiler reheat
6337,102,hospital,1,NaturalGas,VAV chiller with gas boiler reheat
6338,20,outpatient,1,NaturalGas,PVAV with gas boiler reheat
6339,32,large_office,1,NaturalGas,VAV chiller with gas boiler reheat
6340,31,secondary_school,0,NaturalGas,PVAV with gas heat with electric reheat
6341,37,secondary_school,1,Electricity,PSZ-HP
6342,16,full_service_restaurant,1,FuelOil,PSZ-AC with gas coil
6343,10,quick_service_restaurant,0,Electricity,PTAC with electric coil
6344,24,grocery,0,Electricity,PSZ-AC with electric coil
6345,12,primary_school,1,NaturalGas,PVAV with gas boiler reheat
6346,107,medium_office,1,NaturalGas,VAV air-cooled chiller with gas boiler reheat
6347,26,full_service_restaurant,0,Electricity,PSZ-HP
6348,45,full_service_restaurant,1,Electricity,PSZ-HP
6349,110,warehouse,0,NaturalGas,PSZ-AC with gas coil
6350,40,outpatient,1,NaturalGas,PSZ-AC with gas coil
6351,3,full_service_restaurant,1,NaturalGas,PSZ-AC with gas coil
6352,6,retail,1,Propane,PSZ-AC with gas coil
6353,41,small_office,1,NaturalGas,PSZ-AC with gas coil
6354,11,primary_school,1,NaturalGas,PVAV with gas boiler reheat
6355,48,outpatient,1,NaturalGas,PVAV with gas boiler reheat
6356,2,small_hotel,0,NaturalGas,PTAC with gas boiler
6357,38,outpatient,1,Electricity,PVAV with PFP boxes
6358,16,outpatient,0,Electricity,PSZ-HP
6359,42,full_service_restaurant,1,Electricity,PSZ-AC with electric coil
6360,20,primary_school,1,NaturalGas,PSZ-AC with gas boiler
6361,105,full_service_restaurant,1,Electricity,PSZ-HP
6362,6,outpatient,1,Electricity,PVAV with PFP boxes
6363,38,outpatient,0,NaturalGas,PSZ-AC with gas coil
6364,101,large_hotel,1,NaturalGas,DOAS with fan coil chiller with boiler
6365,10,full_service_restaurant,1,Electricity,PSZ-HP
6366,4,primary_school,1,NaturalGas,DOAS with water source heat pumps cooling tower with boiler
6367,14,medium_office,0,Electricity,PVAV with PFP boxes
6368,13,large_office,0,NaturalGas,VAV air-cooled chiller with gas boiler reheat
6369,1,large_hotel,0,NaturalGas,PTAC with gas boiler
6370,108,medium_office,0,Electricity,PSZ-HP
6371,28,secondary_school,0,NaturalGas,DOAS with fan coil air-cooled chiller with boiler
6372,3,warehouse,0,Electricity,PSZ-HP
6373,39,medium_office,1,NaturalGas,DOAS with water source heat pumps cooling tower with boiler
6374,19,hospital,1,DistrictHeating,VAV air-cooled chiller with district hot water reheat
6375,46,medium_office,1,NaturalGas,VAV air-cooled chiller with gas boiler reheat
6376,4,large_office,1,DistrictHeating,VAV chiller with district hot water reheat
6377,23,primary_school,0,FuelOil,PSZ-AC with gas coil
6378,47,medium_office,0,NaturalGas,PSZ-AC with gas boiler
6379,17,primary_school,0,Electricity,PSZ-HP
6380,15,secondary_school,0,Electricity,PSZ-AC with electric coil
6381,102,secondary_school,1,NaturalGas,PVAV with gas boiler reheat
6382,9,primary_school,1,FuelOil,DOAS with water source heat pumps cooling tower with boiler
6383,13,small_office,0,FuelOil,Residential AC with residential forced air furnace
6384,109,small_office,0,Propane,PSZ-AC with gas coil
6385,30,medium_office,0,Propane,PSZ-AC with gas coil
6386,49,small_office,1,Electricity,PSZ-HP
6387,38,secondary_school,0,NaturalGas,DOAS with fan coil air-cooled chiller with boiler
6388,37,grocery,1,Propane,PSZ-AC with gas coil
6389,31,small_office,1,Electricity,PVAV with PFP boxes
6390,34,large_hotel,0,Propane,DOAS with water source heat pumps cooling tower with boiler
6391,42,secondary_school,0,NaturalGas,PSZ-AC with gas boiler
6392,35,small_office,0,Electricity,PTAC with electric coil
6393,13,primary_school,0,Electricity,DOAS with fan coil district chilled water with baseboard electric
6394,44,strip_mall,2,NaturalGas,PSZ-AC with gas coil
6395,44,grocery,0,Electricity,PSZ-AC with electric coil
6396,22,large_hotel,1,NaturalGas,DOAS with fan coil air-cooled chiller with boiler
6397,14,quick_service_restaurant,0,Electricity,PSZ-HP
6398,104,grocery,0,Electricity,PSZ-AC with electric coil
6399,104,large_office,0,Electricity,PVAV with PFP boxes
6400,45,small_hotel,0,NaturalGas,Residential AC with residential forced air furnace
6401,3,small_office,1,NaturalGas,PVAV with gas heat with electric reheat
6402,8,large_office,1,NaturalGas,DOAS with water source heat pumps cooling tower with boiler
6403,44,secondary_school,0,Electricity,PSZ-AC with electric coil
6404,33,primary_school,0,NaturalGas,PVAV with gas boiler reheat
6405,0,primary_school,1,NaturalGas,PSZ-AC with gas coil
6406,21,large_hotel,0,Propane,PTAC with gas boiler
6407,31,primary_school,0,NaturalGas,PVAV with gas boiler reheat
6408,29,medium_office,1,Propane,PVAV with gas boiler reheat
6409,103,medium_office,1,Electricity,PSZ-HP
6410,27,large_hotel,0,Propane,PTAC with gas coil
6411,109,quick_service_restaurant,0,NaturalGas,Residential AC with residential forced air furnace
6412,101,large_office,0,NaturalGas,DOAS with water source heat pumps cooling tower with boiler
6413,4,large_hotel,0,Propane,PTAC with gas coil
6414,16,secondary_school,0,NaturalGas,PVAV with gas heat with electric reheat
6415,11,primary_school,1,NaturalGas,VAV air-cooled chiller with gas boiler reheat
6416,28,full_service_restaurant,1,NaturalGas,PVAV with gas heat with electric reheat
6417,36,large_office,1,DistrictHeating,VAV district chilled water with district hot water reheat
6418,107,retail,0,FuelOil,PSZ-AC with gas coil
6419,20,hospital,1,NaturalGas,VAV air-cooled chiller with gas boiler reheat
6420,0,primary_school,1,NaturalGas,VAV chiller with gas boiler reheat
6421,29,small_hotel,0,Propane,Residential AC with residential forced air furnace
6422,22,hospital,0,NaturalGas,VAV air-cooled chiller with gas boiler reheat
6423,21,secondary_school,0,Electricity,PTHP
6424,11,warehouse,0,Propane,Residential AC with residential forced air furnace
6425,29,quick_service_restaurant,0,Propane,PSZ-AC with gas coil
6426,0,hospital,1,DistrictHeating,VAV district chilled water with district hot water reheat
6427,25,secondary_school,0,FuelOil,PTAC with gas boiler
6428,49,primary_school,1,NaturalGas,VAV chiller with gas boiler reheat
6429,8,secondary_school,0,NaturalGas,PVAV with gas heat with electric reheat
6430,24,large_office,0,DistrictHeating,VAV district chilled water with district hot water reheat
6431,9,outpatient,1,NaturalGas,PVAV with gas boiler reheat
6432,9,large_office,0,NaturalGas,VAV air-cooled chiller with gas boiler reheat
6433,12,small_office,1,Propane,PSZ-AC with gas coil
6434,23,strip_mall,0,Electricity,PSZ-HP
6435,2,full_service_restaurant,1,Electricity,PSZ-HP
6436,18,large_office,1,DistrictHeating,VAV chiller with district hot water reheat
6437,47,quick_service_restaurant,0,NaturalGas,Residential AC with residential forced air furnace
6438,3,small_hotel,0,Electricity,PTHP
6439,24,medium_office,1,FuelOil,PSZ-AC with gas coil
6440,36,medium_office,1,FuelOil,PSZ-AC with gas coil
6441,109,small_office,1,NaturalGas,PVAV with gas heat with electric reheat
6442,48,primary_school,1,FuelOil,VAV chiller with gas boiler reheat
6443,106,medium_office,0,Electricity,PSZ-HP
6444,19,secondary_school,1,NaturalGas,PSZ-AC with gas boiler
6445,32,small_hotel,0,NaturalGas,Residential AC with residential forced air furnace
6446,36,grocery,0,FuelOil,PSZ-AC with gas coil
6447,15,large_hotel,0,Propane,PTAC with gas boiler
6448,38,full_service_restaurant,1,NaturalGas,PVAV with gas boiler reheat
6449,4,primary_school,0,NaturalGas,PVAV with gas heat with electric reheat
6450,20,full_service_restaurant,1,Propane,PVAV with gas boiler reheat
6451,27,primary_school,0,NaturalGas,PVAV with gas boiler reheat
6452,2,full_service_restaurant,1,NaturalGas,PVAV with gas heat with electric reheat
6453,38,primary_school,1,NaturalGas,DOAS with water source heat pumps cooling tower with boiler
6454,4,small_office,1,Propane,Residential AC with residential forced air furnace
6455,39,secondary_school,1,NaturalGas,VAV air-cooled chiller with gas boiler reheat
6456,39,secondary_school,0,NaturalGas,PTAC with gas boiler
6457,46,warehouse,1,NaturalGas,PVAV with gas boiler reheat
6458,23,small_office,1,Electricity,PSZ-AC with electric coil
6459,4,quick_service_restaurant,0,Electricity,PTAC with electric coil
6460,28,secondary_school,1,NaturalGas,VAV air-cooled chiller with gas boiler reheat
6461,25,large_hotel,1,Electricity,PTAC with electric coil
6462,39,full_service_restaurant,1,NaturalGas,PVAV with gas heat with electric reheat
6463,17,large_hotel,1,Electricity,PTAC with electric coil
6464,16,quick_service_restaurant,0,Electricity,PTAC with electric coil
6465,109,large_hotel,0,NaturalGas,DOAS with water source heat pumps cooling tower with boiler
6466,25,primary_school,1,FuelOil,DOAS with water source heat pumps cooling tower with boiler
6467,30,secondary_school,0,Electricity,PSZ-AC with electric coil
6468,37,warehouse,0,FuelOil,PSZ-AC with gas coil
6469,107,secondary_school,0,NaturalGas,VAV air-cooled chiller with gas boiler reheat
6470,29,large_hotel,1,NaturalGas,DOAS with fan coil chiller with boiler
6471,10,outpatient,0,FuelOil,PSZ-AC with gas coil
6472,12,medium_office,1,NaturalGas,PSZ-AC with gas coil
6473,33,large_hotel,1,NaturalGas,DOAS with fan coil chiller with boiler
6474,21,small_office,1,NaturalGas,PVAV with gas boiler reheat
6475,9,large_hotel,1,NaturalGas,DOAS with fan coil air-cooled chiller with boiler
6476,37,medium_office,0,NaturalGas,DOAS with fan coil chiller with boiler
6477,13,large_office,0,DistrictHeating,VAV district chilled water with district hot water reheat
6478,33,medium_office,1,NaturalGas,VAV chiller with gas boiler reheat
6479,31,medium_office,1,NaturalGas,PVAV with gas heat with electric reheat
6480,46,medium_office,0,Electricity,PSZ-AC with electric coil
6481,34,full_service_restaurant,1,Electricity,PSZ-AC with electric coil
6482,1,grocery,1,NaturalGas,PSZ-AC with gas coil
6483,14,large_office,0,NaturalGas,VAV chiller with gas boiler reheat
6484,16,secondary_school,0,NaturalGas,PTAC with gas boiler
6485,30,outpatient,2,Electricity,PVAV with PFP boxes
6486,102,primary_school,1,NaturalGas,DOAS with water source heat pumps cooling tower with boiler
6487,6,strip_mall,2,NaturalGas,PSZ-AC with gas coil
6488,37,outpatient,2,Electricity,PVAV with PFP boxes
6489,12,primary_school,1,NaturalGas,VAV chiller with gas boiler reheat
6490,27,strip_mall,2,NaturalGas,PVAV with gas boiler reheat
6491,13,secondary_school,1,Electricity,PSZ-HP
6492,35,large_hotel,0,Electricity,PTAC with electric coil
6493,7,small_office,0,Propane,Residential AC with residential forced air furnace
6494,31,primary_school,1,NaturalGas,PVAV with gas heat with electric reheat
6495,103,secondary_school,1,Electricity,PTHP
6496,107,outpatient,0,Electricity,PSZ-HP
6497,18,large_office,1,NaturalGas,VAV air-cooled chiller with gas boiler reheat
6498,48,outpatient,1,NaturalGas,PSZ-AC with gas boiler
6499,32,large_office,0,Electricity,VAV chiller with PFP boxes
6500,21,quick_service_restaurant,0,Electricity,PSZ-HP
6501,20,primary_school,0,FuelOil,PSZ-AC with gas coil
6502,101,outpatient,1,NaturalGas,PVAV with gas boiler reheat
6503,42,medium_office,0,NaturalGas,PSZ-AC with gas coil
6504,29,medium_office,0,Propane,PSZ-AC with gas coil
6505,44,secondary_school,0,NaturalGas,PSZ-AC with gas coil
6506,102,large_office,0,NaturalGas,VAV air-cooled chiller with gas boiler reheat
6507,0,medium_office,0,NaturalGas,PSZ-AC with gas boiler
6508,33,medium_office,0,NaturalGas,DOAS with fan coil air-cooled chiller with boiler
6509,37,large_office,0,DistrictHeating,VAV district chilled water with district hot water reheat
6510,25,primary_school,0,Electricity,PSZ-HP
6511,23,warehouse,0,Electricity,PTHP
6512,109,secondary_school,0,Electricity,PSZ-AC with electric coil
6513,46,medium_office,1,Electricity,PVAV with PFP boxes
6514,24,outpatient,0,Propane,PSZ-AC with gas coil
6515,13,large_office,1,Electricity,PVAV with PFP boxes
6516,14,small_office,0,Propane,PSZ-AC with gas coil
6517,13,large_hotel,1,NaturalGas,DOAS with fan coil chiller with boiler
6518,27,large_hotel,0,NaturalGas,DOAS with water source heat pumps cooling tower with boiler
6519,17,medium_office,0,NaturalGas,DOAS with fan coil chiller with boiler
6520,29,retail,1,Propane,PSZ-AC with gas coil
6521,39,full_service_restaurant,1,NaturalGas,PVAV with gas boiler reheat
6522,105,primary_school,1,NaturalGas,DOAS with fan coil air-cooled chiller with boiler
6523,24,primary_school,1,NaturalGas,PSZ-AC with gas boiler
6524,108,warehouse,1,NaturalGas,PVAV with gas heat with electric reheat
6525,21,retail,0,Electricity,PTAC with electric coil
6526,2,full_service_restaurant,1,Electricity,PVAV with PFP boxes
6527,1,medium_office,0,Electricity,PVAV with PFP boxes
6528,4,large_hotel,1,Electricity,PTAC with electric coil
6529,105,secondary_school,0,NaturalGas,PTAC with gas boiler
6530,38,primary_school,1,NaturalGas,VAV air-cooled chiller with gas boiler reheat
6531,15,warehouse,1,NaturalGas,PVAV with gas boiler reheat
6532,104,grocery,1,Electricity,PSZ-AC with electric coil
6533,18,strip_mall,1,Electricity,PSZ-AC with electric coil
6534,45,full_service_restaurant,1,Propane,PSZ-AC with gas coil
6535,49,primary_school,1,NaturalGas,PVAV with gas boiler reheat
6536,19,primary_school,0,Electricity,PSZ-AC with electric coil
6537,102,full_service_restaurant,1,Electricity,PVAV with PFP boxes
6538,101,secondary_school,0,NaturalGas,PTAC with gas boiler
6539,16,medium_office,0,NaturalGas,DOAS with fan coil chiller with boiler
6540,23,small_hotel,0,NaturalGas,PTAC with gas boiler
6541,24,outpatient,0,Electricity,PSZ-HP
6542,39,secondary_school,1,NaturalGas,PVAV with gas boiler reheat
6543,100,primary_school,1,NaturalGas,VAV air-cooled chiller with gas boiler reheat
6544,3,retail,0,NaturalGas,Residential AC with residential forced air furnace
6545,44,medium_office,0,NaturalGas,PSZ-AC with gas coil
6546,26,large_office,1,Electricity,VAV chiller with PFP boxes
6547,10,medium_office,0,FuelOil,DOAS with fan coil chiller with boiler
6548,5,small_hotel,0,NaturalGas,Residential AC with residential forced air furnace
6549,38,large_hotel,1,NaturalGas,PTAC with gas boiler
6550,17,outpatient,1,NaturalGas,PSZ-AC with gas boiler
6551,43,retail,0,Electricity,PTAC with electric coil
6552,28,quick_service_restaurant,0,Propane,PSZ-AC with gas coil
6553,13,small_office,1,Propane,Residential AC with residential forced air furnace
6554,46,strip_mall,2,Electricity,PVAV with PFP boxes
6555,0,small_hotel,0,Propane,PTAC with gas boiler
6556,38,primary_school,1,NaturalGas,PSZ-AC with gas boiler
6557,104,large_hotel,0,NaturalGas,DOAS with water source heat pumps cooling tower with boiler
6558,25,secondary_school,1,NaturalGas,VAV air-cooled chiller with gas boiler reheat
6559,27,secondary_school,0,NaturalGas,DOAS with fan coil air-cooled chiller with boiler
6560,29,outpatient,0,Electricity,PSZ-AC with electric coil
6561,10,secondary_school,1,FuelOil,PVAV with gas boiler reheat
6562,49,medium_office,1,DistrictHeating,PSZ-AC with district hot water
6563,15,quick_service_restaurant,0,NaturalGas,Residential AC with residential forced air furnace
6564,14,large_hotel,1,Electricity,DOAS with fan coil chiller with baseboard electric
6565,12,medium_office,0,NaturalGas,DOAS with fan coil air-cooled chiller with boiler
6566,48,medium_office,0,FuelOil,PSZ-AC with gas boiler
6567,35,small_hotel,0,NaturalGas,PTAC with gas boiler
6568,33,large_office,1,Electricity,PVAV with PFP boxes
6569,25,secondary_school,0,NaturalGas,VAV air-cooled chiller with gas boiler reheat
6570,2,outpatient,1,Electricity,VAV air-cooled chiller with PFP boxes
6571,47,warehouse,1,FuelOil,PVAV with gas heat with electric reheat
6572,30,primary_school,1,FuelOil,VAV chiller with gas boiler reheat
6573,4,large_office,1,DistrictHeating,VAV district chilled water with district hot water reheat
6574,37,large_hotel,0,Electricity,DOAS with water source heat pumps with ground source heat pump
6575,48,full_service_restaurant,1,DistrictHeating,VAV district chilled water with district hot water reheat
6576,45,medium_office,0,Electricity,PVAV with PFP boxes
6577,8,large_office,0,NaturalGas,PVAV with gas boiler reheat
6578,22,primary_school,1,NaturalGas,PSZ-AC with gas boiler
6579,101,medium_office,1,NaturalGas,VAV air-cooled chiller with gas boiler reheat
6580,11,outpatient,1,Electricity,PSZ-AC with electric coil
6581,106,medium_office,1,Electricity,VAV chiller with PFP boxes
6582,33,secondary_school,0,Electricity,DOAS with water source heat pumps with ground source heat pump
6583,41,warehouse,0,Electricity,PTAC with electric coil
6584,22,large_office,0,NaturalGas,DOAS with water source heat pumps cooling tower with boiler
6585,31,primary_school,1,NaturalGas,VAV chiller with gas boiler reheat
6586,12,medium_office,0,NaturalGas,DOAS with fan coil chiller with boiler
6587,10,outpatient,1,NaturalGas,PSZ-AC with gas boiler
6588,46,warehouse,0,FuelOil,PSZ-AC with gas coil
6589,46,medium_office,1,NaturalGas,PSZ-AC with gas coil
6590,34,primary_school,0,FuelOil,PSZ-AC with gas coil
6591,46,small_office,0,Propane,Residential AC with residential forced air furnace
6592,10,medium_office,1,FuelOil,VAV air-cooled chiller with gas boiler reheat
6593,23,large_hotel,0,Electricity,DOAS with water source heat pumps with ground source heat pump
6594,48,full_service_restaurant,1,Propane,PSZ-AC with gas coil
6595,24,warehouse,1,Propane,PSZ-AC with gas coil
6596,13,retail,0,FuelOil,PSZ-AC with gas coil
6597,10,large_office,0,FuelOil,DOAS with water source heat pumps cooling tower with boiler
6598,38,secondary_school,1,NaturalGas,VAV air-cooled chiller with gas boiler reheat
6599,36,outpatient,2,NaturalGas,VAV chiller with gas boiler reheat
6600,17,hospital,1,NaturalGas,VAV air-cooled chiller with gas boiler reheat
6601,28,secondary_school,0,NaturalGas,PVAV with gas heat with electric reheat
6602,43,small_office,1,Electricity,PVAV with PFP boxes
6603,20,large_office,1,NaturalGas,DOAS with water source heat pumps cooling tower with boiler
6604,27,large_hotel,0,Propane,DOAS with water source heat pumps cooling tower with boiler
6605,28,medium_office,0,Electricity,PVAV with PFP boxes
6606,5,warehouse,0,FuelOil,PSZ-AC with gas coil
6607,46,small_office,1,Electricity,PSZ-HP
6608,24,medium_office,0,FuelOil,PSZ-AC with gas boiler
6609,24,medium_office,0,NaturalGas,PSZ-AC with gas boiler
6610,28,small_hotel,0,Propane,Residential AC with residential forced air furnace
6611,30,large_office,1,Electricity,PVAV with PFP boxes
6612,40,hospital,1,NaturalGas,VAV air-cooled chiller with gas boiler reheat
6613,30,outpatient,0,Electricity,PSZ-HP
6614,109,strip_mall,1,NaturalGas,PVAV with gas heat with electric reheat
6615,9,secondary_school,1,FuelOil,VAV air-cooled chiller with gas boiler reheat
6616,108,medium_office,1,Electricity,VAV chiller with PFP boxes
6617,101,grocery,1,Electricity,PSZ-AC with electric coil
6618,14,large_hotel,0,Electricity,DOAS with water source heat pumps with ground source heat pump
6619,15,secondary_school,0,NaturalGas,DOAS with fan coil air-cooled chiller with boiler
6620,10,outpatient,2,Electricity,PVAV with PFP boxes
6621,18,hospital,1,DistrictHeating,VAV district chilled water with district hot water reheat
6622,18,primary_school,0,Electricity,PVAV with PFP boxes
6623,7,secondary_school,1,Electricity,PTHP
6624,49,medium_office,0,NaturalGas,DOAS with fan coil air-cooled chiller with boiler
6625,44,small_hotel,0,Electricity,PTHP
6626,42,small_hotel,0,NaturalGas,PTAC with gas boiler
6627,2,outpatient,1,Electricity,PVAV with PFP boxes
6628,104,outpatient,1,NaturalGas,PSZ-AC with gas coil
6629,7,large_hotel,0,NaturalGas,PTAC with gas coil
6630,49,hospital,1,NaturalGas,VAV chiller with gas boiler reheat
6631,22,outpatient,1,NaturalGas,PSZ-AC with gas boiler
6632,14,small_office,1,NaturalGas,PVAV with gas heat with electric reheat
6633,6,large_office,0,DistrictHeating,PVAV with district hot water reheat
6634,32,secondary_school,1,Electricity,PSZ-HP
6635,11,primary_school,1,NaturalGas,VAV chiller with gas boiler reheat
6636,106,secondary_school,0,NaturalGas,PSZ-AC with gas boiler
6637,41,small_office,1,Electricity,PSZ-HP
6638,20,medium_office,0,NaturalGas,DOAS with fan coil air-cooled chiller with boiler
6639,25,hospital,1,NaturalGas,VAV chiller with gas boiler reheat
6640,8,medium_office,1,NaturalGas,DOAS with water source heat pumps cooling tower with boiler
6641,1,warehouse,0,Propane,PSZ-AC with gas coil
6642,0,quick_service_restaurant,0,FuelOil,PSZ-AC with gas coil
6643,29,large_office,0,Electricity,VAV chiller with PFP boxes
6644,47,small_office,1,FuelOil,PVAV with gas boiler reheat
6645,100,warehouse,1,NaturalGas,PVAV with gas boiler reheat
6646,9,secondary_school,0,FuelOil,VAV air-cooled chiller with gas boiler reheat
6647,24,secondary_school,0,NaturalGas,VAV air-cooled chiller with gas boiler reheat
6648,103,outpatient,0,NaturalGas,PSZ-AC with gas coil
6649,109,medium_office,1,NaturalGas,PVAV with gas boiler reheat
6650,9,hospital,1,NaturalGas,VAV air-cooled chiller with gas boiler reheat
6651,107,warehouse,1,Propane,PSZ-AC with gas coil
6652,27,hospital,1,NaturalGas,VAV air-cooled chiller with gas boiler reheat
6653,14,small_hotel,0,Electricity,PTAC with electric coil
6654,20,large_hotel,0,Electricity,DOAS with water source heat pumps with ground source heat pump
6655,105,large_hotel,1,Electricity,DOAS with fan coil chiller with baseboard electric
6656,102,outpatient,1,NaturalGas,PSZ-AC with gas coil
6657,26,full_service_restaurant,1,Propane,PSZ-AC with gas coil
6658,21,outpatient,0,NaturalGas,PSZ-AC with gas coil
6659,43,small_office,0,Propane,PSZ-AC with gas coil
6660,25,small_hotel,0,Propane,Residential AC with residential forced air furnace
6661,49,large_hotel,0,NaturalGas,PTAC with gas boiler
6662,25,small_office,1,Propane,PSZ-AC with gas coil
6663,6,medium_office,1,DistrictHeating,VAV district chilled water with district hot water reheat
6664,12,large_office,0,DistrictHeating,VAV district chilled water with district hot water reheat
6665,13,hospital,1,DistrictHeating,VAV district chilled water with district hot water reheat
6666,18,secondary_school,0,Electricity,DOAS with water source heat pumps with ground source heat pump
6667,18,grocery,1,Electricity,PSZ-AC with electric coil
6668,12,large_office,0,NaturalGas,PVAV with gas boiler reheat
6669,22,quick_service_restaurant,0,Propane,Residential AC with residential forced air furnace
6670,49,strip_mall,2,NaturalGas,PVAV with gas heat with electric reheat
6671,32,warehouse,0,Propane,Residential AC with residential forced air furnace
6672,105,large_hotel,1,NaturalGas,DOAS with fan coil chiller with boiler
6673,105,quick_service_restaurant,0,Electricity,PTAC with electric coil
6674,104,primary_school,1,NaturalGas,DOAS with fan coil air-cooled chiller with boiler
6675,38,medium_office,0,Propane,PSZ-AC with gas coil
6676,105,primary_school,0,Electricity,PSZ-HP
6677,101,secondary_school,1,NaturalGas,PVAV with gas boiler reheat
6678,14,retail,0,Electricity,PTAC with electric coil
6679,26,outpatient,2,NaturalGas,PVAV with gas boiler reheat
6680,101,primary_school,1,NaturalGas,PSZ-AC with gas boiler
6681,7,full_service_restaurant,1,Electricity,PVAV with PFP boxes
6682,41,large_hotel,0,Electricity,PTHP
6683,32,primary_school,0,NaturalGas,PSZ-AC with gas coil
6684,26,outpatient,1,Electricity,PSZ-AC with electric coil
6685,48,medium_office,1,NaturalGas,DOAS with water source heat pumps cooling tower with boiler
6686,15,primary_school,0,Propane,PSZ-AC with gas coil
6687,24,medium_office,0,Electricity,PVAV with PFP boxes
6688,17,large_office,0,NaturalGas,VAV air-cooled chiller with gas boiler reheat
6689,14,secondary_school,0,Electricity,PSZ-AC with electric coil
6690,105,full_service_restaurant,0,FuelOil,PSZ-AC with gas coil
6691,27,primary_school,0,Electricity,PSZ-HP
6692,44,large_hotel,0,Electricity,PTAC with electric coil
6693,103,grocery,1,Electricity,PSZ-AC with electric coil
6694,8,small_hotel,0,Propane,Residential AC with residential forced air furnace
6695,20,small_hotel,0,Propane,PTAC with gas boiler
6696,25,primary_school,0,FuelOil,PSZ-AC with gas coil
6697,29,hospital,1,NaturalGas,VAV air-cooled chiller with gas boiler reheat
6698,47,secondary_school,0,NaturalGas,PTAC with gas boiler
6699,16,outpatient,1,Electricity,PSZ-AC with electric coil
6700,34,strip_mall,2,NaturalGas,PVAV with gas boiler reheat
6701,48,outpatient,2,NaturalGas,VAV chiller with gas boiler reheat
6702,15,primary_school,0,NaturalGas,PVAV with gas heat with electric reheat
6703,105,secondary_school,0,NaturalGas,VAV air-cooled chiller with gas boiler reheat
6704,107,grocery,1,FuelOil,PSZ-AC with gas coil
6705,49,large_office,1,Electricity,VAV chiller with PFP boxes
6706,102,secondary_school,0,FuelOil,PSZ-AC with gas coil
6707,31,medium_office,1,FuelOil,PVAV with gas boiler reheat
6708,1,large_office,0,DistrictHeating,VAV district chilled water with district hot water reheat
6709,41,outpatient,1,Electricity,PSZ-AC with electric coil
6710,6,small_office,1,Propane,PSZ-AC with gas coil
6711,5,large_office,0,NaturalGas,VAV chiller with gas boiler reheat
6712,15,secondary_school,1,FuelOil,PVAV with gas boiler reheat
6713,49,retail,1,FuelOil,PSZ-AC with gas coil
6714,36,secondary_school,0,FuelOil,PSZ-AC with gas boiler
6715,41,secondary_school,1,Electricity,PTHP
6716,3,large_hotel,1,DistrictHeating,DOAS with fan coil district chilled water with district hot water
6717,11,secondary_school,0,Propane,PSZ-AC with gas boiler
6718,100,outpatient,2,Electricity,PVAV with PFP boxes
6719,103,outpatient,1,NaturalGas,PSZ-AC with gas coil
6720,1,large_office,0,Electricity,PVAV with PFP boxes
6721,37,small_hotel,0,Propane,Residential AC with residential forced air furnace
6722,23,outpatient,2,NaturalGas,PVAV with gas boiler reheat
6723,109,large_office,0,NaturalGas,VAV chiller with gas boiler reheat
6724,4,outpatient,1,Electricity,PSZ-AC with electric coil
6725,46,large_hotel,1,Electricity,PTAC with electric coil
6726,44,outpatient,1,NaturalGas,PVAV with gas boiler reheat
6727,1,retail,0,FuelOil,PSZ-AC with gas coil
6728,5,warehouse,1,Propane,PSZ-AC with gas coil
6729,39,hospital,0,NaturalGas,PSZ-AC with gas coil
6730,3,large_hotel,1,Electricity,PTAC with electric coil
6731,25,outpatient,1,Electricity,PSZ-AC with electric coil
6732,10,large_hotel,1,DistrictHeating,DOAS with fan coil district chilled water with district hot water
6733,102,full_service_restaurant,1,FuelOil,PSZ-AC with gas coil
6734,106,medium_office,1,DistrictHeating,VAV district chilled water with district hot water reheat
6735,6,grocery,0,NaturalGas,PSZ-AC with gas coil
6736,21,secondary_school,1,NaturalGas,PVAV with gas boiler reheat
6737,21,strip_mall,1,Electricity,PSZ-AC with electric coil
6738,21,full_service_restaurant,1,NaturalGas,PSZ-AC with gas coil
6739,46,outpatient,1,Propane,PSZ-AC with gas boiler
6740,16,hospital,0,NaturalGas,VAV air-cooled chiller with gas boiler reheat
6741,3,outpatient,1,FuelOil,PVAV with gas boiler reheat
6742,10,secondary_school,1,Propane,PSZ-AC with gas boiler
6743,44,retail,1,Propane,PSZ-AC with gas coil
6744,28,medium_office,1,FuelOil,PVAV with gas boiler reheat
6745,32,outpatient,0,NaturalGas,PSZ-AC with gas coil
6746,31,secondary_school,0,Propane,PSZ-AC with gas boiler
6747,43,small_hotel,0,FuelOil,Residential AC with residential forced air furnace
6748,49,medium_office,0,FuelOil,PVAV with gas boiler reheat
6749,21,strip_mall,2,Electricity,PVAV with PFP boxes
6750,102,retail,0,FuelOil,PSZ-AC with gas coil
6751,2,large_office,0,NaturalGas,VAV chiller with gas boiler reheat
6752,4,large_hotel,1,Propane,PTAC with gas boiler
6753,38,hospital,0,NaturalGas,PVAV with gas boiler reheat
6754,47,outpatient,2,FuelOil,PVAV with gas boiler reheat
6755,32,outpatient,1,NaturalGas,PVAV with gas boiler reheat
6756,9,outpatient,1,Propane,PSZ-AC with gas coil
6757,110,small_hotel,0,NaturalGas,Residential AC with residential forced air furnace
6758,105,outpatient,2,DistrictHeating,VAV chiller with district hot water reheat
6759,100,primary_school,0,Electricity,PSZ-HP
6760,35,primary_school,1,Electricity,PVAV with PFP boxes
6761,45,primary_school,1,FuelOil,DOAS with water source heat pumps cooling tower with boiler
6762,43,warehouse,1,NaturalGas,PSZ-AC with gas coil
6763,46,small_office,1,Propane,PSZ-AC with gas coil
6764,23,grocery,1,NaturalGas,PSZ-AC with gas coil
6765,47,warehouse,1,Electricity,PSZ-AC with electric coil
6766,41,hospital,1,DistrictHeating,VAV district chilled water with district hot water reheat
6767,45,secondary_school,1,Electricity,PTHP
6768,31,small_office,1,Propane,PSZ-AC with gas coil
6769,105,outpatient,2,Electricity,PVAV with PFP boxes
6770,30,secondary_school,1,Electricity,PTHP
6771,104,small_office,1,Propane,PSZ-AC with gas coil
6772,42,outpatient,2,NaturalGas,VAV chiller with gas boiler reheat
6773,38,medium_office,1,Propane,PVAV with gas boiler reheat
6774,27,large_office,1,DistrictHeating,VAV district chilled water with district hot water reheat
6775,15,large_hotel,1,Propane,DOAS with fan coil chiller with boiler
6776,41,large_office,0,Electricity,PVAV with PFP boxes
6777,41,grocery,1,NaturalGas,PSZ-AC with gas coil
6778,48,hospital,1,DistrictHeating,VAV district chilled water with district hot water reheat
6779,12,outpatient,2,DistrictHeating,VAV chiller with district hot water reheat
6780,36,hospital,1,FuelOil,VAV chiller with gas boiler reheat
6781,7,large_hotel,1,Electricity,PTAC with electric coil
6782,14,large_hotel,1,DistrictHeating,DOAS with fan coil district chilled water with district hot water
6783,3,grocery,0,FuelOil,PSZ-AC with gas coil
6784,106,full_service_restaurant,1,FuelOil,PSZ-AC with gas coil
6785,45,medium_office,1,Propane,PVAV with gas boiler reheat
6786,17,primary_school,0,Propane,PSZ-AC with gas coil
6787,27,large_office,1,Electricity,VAV chiller with PFP boxes
6788,28,large_hotel,1,Electricity,PTAC with electric coil
6789,30,medium_office,1,Propane,PVAV with gas boiler reheat
6790,25,hospital,1,DistrictHeating,VAV district chilled water with district hot water reheat
6791,14,grocery,0,Electricity,PSZ-AC with electric coil
6792,8,outpatient,2,NaturalGas,PVAV with gas boiler reheat
6793,15,outpatient,1,NaturalGas,PSZ-AC with gas coil
6794,19,outpatient,2,DistrictHeating,VAV chiller with district hot water reheat
6795,44,large_office,0,NaturalGas,VAV chiller with gas boiler reheat
6796,48,small_hotel,0,FuelOil,Residential AC with residential forced air furnace
6797,33,outpatient,1,Electricity,PSZ-AC with electric coil
6798,47,secondary_school,0,Electricity,PSZ-AC with electric coil
6799,21,large_office,0,NaturalGas,DOAS with water source heat pumps cooling tower with boiler
6800,106,retail,0,FuelOil,PSZ-AC with gas coil
6801,21,hospital,1,NaturalGas,VAV chiller with gas boiler reheat
6802,35,large_hotel,1,Electricity,PTAC with electric coil
6803,14,secondary_school,1,NaturalGas,PVAV with gas boiler reheat
6804,3,quick_service_restaurant,0,FuelOil,PSZ-AC with gas coil
6805,44,warehouse,1,Electricity,PSZ-AC with electric coil
6806,40,small_hotel,0,FuelOil,Residential AC with residential forced air furnace
6807,43,outpatient,0,NaturalGas,PSZ-AC with gas coil
6808,104,primary_school,0,Electricity,PSZ-AC with electric coil
6809,6,medium_office,0,NaturalGas,PSZ-AC with gas coil
6810,46,large_office,0,DistrictHeating,VAV district chilled water with district hot water reheat
6811,12,large_hotel,1,Propane,DOAS with fan coil chiller with boiler
6812,41,large_hotel,0,NaturalGas,PTAC with gas coil
6813,31,hospital,1,DistrictHeating,VAV district chilled water with district hot water reheat
6814,12,large_hotel,1,DistrictHeating,DOAS with fan coil chiller with district hot water
6815,6,warehouse,0,FuelOil,PSZ-AC with gas coil
6816,109,small_office,1,Propane,PSZ-AC with gas coil
6817,109,outpatient,2,Electricity,PVAV with PFP boxes
6818,23,primary_school,0,Electricity,PSZ-AC with electric coil
6819,101,full_service_restaurant,1,DistrictHeating,VAV district chilled water with district hot water reheat
6820,43,medium_office,1,FuelOil,PVAV with gas heat with electric reheat
6821,46,large_office,1,DistrictHeating,VAV district chilled water with district hot water reheat
6822,42,medium_office,1,Propane,PVAV with gas boiler reheat
6823,43,small_hotel,0,Propane,Residential AC with residential forced air furnace
6824,49,medium_office,0,Propane,DOAS with fan coil air-cooled chiller with boiler
6825,45,large_office,0,Electricity,PVAV with PFP boxes
6826,46,grocery,1,NaturalGas,PSZ-AC with gas coil
6827,42,medium_office,1,DistrictHeating,VAV district chilled water with district hot water reheat
6828,17,outpatient,2,DistrictHeating,VAV chiller with district hot water reheat
6829,0,primary_school,0,Propane,PVAV with gas boiler reheat
6830,19,large_hotel,1,DistrictHeating,DOAS with fan coil chiller with district hot water
6831,2,outpatient,2,DistrictHeating,VAV chiller with district hot water reheat
6832,30,outpatient,0,Propane,PSZ-AC with gas coil
6833,11,large_hotel,1,Electricity,PTAC with electric coil
6834,47,outpatient,2,Propane,PVAV with gas boiler reheat
6835,46,large_office,1,Electricity,VAV chiller with PFP boxes
6836,4,medium_office,0,FuelOil,PVAV with gas boiler reheat
6837,24,outpatient,2,Propane,PVAV with gas boiler reheat
6838,31,large_office,1,Electricity,VAV chiller with PFP boxes
6839,13,outpatient,2,NaturalGas,PVAV with gas boiler reheat
6840,42,large_office,1,NaturalGas,VAV chiller with gas boiler reheat
6841,12,outpatient,1,FuelOil,PSZ-AC with gas coil
6842,49,outpatient,2,FuelOil,VAV chiller with gas boiler reheat
6843,34,outpatient,1,NaturalGas,PSZ-AC with gas coil
6844,110,secondary_school,0,Electricity,PTHP
6845,24,outpatient,2,DistrictHeating,VAV chiller with district hot water reheat
6846,16,outpatient,2,Electricity,PVAV with PFP boxes
6847,2,outpatient,2,Electricity,PVAV with PFP boxes
6848,103,outpatient,0,Electricity,PSZ-AC with electric coil
6849,104,retail,1,FuelOil,PSZ-AC with gas coil
6850,15,medium_office,0,Propane,PSZ-AC with gas coil
6851,18,outpatient,0,FuelOil,PSZ-AC with gas coil
6852,23,outpatient,1,Electricity,PSZ-AC with electric coil
6853,35,outpatient,2,FuelOil,VAV chiller with gas boiler reheat
6854,44,outpatient,0,Electricity,PSZ-AC with electric coil
6855,11,secondary_school,1,FuelOil,VAV chiller with gas boiler reheat
6856,28,primary_school,0,Propane,PSZ-AC with gas coil
6857,33,secondary_school,1,NaturalGas,VAV air-cooled chiller with gas boiler reheat
6858,100,strip_mall,2,Electricity,PVAV with PFP boxes
6859,101,outpatient,2,NaturalGas,PVAV with gas boiler reheat
6860,44,small_office,0,Propane,PSZ-AC with gas coil
6861,47,large_hotel,1,NaturalGas,DOAS with fan coil chiller with boiler
6862,102,hospital,0,NaturalGas,PSZ-AC with gas coil
6863,32,primary_school,0,Electricity,PSZ-AC with electric coil
6864,30,outpatient,1,Electricity,PSZ-AC with electric coil
6865,26,warehouse,1,FuelOil,PSZ-AC with gas coil
6866,38,large_hotel,0,Propane,PTAC with gas coil
6867,21,primary_school,1,Electricity,DOAS with water source heat pumps with ground source heat pump
6868,16,large_hotel,1,DistrictHeating,DOAS with fan coil chiller with district hot water
6869,13,hospital,0,NaturalGas,VAV air-cooled chiller with gas boiler reheat
6870,108,hospital,1,DistrictHeating,VAV district chilled water with district hot water reheat
6871,24,primary_school,0,Electricity,PSZ-HP
6872,7,outpatient,1,Propane,PSZ-AC with gas coil
6873,18,retail,0,FuelOil,PSZ-AC with gas coil
6874,15,large_office,1,NaturalGas,VAV chiller with gas boiler reheat
6875,103,outpatient,2,DistrictHeating,VAV chiller with district hot water reheat
6876,104,large_hotel,1,DistrictHeating,DOAS with fan coil district chilled water with district hot water
6877,44,outpatient,2,Propane,VAV air-cooled chiller with gas boiler reheat
6878,0,outpatient,2,DistrictHeating,VAV chiller with district hot water reheat
6879,15,medium_office,1,Electricity,PVAV with PFP boxes
6880,2,hospital,0,Electricity,PSZ-AC with electric coil
6881,28,grocery,1,FuelOil,PSZ-AC with gas coil
6882,1,warehouse,1,Electricity,PSZ-AC with electric coil
6883,104,hospital,1,NaturalGas,VAV chiller with gas boiler reheat
6884,42,primary_school,1,Propane,PSZ-AC with gas coil
6885,16,large_hotel,1,Electricity,PTAC with electric coil
6886,41,retail,1,NaturalGas,PSZ-AC with gas coil
6887,12,grocery,0,FuelOil,PSZ-AC with gas coil
6888,3,quick_service_restaurant,0,Propane,PSZ-AC with gas coil
6889,49,grocery,1,FuelOil,PSZ-AC with gas coil
6890,34,grocery,0,NaturalGas,PSZ-AC with gas coil
6891,20,secondary_school,1,Electricity,PTHP
6892,108,retail,0,FuelOil,PSZ-AC with gas coil
6893,102,outpatient,2,Electricity,PVAV with PFP boxes
6894,23,grocery,0,Electricity,PSZ-AC with electric coil
6895,21,outpatient,2,Electricity,PVAV with PFP boxes
6896,49,primary_school,1,Propane,PVAV with gas heat with electric reheat
6897,42,outpatient,1,Electricity,PVAV with PFP boxes
6898,23,secondary_school,1,NaturalGas,PVAV with gas boiler reheat
6899,12,quick_service_restaurant,0,FuelOil,PSZ-AC with gas coil
6900,20,outpatient,1,FuelOil,PSZ-AC with gas coil
6901,42,small_office,1,Propane,PSZ-AC with gas coil
6902,41,warehouse,0,Propane,Residential AC with residential forced air furnace
6903,102,full_service_restaurant,0,FuelOil,PSZ-AC with gas coil
6904,4,secondary_school,1,Electricity,PTHP
6905,6,warehouse,1,Propane,PVAV with gas boiler reheat
6906,48,secondary_school,1,FuelOil,VAV chiller with gas boiler reheat
6907,34,large_office,0,NaturalGas,VAV chiller with gas boiler reheat
6908,7,grocery,0,Propane,Residential AC with residential forced air furnace
6909,8,warehouse,1,FuelOil,PSZ-AC with gas coil
6910,0,large_hotel,1,NaturalGas,DOAS with fan coil chiller with boiler
6911,42,large_hotel,0,Propane,PTAC with gas coil
6912,44,grocery,1,Propane,PSZ-AC with gas coil
6913,47,outpatient,0,FuelOil,PSZ-AC with gas coil
6914,27,outpatient,1,FuelOil,PVAV with gas boiler reheat
6915,3,secondary_school,0,FuelOil,VAV air-cooled chiller with gas boiler reheat
6916,3,hospital,0,NaturalGas,PVAV with gas boiler reheat
6917,107,outpatient,2,DistrictHeating,VAV chiller with district hot water reheat
6918,5,large_office,1,NaturalGas,VAV chiller with gas boiler reheat
6919,15,small_hotel,0,FuelOil,Residential AC with residential forced air furnace
6920,48,outpatient,1,FuelOil,PSZ-AC with gas coil
6921,102,primary_school,0,Electricity,PSZ-AC with electric coil
6922,29,primary_school,1,Electricity,PVAV with PFP boxes
6923,11,secondary_school,1,Propane,PVAV with gas boiler reheat
6924,11,outpatient,1,NaturalGas,PSZ-AC with gas coil
6925,107,outpatient,2,Electricity,PVAV with PFP boxes
6926,46,secondary_school,0,Electricity,PSZ-AC with electric coil
6927,105,full_service_restaurant,1,DistrictHeating,VAV district chilled water with district hot water reheat
6928,44,small_hotel,0,Propane,Residential AC with residential forced air furnace
6929,42,grocery,0,Electricity,PSZ-AC with electric coil
6930,108,secondary_school,1,NaturalGas,PVAV with gas boiler reheat
6931,29,outpatient,2,DistrictHeating,VAV chiller with district hot water reheat
6932,9,full_service_restaurant,1,DistrictHeating,VAV district chilled water with district hot water reheat
6933,20,grocery,0,FuelOil,PSZ-AC with gas coil
6934,3,medium_office,0,NaturalGas,PSZ-AC with gas coil
6935,6,grocery,1,NaturalGas,PSZ-AC with gas coil
6936,11,small_office,1,Propane,PSZ-AC with gas coil
6937,42,secondary_school,1,NaturalGas,PVAV with gas boiler reheat
6938,100,full_service_restaurant,1,FuelOil,PSZ-AC with gas coil
6939,100,hospital,0,Electricity,PSZ-AC with electric coil
6940,47,medium_office,1,Propane,PVAV with gas boiler reheat
6941,31,grocery,0,Electricity,PSZ-AC with electric coil
6942,42,hospital,1,DistrictHeating,VAV district chilled water with district hot water reheat
6943,6,primary_school,1,NaturalGas,DOAS with fan coil air-cooled chiller with boiler
6944,43,outpatient,1,Propane,PSZ-AC with gas coil
6945,29,outpatient,2,Electricity,PVAV with PFP boxes
6946,10,primary_school,1,Electricity,DOAS with water source heat pumps with ground source heat pump
6947,36,outpatient,2,DistrictHeating,VAV chiller with district hot water reheat
6948,43,secondary_school,1,Electricity,PTHP
6949,108,outpatient,1,NaturalGas,PSZ-AC with gas coil
6950,102,retail,1,FuelOil,PSZ-AC with gas coil
6951,100,grocery,0,Electricity,PSZ-AC with electric coil
6952,2,large_office,1,NaturalGas,VAV chiller with gas boiler reheat
6953,38,large_office,0,NaturalGas,PVAV with gas boiler reheat
6954,5,large_hotel,1,DistrictHeating,DOAS with fan coil chiller with district hot water
6955,4,hospital,0,Electricity,PSZ-AC with electric coil
6956,35,outpatient,1,Electricity,PSZ-AC with electric coil
6957,26,primary_school,0,FuelOil,PSZ-AC with gas coil
6958,23,large_office,0,NaturalGas,VAV chiller with gas boiler reheat
6959,100,small_hotel,0,FuelOil,Residential AC with residential forced air furnace
6960,34,outpatient,0,Electricity,PSZ-AC with electric coil
6961,10,outpatient,2,FuelOil,PVAV with gas boiler reheat
6962,23,hospital,1,NaturalGas,VAV chiller with gas boiler reheat
6963,31,secondary_school,1,NaturalGas,PVAV with gas boiler reheat
6964,32,outpatient,2,NaturalGas,PVAV with gas boiler reheat
6965,8,secondary_school,0,FuelOil,DOAS with fan coil air-cooled chiller with boiler
6966,37,hospital,1,FuelOil,VAV air-cooled chiller with gas boiler reheat
6967,1,large_hotel,1,NaturalGas,DOAS with fan coil chiller with boiler
6968,36,outpatient,2,Electricity,PVAV with PFP boxes
6969,33,primary_school,0,Electricity,PSZ-HP
6970,100,primary_school,1,Electricity,PVAV with PFP boxes
6971,24,large_office,1,NaturalGas,VAV chiller with gas boiler reheat
6972,44,hospital,1,NaturalGas,VAV chiller with gas boiler reheat
6973,34,small_hotel,0,FuelOil,Residential AC with residential forced air furnace
6974,5,full_service_restaurant,1,DistrictHeating,VAV district chilled water with district hot water reheat
6975,11,hospital,0,Electricity,PSZ-AC with electric coil
6976,106,primary_school,0,Electricity,PSZ-AC with electric coil
6977,9,outpatient,2,NaturalGas,PVAV with gas boiler reheat
6978,107,small_hotel,0,FuelOil,Residential AC with residential forced air furnace
6979,43,large_hotel,0,NaturalGas,PTAC with gas boiler
6980,37,outpatient,0,NaturalGas,PSZ-AC with gas coil
6981,36,grocery,0,Propane,Residential AC with residential forced air furnace
6982,15,primary_school,1,Propane,PSZ-AC with gas coil
6983,45,small_office,1,FuelOil,PSZ-AC with gas coil
6984,110,primary_school,0,Electricity,DOAS with fan coil district chilled water with baseboard electric
6985,107,large_office,1,DistrictHeating,VAV district chilled water with district hot water reheat
6986,3,grocery,1,FuelOil,PSZ-AC with gas coil
6987,31,retail,1,FuelOil,PSZ-AC with gas coil
6988,8,warehouse,1,Propane,PVAV with gas heat with electric reheat
6989,5,outpatient,2,Propane,PVAV with gas heat with electric reheat
6990,0,medium_office,1,FuelOil,PVAV with gas boiler reheat
6991,7,medium_office,0,NaturalGas,PSZ-AC with gas coil
6992,105,hospital,1,DistrictHeating,VAV district chilled water with district hot water reheat
6993,44,medium_office,1,NaturalGas,PVAV with gas heat with electric reheat
6994,3,secondary_school,0,Propane,PSZ-AC with gas coil
6995,109,full_service_restaurant,1,Electricity,PSZ-AC with electric coil
6996,100,retail,1,FuelOil,PSZ-AC with gas coil
6997,14,grocery,1,Electricity,PSZ-AC with electric coil
6998,49,large_hotel,1,Electricity,PTAC with electric coil
6999,3,full_service_restaurant,1,Propane,PSZ-AC with gas coil
7000,35,grocery,0,Electricity,PSZ-AC with electric coil
7001,47,primary_school,1,FuelOil,VAV air-cooled chiller with gas boiler reheat
7002,44,large_office,1,NaturalGas,VAV chiller with gas boiler reheat
7003,31,large_hotel,0,Propane,PTAC with gas boiler
7004,33,outpatient,2,Electricity,PVAV with PFP boxes
7005,21,large_office,1,NaturalGas,VAV chiller with gas boiler reheat
7006,47,secondary_school,1,Electricity,PTHP
7007,35,outpatient,0,FuelOil,PSZ-AC with gas coil
7008,26,outpatient,2,DistrictHeating,VAV chiller with district hot water reheat
7009,28,outpatient,2,FuelOil,PVAV with gas boiler reheat
7010,2,full_service_restaurant,1,DistrictHeating,VAV district chilled water with district hot water reheat
7011,42,large_office,0,NaturalGas,PVAV with gas boiler reheat
7012,3,primary_school,1,NaturalGas,PVAV with gas boiler reheat
7013,12,secondary_school,0,FuelOil,PSZ-AC with gas coil
7014,2,secondary_school,1,Electricity,PTHP
7015,47,outpatient,1,Electricity,PSZ-AC with electric coil
7016,32,medium_office,1,DistrictHeating,VAV district chilled water with district hot water reheat
7017,45,quick_service_restaurant,0,FuelOil,PSZ-AC with gas coil
7018,41,large_hotel,1,NaturalGas,DOAS with fan coil chiller with boiler
7019,35,large_office,0,NaturalGas,VAV chiller with gas boiler reheat
7020,9,warehouse,1,FuelOil,PSZ-AC with gas coil
7021,108,large_office,0,NaturalGas,VAV chiller with gas boiler reheat
7022,110,large_hotel,0,Electricity,PTAC with electric coil
7023,5,grocery,0,Propane,Residential AC with residential forced air furnace
7024,30,large_office,0,FuelOil,PVAV with gas boiler reheat
7025,14,retail,1,FuelOil,PSZ-AC with gas coil
7026,16,medium_office,0,Propane,PSZ-AC with gas coil
7027,33,large_hotel,1,DistrictHeating,DOAS with fan coil district chilled water with district hot water
7028,21,grocery,0,FuelOil,PSZ-AC with gas coil
7029,35,retail,0,FuelOil,PSZ-AC with gas coil
7030,30,hospital,1,FuelOil,VAV chiller with gas boiler reheat
7031,15,hospital,0,NaturalGas,PVAV with gas boiler reheat
7032,0,secondary_school,0,Propane,PSZ-AC with gas boiler
7033,26,primary_school,0,Propane,PSZ-AC with gas coil
7034,1,hospital,1,NaturalGas,VAV chiller with gas boiler reheat
7035,4,medium_office,1,FuelOil,PVAV with gas boiler reheat
7036,25,medium_office,0,FuelOil,PVAV with gas boiler reheat
7037,42,primary_school,0,Propane,PSZ-AC with gas coil
7038,103,outpatient,1,Electricity,PSZ-AC with electric coil
7039,28,secondary_school,0,Propane,PSZ-AC with gas coil
7040,23,outpatient,2,Electricity,PVAV with PFP boxes
7041,36,medium_office,0,Propane,PSZ-AC with gas coil
7042,44,outpatient,1,Electricity,PSZ-AC with electric coil
7043,25,warehouse,1,Propane,PSZ-AC with gas coil
7044,103,medium_office,1,DistrictHeating,VAV district chilled water with district hot water reheat
7045,7,primary_school,1,NaturalGas,DOAS with fan coil air-cooled chiller with boiler
7046,28,outpatient,0,Electricity,PSZ-AC with electric coil
7047,110,small_office,0,Propane,PSZ-AC with gas coil
7048,45,outpatient,2,Electricity,PVAV with PFP boxes
7049,16,secondary_school,0,FuelOil,PSZ-AC with gas coil
7050,44,small_office,1,Propane,PSZ-AC with gas coil
7051,21,secondary_school,1,Electricity,PTHP
7052,32,primary_school,1,FuelOil,VAV air-cooled chiller with gas boiler reheat
7053,21,full_service_restaurant,1,Electricity,PSZ-AC with electric coil
7054,2,hospital,1,DistrictHeating,VAV district chilled water with district hot water reheat
7055,106,outpatient,1,NaturalGas,PSZ-AC with gas coil
7056,14,full_service_restaurant,1,DistrictHeating,VAV district chilled water with district hot water reheat
7057,42,secondary_school,0,Electricity,PSZ-AC with electric coil
7058,16,hospital,0,Electricity,PSZ-AC with electric coil
7059,35,quick_service_restaurant,0,FuelOil,PSZ-AC with gas coil
7060,38,large_hotel,1,Propane,DOAS with fan coil chiller with boiler
7061,40,large_office,1,DistrictHeating,VAV district chilled water with district hot water reheat
7062,24,grocery,0,Propane,Residential AC with residential forced air furnace
7063,18,retail,1,FuelOil,PSZ-AC with gas coil
7064,45,grocery,0,Propane,Residential AC with residential forced air furnace
7065,5,secondary_school,0,FuelOil,PSZ-AC with gas boiler
7066,38,hospital,0,Electricity,PSZ-AC with electric coil
7067,8,primary_school,0,Electricity,PSZ-AC with electric coil
7068,23,large_hotel,1,NaturalGas,PTAC with gas boiler
7069,43,large_office,0,NaturalGas,DOAS with water source heat pumps cooling tower with boiler
7070,44,large_hotel,0,NaturalGas,PTAC with gas boiler
7071,21,small_office,1,Electricity,PSZ-AC with electric coil
7072,110,small_hotel,0,Electricity,PTAC with electric coil
7073,43,hospital,1,NaturalGas,VAV chiller with gas boiler reheat
7074,7,outpatient,2,NaturalGas,VAV chiller with gas boiler reheat
7075,43,warehouse,1,Electricity,PSZ-AC with electric coil
7076,45,large_hotel,1,NaturalGas,DOAS with fan coil chiller with boiler
7077,49,secondary_school,1,Propane,VAV chiller with gas boiler reheat
7078,23,grocery,1,Electricity,PSZ-AC with electric coil
7079,30,large_hotel,1,NaturalGas,PTAC with gas boiler
7080,107,full_service_restaurant,1,DistrictHeating,VAV district chilled water with district hot water reheat
7081,14,outpatient,2,NaturalGas,VAV chiller with gas boiler reheat
7082,20,small_office,1,FuelOil,PSZ-AC with gas coil
7083,42,outpatient,2,Electricity,PVAV with PFP boxes
7084,20,strip_mall,1,Electricity,PSZ-AC with electric coil
7085,108,outpatient,2,DistrictHeating,VAV chiller with district hot water reheat
7086,103,large_office,0,DistrictHeating,VAV district chilled water with district hot water reheat
7087,11,full_service_restaurant,1,DistrictHeating,VAV district chilled water with district hot water reheat
7088,16,small_hotel,0,FuelOil,Residential AC with residential forced air furnace
7089,12,medium_office,1,FuelOil,VAV chiller with gas boiler reheat
7090,23,large_office,1,DistrictHeating,VAV chiller with district hot water reheat
7091,34,medium_office,1,NaturalGas,PVAV with gas heat with electric reheat
7092,21,grocery,0,Propane,Residential AC with residential forced air furnace
7093,20,outpatient,2,FuelOil,VAV air-cooled chiller with gas boiler reheat
7094,44,large_office,0,DistrictHeating,VAV district chilled water with district hot water reheat
7095,48,grocery,0,Electricity,PSZ-AC with electric coil
7096,49,small_office,1,Propane,PSZ-AC with gas coil
7097,104,outpatient,2,NaturalGas,PVAV with gas boiler reheat
7098,34,large_office,1,NaturalGas,VAV chiller with gas boiler reheat
7099,21,hospital,1,DistrictHeating,VAV district chilled water with district hot water reheat
7100,7,hospital,1,DistrictHeating,VAV district chilled water with district hot water reheat
7101,45,large_office,1,DistrictHeating,VAV chiller with district hot water reheat
7102,43,primary_school,0,FuelOil,PSZ-AC with gas coil
7103,23,large_office,1,Electricity,VAV chiller with PFP boxes
7104,103,full_service_restaurant,1,DistrictHeating,VAV district chilled water with district hot water reheat
7105,15,outpatient,1,Electricity,PSZ-AC with electric coil
7106,108,large_hotel,1,NaturalGas,DOAS with fan coil chiller with boiler
7107,44,large_office,0,Electricity,PVAV with PFP boxes
7108,43,secondary_school,0,Electricity,PSZ-AC with electric coil
7109,21,large_office,0,Electricity,PVAV with PFP boxes
7110,1,small_office,0,Propane,PSZ-AC with gas coil
7111,41,large_office,1,NaturalGas,VAV chiller with gas boiler reheat
7112,7,grocery,1,NaturalGas,PSZ-AC with gas coil
7113,48,outpatient,2,FuelOil,PVAV with gas boiler reheat
7114,42,large_hotel,1,NaturalGas,PTAC with gas boiler
7115,36,small_hotel,0,FuelOil,Residential AC with residential forced air furnace
7116,47,warehouse,0,Electricity,PSZ-AC with electric coil
7117,47,large_office,0,NaturalGas,PVAV with gas boiler reheat
7118,11,outpatient,2,NaturalGas,PVAV with gas boiler reheat
7119,31,primary_school,0,Propane,PSZ-AC with gas coil
7120,43,outpatient,0,Electricity,PSZ-AC with electric coil
7121,7,medium_office,1,DistrictHeating,VAV district chilled water with district hot water reheat
7122,16,secondary_school,0,Propane,PSZ-AC with gas coil
7123,21,warehouse,1,NaturalGas,PSZ-AC with gas coil
7124,16,full_service_restaurant,1,Propane,PSZ-AC with gas coil
7125,49,quick_service_restaurant,0,Propane,PSZ-AC with gas coil
7126,20,outpatient,0,Propane,PSZ-AC with gas coil
7127,3,medium_office,1,NaturalGas,PVAV with gas boiler reheat
7128,13,outpatient,2,DistrictHeating,VAV chiller with district hot water reheat
7129,27,grocery,1,NaturalGas,PSZ-AC with gas coil
7130,46,grocery,1,Electricity,PSZ-AC with electric coil
7131,32,small_hotel,0,FuelOil,Residential AC with residential forced air furnace
7132,16,medium_office,1,FuelOil,PVAV with gas boiler reheat
7133,38,medium_office,0,FuelOil,PVAV with gas boiler reheat
7134,31,grocery,1,Electricity,PSZ-AC with electric coil
7135,17,warehouse,1,FuelOil,PSZ-AC with gas coil
7136,43,outpatient,2,Propane,VAV chiller with gas boiler reheat
7137,5,outpatient,0,NaturalGas,PSZ-AC with gas coil
7138,46,small_hotel,0,Propane,Residential AC with residential forced air furnace
7139,45,medium_office,0,NaturalGas,PSZ-AC with gas coil
7140,0,medium_office,0,FuelOil,PSZ-AC with gas coil
7141,31,primary_school,1,Electricity,PVAV with PFP boxes
7142,105,warehouse,1,Propane,PSZ-AC with gas coil
7143,11,hospital,1,DistrictHeating,VAV district chilled water with district hot water reheat
7144,26,primary_school,1,FuelOil,VAV air-cooled chiller with gas boiler reheat
7145,42,large_office,1,Electricity,VAV chiller with PFP boxes
7146,6,outpatient,1,NaturalGas,PSZ-AC with gas coil
7147,101,outpatient,2,DistrictHeating,VAV chiller with district hot water reheat
7148,48,outpatient,0,Propane,PSZ-AC with gas coil
7149,100,secondary_school,1,Electricity,PTHP
7150,34,outpatient,1,Electricity,PSZ-AC with electric coil
7151,48,secondary_school,0,Electricity,PTHP
7152,47,large_hotel,1,DistrictHeating,DOAS with fan coil district chilled water with district hot water
7153,26,outpatient,0,Electricity,PSZ-AC with electric coil
7154,29,secondary_school,0,FuelOil,PSZ-AC with gas boiler
7155,15,secondary_school,1,NaturalGas,PVAV with gas boiler reheat
7156,45,warehouse,1,Electricity,PSZ-AC with electric coil
7157,14,secondary_school,0,FuelOil,PSZ-AC with gas coil
7158,25,outpatient,0,Propane,PSZ-AC with gas coil
7159,15,hospital,1,DistrictHeating,VAV district chilled water with district hot water reheat
7160,103,secondary_school,1,NaturalGas,VAV chiller with gas boiler reheat
7161,101,outpatient,2,Electricity,PVAV with PFP boxes
7162,103,hospital,1,DistrictHeating,VAV district chilled water with district hot water reheat
7163,12,medium_office,1,Propane,PVAV with gas boiler reheat
7164,47,large_hotel,1,Electricity,PTAC with electric coil
7165,13,large_hotel,1,Propane,DOAS with fan coil chiller with boiler
7166,36,grocery,1,Propane,PSZ-AC with gas coil
7167,106,outpatient,0,Electricity,PSZ-AC with electric coil
7168,22,large_office,0,DistrictHeating,VAV district chilled water with district hot water reheat
7169,47,hospital,1,FuelOil,VAV chiller with gas boiler reheat
7170,43,grocery,0,Propane,Residential AC with residential forced air furnace
7171,26,full_service_restaurant,1,Electricity,PSZ-AC with electric coil
7172,13,hospital,0,Electricity,PSZ-AC with electric coil
7173,34,large_hotel,0,NaturalGas,PTAC with gas boiler
7174,105,secondary_school,1,Propane,VAV chiller with gas boiler reheat
7175,101,full_service_restaurant,0,FuelOil,PSZ-AC with gas coil
7176,43,grocery,1,Propane,PSZ-AC with gas coil
7177,24,outpatient,1,Propane,PVAV with gas boiler reheat
7178,3,secondary_school,1,Propane,VAV air-cooled chiller with gas boiler reheat
7179,3,outpatient,1,NaturalGas,PSZ-AC with gas coil
7180,42,medium_office,0,FuelOil,PVAV with gas boiler reheat
7181,35,grocery,1,Electricity,PSZ-AC with electric coil
7182,20,large_hotel,1,NaturalGas,DOAS with fan coil chiller with boiler
7183,31,large_hotel,1,Propane,DOAS with fan coil chiller with boiler
7184,34,grocery,0,Electricity,PSZ-AC with electric coil
7185,30,secondary_school,0,Propane,PTAC with gas boiler
7186,37,primary_school,0,FuelOil,PSZ-AC with gas coil
7187,109,warehouse,1,Propane,PSZ-AC with gas coil
7188,3,small_office,1,Propane,PSZ-AC with gas coil
7189,1,primary_school,0,Electricity,PSZ-AC with electric coil
7190,12,secondary_school,1,FuelOil,VAV air-cooled chiller with gas boiler reheat
7191,34,large_office,0,DistrictHeating,VAV district chilled water with district hot water reheat
7192,34,secondary_school,1,NaturalGas,VAV air-cooled chiller with gas boiler reheat
7193,33,secondary_school,0,FuelOil,PSZ-AC with gas coil
7194,23,primary_school,1,FuelOil,PVAV with gas boiler reheat
7195,34,hospital,1,DistrictHeating,VAV district chilled water with district hot water reheat
7196,45,primary_school,1,NaturalGas,DOAS with water source heat pumps cooling tower with boiler
7197,44,primary_school,0,FuelOil,PVAV with gas heat with electric reheat
7198,0,large_hotel,1,DistrictHeating,DOAS with fan coil chiller with district hot water
7199,23,secondary_school,1,Electricity,PTHP
7200,31,full_service_restaurant,1,DistrictHeating,VAV district chilled water with district hot water reheat
7201,48,retail,1,Propane,PSZ-AC with gas coil
7202,108,large_office,1,NaturalGas,VAV chiller with gas boiler reheat
7203,107,hospital,1,DistrictHeating,VAV district chilled water with district hot water reheat
7204,104,outpatient,1,Electricity,PSZ-AC with electric coil
7205,8,hospital,1,FuelOil,VAV chiller with gas boiler reheat
7206,20,large_office,1,DistrictHeating,VAV district chilled water with district hot water reheat
7207,16,medium_office,1,Propane,VAV chiller with gas boiler reheat
7208,40,hospital,1,DistrictHeating,VAV district chilled water with district hot water reheat
7209,15,large_office,0,NaturalGas,VAV chiller with gas boiler reheat
7210,34,large_office,0,Electricity,PVAV with PFP boxes
7211,35,retail,1,FuelOil,PSZ-AC with gas coil
7212,3,retail,1,Electricity,PSZ-AC with electric coil
7213,2,warehouse,1,Propane,PVAV with gas heat with electric reheat
7214,26,large_office,0,DistrictHeating,VAV district chilled water with district hot water reheat
7215,29,hospital,1,FuelOil,VAV chiller with gas boiler reheat
7216,0,large_hotel,1,Electricity,PTAC with electric coil
7217,109,hospital,1,DistrictHeating,VAV district chilled water with district hot water reheat
7218,11,primary_school,1,Propane,PSZ-AC with gas coil
7219,26,primary_school,1,Propane,PVAV with gas boiler reheat
7220,17,large_hotel,1,NaturalGas,DOAS with fan coil chiller with boiler
7221,3,grocery,0,NaturalGas,PSZ-AC with gas coil
7222,47,primary_school,0,Propane,PVAV with gas boiler reheat
7223,110,full_service_restaurant,1,FuelOil,PSZ-AC with gas coil
7224,44,warehouse,0,Propane,PSZ-AC with gas coil
7225,109,secondary_school,1,Propane,PVAV with gas boiler reheat
7226,25,medium_office,1,FuelOil,PVAV with gas heat with electric reheat
7227,18,primary_school,1,Propane,PSZ-AC with gas boiler
7228,14,outpatient,0,NaturalGas,PSZ-AC with gas coil
7229,24,large_hotel,1,NaturalGas,DOAS with fan coil chiller with boiler
7230,28,secondary_school,1,Propane,VAV chiller with gas boiler reheat
7231,42,outpatient,0,FuelOil,PSZ-AC with gas coil
7232,31,outpatient,2,NaturalGas,PVAV with gas boiler reheat
7233,49,secondary_school,0,Propane,PSZ-AC with gas coil
7234,35,secondary_school,0,Propane,PSZ-AC with gas coil
7235,42,primary_school,1,NaturalGas,PSZ-AC with gas coil
7236,30,outpatient,2,FuelOil,PVAV with gas boiler reheat
7237,33,small_hotel,0,FuelOil,Residential AC with residential forced air furnace
7238,110,small_office,1,Propane,PSZ-AC with gas coil
7239,17,large_office,1,DistrictHeating,VAV chiller with district hot water reheat
7240,43,strip_mall,1,Electricity,PSZ-AC with electric coil
7241,4,secondary_school,0,Electricity,PSZ-AC with electric coil
7242,3,medium_office,0,Electricity,PSZ-AC with electric coil
7243,110,medium_office,1,NaturalGas,PVAV with gas boiler reheat
7244,38,hospital,1,DistrictHeating,VAV district chilled water with district hot water reheat
7245,42,secondary_school,1,Electricity,PSZ-HP
7246,0,small_office,1,FuelOil,PSZ-AC with gas coil
7247,11,large_hotel,0,Propane,PTAC with gas boiler
7248,47,large_office,1,DistrictHeating,VAV chiller with district hot water reheat
7249,1,large_hotel,1,DistrictHeating,DOAS with fan coil chiller with district hot water
7250,110,retail,0,Electricity,PSZ-AC with electric coil
7251,24,large_office,1,DistrictHeating,VAV chiller with district hot water reheat
7252,108,outpatient,1,Electricity,PSZ-AC with electric coil
7253,2,large_office,1,Electricity,VAV chiller with PFP boxes
7254,31,large_office,0,DistrictHeating,VAV district chilled water with district hot water reheat
7255,5,secondary_school,1,FuelOil,VAV air-cooled chiller with gas boiler reheat
7256,23,large_office,0,Electricity,PVAV with PFP boxes
7257,5,medium_office,0,FuelOil,PVAV with gas boiler reheat
7258,4,outpatient,0,FuelOil,PSZ-AC with gas coil
7259,43,large_office,1,NaturalGas,VAV chiller with gas boiler reheat
7260,31,secondary_school,1,Electricity,PSZ-HP
7261,44,large_hotel,1,NaturalGas,DOAS with fan coil chiller with boiler
7262,32,outpatient,2,Electricity,PVAV with PFP boxes
7263,31,medium_office,0,Electricity,PSZ-AC with electric coil
7264,1,large_hotel,1,Electricity,PTAC with electric coil
7265,24,large_office,1,Electricity,VAV chiller with PFP boxes
7266,100,large_office,0,NaturalGas,VAV chiller with gas boiler reheat
7267,100,hospital,1,NaturalGas,VAV chiller with gas boiler reheat
7268,4,outpatient,1,FuelOil,PSZ-AC with gas coil
7269,49,outpatient,2,NaturalGas,PVAV with gas boiler reheat
7270,39,small_office,1,Propane,PSZ-AC with gas coil
7271,43,large_hotel,0,Electricity,PTAC with electric coil
7272,106,hospital,0,NaturalGas,PVAV with gas boiler reheat
7273,27,retail,0,FuelOil,PSZ-AC with gas coil
7274,1,full_service_restaurant,1,Electricity,PSZ-AC with electric coil
7275,35,outpatient,2,NaturalGas,PVAV with gas boiler reheat
7276,23,warehouse,1,NaturalGas,PSZ-AC with gas coil
7277,11,secondary_school,1,NaturalGas,PVAV with gas boiler reheat
7278,103,large_office,1,DistrictHeating,VAV chiller with district hot water reheat
7279,44,large_office,1,DistrictHeating,VAV chiller with district hot water reheat
7280,48,grocery,1,Electricity,PSZ-AC with electric coil
7281,10,primary_school,0,Electricity,PSZ-AC with electric coil
7282,47,strip_mall,1,Electricity,PSZ-AC with electric coil
7283,7,large_office,0,NaturalGas,VAV chiller with gas boiler reheat
7284,110,quick_service_restaurant,0,Electricity,PSZ-AC with electric coil
7285,17,medium_office,0,FuelOil,PVAV with gas boiler reheat
7286,110,outpatient,0,NaturalGas,PSZ-AC with gas coil
7287,103,large_office,1,Electricity,VAV chiller with PFP boxes
7288,16,large_hotel,0,Propane,PTAC with gas coil
7289,28,hospital,1,DistrictHeating,VAV district chilled water with district hot water reheat
7290,9,large_hotel,1,DistrictHeating,DOAS with fan coil chiller with district hot water
7291,43,primary_school,1,FuelOil,DOAS with water source heat pumps cooling tower with boiler
7292,18,strip_mall,2,Electricity,PVAV with PFP boxes
7293,37,outpatient,2,Propane,PVAV with gas boiler reheat
7294,110,grocery,1,NaturalGas,PSZ-AC with gas coil
7295,44,large_office,1,Electricity,VAV chiller with PFP boxes
7296,36,outpatient,1,Electricity,PSZ-AC with electric coil
7297,21,large_office,1,Electricity,VAV chiller with PFP boxes
7298,21,outpatient,1,Propane,PSZ-AC with gas coil
7299,28,large_office,0,Electricity,PVAV with PFP boxes
7300,42,large_office,0,Electricity,PVAV with PFP boxes
7301,35,large_office,0,DistrictHeating,VAV district chilled water with district hot water reheat
7302,31,secondary_school,0,FuelOil,VAV air-cooled chiller with gas boiler reheat
7303,108,large_office,0,DistrictHeating,VAV district chilled water with district hot water reheat
7304,32,hospital,1,DistrictHeating,VAV district chilled water with district hot water reheat
7305,13,primary_school,1,FuelOil,PVAV with gas heat with electric reheat
7306,3,primary_school,1,Electricity,PVAV with PFP boxes
7307,46,secondary_school,1,FuelOil,VAV chiller with gas boiler reheat
7308,36,secondary_school,1,Electricity,PTHP
7309,42,grocery,1,FuelOil,PSZ-AC with gas coil
7310,15,warehouse,1,Electricity,PSZ-AC with electric coil
7311,6,full_service_restaurant,1,DistrictHeating,VAV district chilled water with district hot water reheat
7312,27,quick_service_restaurant,0,FuelOil,PSZ-AC with gas coil
7313,41,large_hotel,1,Electricity,DOAS with fan coil chiller with baseboard electric
7314,35,large_office,0,Electricity,VAV chiller with PFP boxes
7315,108,large_office,0,Electricity,PVAV with PFP boxes
7316,39,hospital,1,DistrictHeating,VAV district chilled water with district hot water reheat
7317,100,outpatient,0,Electricity,PSZ-AC with electric coil
7318,102,small_office,1,Propane,PSZ-AC with gas coil
7319,101,medium_office,1,DistrictHeating,VAV district chilled water with district hot water reheat
7320,15,hospital,0,Electricity,PSZ-AC with electric coil
7321,1,grocery,0,NaturalGas,PSZ-AC with gas coil
7322,16,secondary_school,1,NaturalGas,PVAV with gas boiler reheat
7323,103,large_hotel,1,NaturalGas,DOAS with fan coil chiller with boiler
7324,27,secondary_school,1,NaturalGas,PVAV with gas boiler reheat
7325,5,outpatient,1,NaturalGas,PSZ-AC with gas coil
7326,47,secondary_school,0,FuelOil,PSZ-AC with gas boiler
7327,109,grocery,0,Electricity,PSZ-AC with electric coil
7328,6,outpatient,2,NaturalGas,VAV chiller with gas boiler reheat
7329,3,primary_school,0,NaturalGas,PSZ-AC with gas coil
7330,25,hospital,1,FuelOil,VAV chiller with gas boiler reheat
7331,7,warehouse,0,FuelOil,PSZ-AC with gas coil
7332,45,medium_office,1,FuelOil,VAV air-cooled chiller with gas boiler reheat
7333,7,primary_school,0,Electricity,PVAV with PFP boxes
7334,17,primary_school,0,FuelOil,PSZ-AC with gas coil
7335,27,outpatient,1,NaturalGas,PSZ-AC with gas coil
7336,100,outpatient,2,DistrictHeating,VAV chiller with district hot water reheat
7337,102,hospital,1,DistrictHeating,VAV district chilled water with district hot water reheat
7338,29,secondary_school,1,FuelOil,VAV chiller with gas boiler reheat
7339,3,large_hotel,1,Propane,DOAS with fan coil chiller with boiler
7340,109,primary_school,1,Electricity,PVAV with PFP boxes
7341,25,outpatient,1,Propane,PSZ-AC with gas coil
7342,17,primary_school,1,FuelOil,VAV air-cooled chiller with gas boiler reheat
7343,1,large_office,1,DistrictHeating,VAV district chilled water with district hot water reheat
7344,26,small_office,1,Propane,PSZ-AC with gas coil
7345,14,primary_school,0,Electricity,PSZ-AC with electric coil
7346,17,secondary_school,1,Electricity,PTHP
7347,24,secondary_school,0,Electricity,PSZ-AC with electric coil
7348,1,medium_office,1,Electricity,PVAV with PFP boxes
7349,22,large_office,1,DistrictHeating,VAV chiller with district hot water reheat
7350,106,outpatient,1,Electricity,PSZ-AC with electric coil
7351,10,large_hotel,1,Propane,DOAS with fan coil chiller with boiler
7352,23,large_hotel,1,DistrictHeating,DOAS with fan coil district chilled water with district hot water
7353,36,large_office,0,Electricity,PVAV with PFP boxes
7354,43,large_office,0,DistrictHeating,VAV district chilled water with district hot water reheat
7355,17,medium_office,0,Propane,PSZ-AC with gas coil
7356,46,hospital,1,FuelOil,VAV chiller with gas boiler reheat
7357,43,hospital,1,DistrictHeating,VAV district chilled water with district hot water reheat
7358,1,large_office,1,Electricity,VAV chiller with PFP boxes
7359,13,grocery,0,FuelOil,PSZ-AC with gas coil
7360,34,large_hotel,1,NaturalGas,DOAS with fan coil chiller with boiler
7361,106,small_office,1,Propane,PSZ-AC with gas coil
7362,101,full_service_restaurant,1,FuelOil,PSZ-AC with gas coil
7363,12,primary_school,0,Propane,PSZ-AC with gas coil
7364,45,large_hotel,1,DistrictHeating,DOAS with fan coil chiller with district hot water
7365,23,large_hotel,1,Electricity,PTAC with electric coil
7366,32,secondary_school,1,NaturalGas,VAV chiller with gas boiler reheat
7367,107,large_hotel,1,NaturalGas,DOAS with fan coil chiller with boiler
7368,30,large_hotel,1,DistrictHeating,DOAS with fan coil chiller with district hot water
7369,43,large_office,0,Electricity,PVAV with PFP boxes
7370,3,outpatient,2,NaturalGas,DOAS with fan coil air-cooled chiller with boiler
7371,7,outpatient,2,Electricity,PVAV with PFP boxes
7372,17,outpatient,2,FuelOil,PVAV with gas boiler reheat
7373,14,outpatient,2,DistrictHeating,VAV chiller with district hot water reheat
7374,35,primary_school,1,Propane,PSZ-AC with gas coil
7375,38,outpatient,1,FuelOil,PSZ-AC with gas coil
7376,16,large_office,0,NaturalGas,VAV chiller with gas boiler reheat
7377,12,primary_school,1,Propane,PSZ-AC with gas coil
7378,47,warehouse,1,Propane,PSZ-AC with gas coil
7379,23,outpatient,1,FuelOil,PSZ-AC with gas coil
7380,101,retail,0,FuelOil,PSZ-AC with gas coil
7381,45,large_hotel,1,Electricity,PTAC with electric coil
7382,0,primary_school,0,FuelOil,PSZ-AC with gas coil
7383,19,primary_school,0,Propane,PSZ-AC with gas coil
7384,37,primary_school,1,FuelOil,DOAS with fan coil air-cooled chiller with boiler
7385,35,warehouse,1,NaturalGas,PSZ-AC with gas coil
7386,27,quick_service_restaurant,0,Propane,PSZ-AC with gas coil
7387,42,strip_mall,2,Electricity,PVAV with PFP boxes
7388,37,large_office,0,NaturalGas,VAV chiller with gas boiler reheat
7389,0,hospital,0,NaturalGas,PVAV with gas boiler reheat
7390,24,outpatient,2,FuelOil,PVAV with gas boiler reheat
7391,14,outpatient,2,Electricity,PVAV with PFP boxes
7392,11,primary_school,0,Electricity,PSZ-AC with electric coil
7393,21,primary_school,0,FuelOil,PSZ-AC with gas coil
7394,104,outpatient,2,DistrictHeating,VAV chiller with district hot water reheat
7395,35,small_hotel,0,FuelOil,Residential AC with residential forced air furnace
7396,46,outpatient,2,NaturalGas,PVAV with gas boiler reheat
7397,34,large_office,1,DistrictHeating,VAV chiller with district hot water reheat
7398,32,primary_school,0,FuelOil,PSZ-AC with gas coil
7399,30,outpatient,1,FuelOil,PSZ-AC with gas coil
7400,15,medium_office,0,FuelOil,PSZ-AC with gas coil
7401,44,primary_school,1,FuelOil,DOAS with fan coil air-cooled chiller with boiler
7402,106,grocery,0,Electricity,PSZ-AC with electric coil
7403,26,hospital,1,DistrictHeating,VAV air-cooled chiller with district hot water reheat
7404,6,small_hotel,0,NaturalGas,Residential AC with residential forced air furnace
7405,104,outpatient,2,Electricity,PVAV with PFP boxes
7406,110,medium_office,0,NaturalGas,PSZ-AC with gas coil
7407,34,large_office,1,Electricity,VAV chiller with PFP boxes
7408,49,large_hotel,0,Propane,PTAC with gas coil
7409,41,large_office,1,DistrictHeating,VAV district chilled water with district hot water reheat
7410,42,large_hotel,1,DistrictHeating,DOAS with fan coil chiller with district hot water
7411,28,large_hotel,1,DistrictHeating,DOAS with fan coil district chilled water with district hot water
7412,23,small_office,1,FuelOil,PSZ-AC with gas coil
7413,26,large_office,1,DistrictHeating,VAV district chilled water with district hot water reheat
7414,34,retail,1,FuelOil,PSZ-AC with gas coil
7415,47,secondary_school,0,Propane,PSZ-AC with gas boiler
7416,108,large_hotel,1,Electricity,PTAC with electric coil
7417,106,large_office,0,DistrictHeating,VAV district chilled water with district hot water reheat
7418,6,secondary_school,0,FuelOil,PSZ-AC with gas boiler
7419,106,hospital,1,DistrictHeating,VAV district chilled water with district hot water reheat
7420,3,grocery,1,NaturalGas,PSZ-AC with gas coil
7421,35,large_hotel,1,Propane,PTAC with gas boiler
7422,7,warehouse,0,Propane,PSZ-AC with gas coil
7423,44,warehouse,1,Propane,PVAV with gas heat with electric reheat
7424,41,large_office,1,Electricity,VAV chiller with PFP boxes
7425,47,grocery,1,NaturalGas,PSZ-AC with gas coil
7426,42,large_hotel,1,Electricity,PTAC with electric coil
7427,16,primary_school,0,Propane,PSZ-AC with gas coil
7428,35,large_hotel,1,DistrictHeating,DOAS with fan coil district chilled water with district hot water
7429,28,grocery,0,Electricity,PSZ-AC with electric coil
7430,21,medium_office,0,NaturalGas,PVAV with gas boiler reheat
7431,104,full_service_restaurant,0,FuelOil,PSZ-AC with gas coil
7432,7,small_hotel,0,Propane,Residential AC with residential forced air furnace
7433,47,large_office,0,Electricity,PVAV with PFP boxes
7434,23,grocery,0,FuelOil,PSZ-AC with gas coil
7435,106,large_office,0,Electricity,PVAV with PFP boxes
7436,11,outpatient,2,Electricity,PVAV with PFP boxes
7437,14,outpatient,1,NaturalGas,PVAV with gas boiler reheat
7438,17,primary_school,1,Propane,VAV air-cooled chiller with gas boiler reheat
7439,28,outpatient,1,FuelOil,PSZ-AC with gas coil
7440,3,medium_office,1,DistrictHeating,VAV district chilled water with district hot water reheat
7441,35,secondary_school,1,Propane,VAV chiller with gas boiler reheat
7442,49,outpatient,0,FuelOil,PSZ-AC with gas coil
7443,23,primary_school,0,Propane,PSZ-AC with gas coil
7444,15,outpatient,2,NaturalGas,VAV chiller with gas boiler reheat
7445,21,warehouse,1,Electricity,PSZ-AC with electric coil
7446,43,strip_mall,2,Electricity,PVAV with PFP boxes
7447,17,small_hotel,0,FuelOil,Residential AC with residential forced air furnace
7448,3,medium_office,1,Electricity,PSZ-HP
7449,38,large_office,1,DistrictHeating,VAV district chilled water with district hot water reheat
7450,45,large_office,0,DistrictHeating,VAV district chilled water with district hot water reheat
7451,1,secondary_school,0,Propane,PSZ-AC with gas boiler
7452,46,medium_office,1,DistrictHeating,VAV district chilled water with district hot water reheat
7453,21,retail,1,FuelOil,PSZ-AC with gas coil
7454,45,hospital,1,DistrictHeating,VAV district chilled water with district hot water reheat
7455,11,large_hotel,1,DistrictHeating,DOAS with fan coil district chilled water with district hot water
7456,108,small_office,1,Propane,PSZ-AC with gas coil
7457,10,warehouse,1,Electricity,PSZ-AC with electric coil
7458,34,strip_mall,1,Electricity,PSZ-AC with electric coil
7459,103,grocery,0,FuelOil,PSZ-AC with gas coil
7460,31,large_office,1,DistrictHeating,VAV district chilled water with district hot water reheat
7461,104,large_office,1,DistrictHeating,VAV district chilled water with district hot water reheat
7462,26,large_hotel,1,NaturalGas,PTAC with gas boiler
7463,29,hospital,0,NaturalGas,VAV air-cooled chiller with gas boiler reheat
7464,6,warehouse,1,FuelOil,PVAV with gas boiler reheat
7465,110,grocery,0,NaturalGas,PSZ-AC with gas coil
7466,23,full_service_restaurant,1,Electricity,PSZ-AC with electric coil
7467,16,outpatient,2,DistrictHeating,VAV chiller with district hot water reheat
7468,31,medium_office,1,Electricity,PVAV with PFP boxes
7469,21,outpatient,0,Propane,PSZ-AC with gas coil
7470,100,large_office,1,NaturalGas,VAV chiller with gas boiler reheat
7471,46,secondary_school,0,FuelOil,PSZ-AC with gas coil
7472,36,secondary_school,0,Electricity,PSZ-AC with electric coil
7473,104,large_office,1,Electricity,VAV chiller with PFP boxes
7474,42,grocery,0,FuelOil,PSZ-AC with gas coil
7475,12,small_hotel,0,Propane,Residential AC with residential forced air furnace
7476,30,outpatient,1,Propane,PSZ-AC with gas boiler
7477,110,full_service_restaurant,0,Electricity,PSZ-AC with electric coil
7478,102,full_service_restaurant,1,DistrictHeating,VAV district chilled water with district hot water reheat
7479,102,outpatient,0,Electricity,PSZ-AC with electric coil
7480,21,outpatient,0,Electricity,PSZ-AC with electric coil
7481,24,primary_school,0,Propane,PVAV with gas boiler reheat
7482,37,small_office,1,Propane,PSZ-AC with gas coil
7483,15,medium_office,1,Propane,PVAV with gas boiler reheat
7484,46,primary_school,0,Electricity,PSZ-AC with electric coil
7485,107,retail,1,FuelOil,PSZ-AC with gas coil
7486,1,warehouse,1,Propane,PSZ-AC with gas coil
7487,43,secondary_school,1,FuelOil,VAV chiller with gas boiler reheat
7488,100,grocery,0,FuelOil,PSZ-AC with gas coil
7489,110,outpatient,1,NaturalGas,PSZ-AC with gas boiler
7490,3,outpatient,1,Electricity,PSZ-AC with electric coil
7491,6,outpatient,0,NaturalGas,PSZ-AC with gas coil
7492,13,outpatient,1,FuelOil,PVAV with gas boiler reheat
7493,10,outpatient,0,Electricity,PSZ-HP
7494,11,retail,1,FuelOil,PSZ-AC with gas coil
7495,20,large_hotel,1,Electricity,PTAC with electric coil
7496,38,grocery,0,Propane,Residential AC with residential forced air furnace
7497,43,warehouse,0,Propane,PSZ-AC with gas coil
7498,4,grocery,0,FuelOil,PSZ-AC with gas coil
7499,12,hospital,0,NaturalGas,PVAV with gas boiler reheat
7500,23,grocery,0,Propane,Residential AC with residential forced air furnace
7501,35,medium_office,0,Electricity,PVAV with PFP boxes
7502,47,medium_office,1,FuelOil,PVAV with gas boiler reheat
7503,35,hospital,1,NaturalGas,VAV chiller with gas boiler reheat
7504,102,outpatient,2,DistrictHeating,VAV chiller with district hot water reheat
7505,14,large_office,1,NaturalGas,VAV chiller with gas boiler reheat
7506,10,small_hotel,0,FuelOil,Residential AC with residential forced air furnace
7507,27,large_hotel,1,NaturalGas,PTAC with gas boiler
7508,108,large_office,1,DistrictHeating,VAV district chilled water with district hot water reheat
7509,24,primary_school,1,Electricity,PVAV with PFP boxes
7510,34,primary_school,1,FuelOil,PVAV with gas boiler reheat
7511,35,medium_office,1,Electricity,PSZ-AC with electric coil
7512,34,secondary_school,1,Electricity,PTHP
7513,3,large_hotel,0,Propane,PTAC with gas coil
7514,41,secondary_school,0,Electricity,PTHP
7515,108,large_office,1,Electricity,VAV chiller with PFP boxes
7516,4,secondary_school,1,Propane,VAV chiller with gas boiler reheat
7517,23,quick_service_restaurant,0,Propane,PSZ-AC with gas coil
7518,15,grocery,0,FuelOil,PSZ-AC with gas coil
7519,34,warehouse,1,Propane,PSZ-AC with gas coil
7520,22,hospital,0,Electricity,PSZ-AC with electric coil
7521,37,secondary_school,1,NaturalGas,VAV chiller with gas boiler reheat
7522,25,full_service_restaurant,1,DistrictHeating,VAV district chilled water with district hot water reheat
7523,20,outpatient,2,NaturalGas,VAV chiller with gas boiler reheat
7524,1,primary_school,1,NaturalGas,PSZ-AC with gas coil
7525,5,small_hotel,0,Propane,Residential AC with residential forced air furnace
7526,31,outpatient,2,DistrictHeating,VAV chiller with district hot water reheat
7527,47,secondary_school,1,FuelOil,PVAV with gas boiler reheat
7528,109,grocery,1,Electricity,PSZ-AC with electric coil
7529,41,warehouse,1,Propane,PSZ-AC with gas coil
7530,104,secondary_school,0,FuelOil,PSZ-AC with gas coil
7531,27,outpatient,2,NaturalGas,VAV air-cooled chiller with gas boiler reheat
7532,14,outpatient,0,Electricity,PSZ-HP
7533,44,strip_mall,2,Electricity,PVAV with PFP boxes
7534,46,outpatient,0,NaturalGas,PSZ-AC with gas coil
7535,17,hospital,0,NaturalGas,PVAV with gas boiler reheat
7536,31,outpatient,2,Electricity,VAV chiller with PFP boxes
7537,38,primary_school,0,FuelOil,PSZ-AC with gas coil
7538,9,hospital,1,FuelOil,VAV chiller with gas boiler reheat
7539,29,small_hotel,0,FuelOil,Residential AC with residential forced air furnace
7540,47,outpatient,1,FuelOil,PSZ-AC with gas boiler
7541,101,primary_school,0,Electricity,PSZ-AC with electric coil
7542,4,outpatient,2,NaturalGas,PVAV with gas boiler reheat
7543,32,medium_office,0,FuelOil,PVAV with gas boiler reheat
7544,38,primary_school,1,FuelOil,PSZ-AC with gas coil
7545,14,primary_school,1,Electricity,PVAV with PFP boxes
7546,20,large_office,0,DistrictHeating,VAV district chilled water with district hot water reheat
7547,35,primary_school,0,Electricity,PSZ-AC with electric coil
7548,25,outpatient,2,NaturalGas,VAV chiller with gas boiler reheat
7549,110,medium_office,1,Electricity,PSZ-AC with electric coil
7550,29,outpatient,2,Propane,PVAV with gas boiler reheat
7551,39,large_hotel,1,NaturalGas,DOAS with fan coil chiller with boiler
7552,32,medium_office,1,FuelOil,PVAV with gas heat with electric reheat
7553,10,primary_school,1,Propane,PVAV with gas boiler reheat
7554,43,large_office,1,DistrictHeating,VAV chiller with district hot water reheat
7555,42,quick_service_restaurant,0,Propane,PSZ-AC with gas coil
7556,44,large_hotel,1,DistrictHeating,DOAS with fan coil district chilled water with district hot water
7557,17,small_office,1,FuelOil,PSZ-AC with gas coil
7558,13,outpatient,1,Propane,PSZ-AC with gas coil
7559,20,large_office,0,Electricity,PVAV with PFP boxes
7560,100,large_office,0,DistrictHeating,VAV district chilled water with district hot water reheat
7561,34,outpatient,0,Propane,PSZ-AC with gas coil
7562,9,medium_office,1,FuelOil,VAV air-cooled chiller with gas boiler reheat
7563,105,small_office,1,Propane,PSZ-AC with gas coil
7564,100,hospital,1,DistrictHeating,VAV district chilled water with district hot water reheat
7565,24,grocery,1,Electricity,PSZ-AC with electric coil
7566,41,grocery,0,NaturalGas,PSZ-AC with gas coil
7567,41,primary_school,0,NaturalGas,PSZ-AC with gas coil
7568,16,medium_office,0,FuelOil,PSZ-AC with gas coil
7569,36,outpatient,2,Propane,PVAV with gas boiler reheat
7570,43,large_office,1,Electricity,VAV chiller with PFP boxes
7571,44,large_hotel,1,Electricity,DOAS with fan coil chiller with baseboard electric
7572,23,medium_office,0,NaturalGas,PSZ-AC with gas coil
7573,0,secondary_school,0,FuelOil,PSZ-AC with gas coil
7574,38,outpatient,2,FuelOil,PVAV with gas boiler reheat
7575,31,outpatient,1,NaturalGas,PSZ-AC with gas coil
7576,4,hospital,1,DistrictHeating,VAV district chilled water with district hot water reheat
7577,35,outpatient,2,DistrictHeating,VAV chiller with district hot water reheat
7578,16,large_office,1,NaturalGas,VAV chiller with gas boiler reheat
7579,100,large_office,0,Electricity,PVAV with PFP boxes
7580,41,primary_school,1,NaturalGas,PSZ-AC with gas coil
7581,23,outpatient,2,FuelOil,PVAV with gas boiler reheat
7582,101,retail,1,FuelOil,PSZ-AC with gas coil
7583,19,primary_school,1,Propane,VAV air-cooled chiller with gas boiler reheat
7584,49,outpatient,2,Electricity,PVAV with PFP boxes
7585,37,large_office,1,NaturalGas,VAV chiller with gas boiler reheat
7586,109,secondary_school,0,FuelOil,DOAS with fan coil air-cooled chiller with boiler
7587,0,secondary_school,1,FuelOil,VAV air-cooled chiller with gas boiler reheat
7588,104,warehouse,1,Propane,PSZ-AC with gas coil
7589,28,outpatient,0,FuelOil,PSZ-AC with gas coil
7590,7,secondary_school,0,FuelOil,PSZ-AC with gas coil
7591,44,secondary_school,1,FuelOil,VAV chiller with gas boiler reheat
7592,35,outpatient,2,Electricity,PVAV with PFP boxes
7593,23,warehouse,1,Electricity,PVAV with PFP boxes
7594,109,outpatient,0,NaturalGas,PSZ-AC with gas coil
7595,19,small_hotel,0,FuelOil,Residential AC with residential forced air furnace
7596,36,large_hotel,1,NaturalGas,DOAS with fan coil chiller with boiler
7597,41,small_hotel,0,NaturalGas,Residential AC with residential forced air furnace
7598,28,secondary_school,0,FuelOil,PSZ-AC with gas coil
7599,29,grocery,1,Propane,PSZ-AC with gas coil
7600,21,small_office,0,FuelOil,PSZ-AC with gas coil
7601,25,warehouse,1,FuelOil,PSZ-AC with gas coil
7602,49,large_hotel,1,Propane,DOAS with fan coil chiller with boiler
7603,110,outpatient,0,Electricity,PSZ-HP
7604,109,full_service_restaurant,1,DistrictHeating,VAV district chilled water with district hot water reheat
7605,47,hospital,1,NaturalGas,VAV chiller with gas boiler reheat
7606,14,full_service_restaurant,1,FuelOil,PSZ-AC with gas coil
7607,24,hospital,0,FuelOil,PVAV with gas boiler reheat
7608,43,large_hotel,1,NaturalGas,DOAS with fan coil chiller with boiler
7609,49,large_hotel,1,DistrictHeating,DOAS with fan coil chiller with district hot water
7610,106,large_office,1,DistrictHeating,VAV district chilled water with district hot water reheat
7611,110,grocery,1,Electricity,PSZ-AC with electric coil
7612,31,hospital,0,NaturalGas,VAV air-cooled chiller with gas boiler reheat
7613,33,outpatient,2,DistrictHeating,VAV chiller with district hot water reheat
7614,17,outpatient,1,Propane,PSZ-AC with gas coil
7615,18,outpatient,2,DistrictHeating,VAV chiller with district hot water reheat
7616,46,grocery,0,NaturalGas,PSZ-AC with gas coil
7617,16,primary_school,1,Propane,PSZ-AC with gas coil
7618,28,grocery,1,Electricity,PSZ-AC with electric coil
7619,21,medium_office,1,NaturalGas,PSZ-AC with gas coil
7620,106,large_office,1,Electricity,VAV chiller with PFP boxes
7621,14,small_hotel,0,Propane,Residential AC with residential forced air furnace
7622,47,outpatient,1,Propane,PSZ-AC with gas boiler
7623,40,outpatient,2,DistrictHeating,VAV chiller with district hot water reheat
7624,103,large_hotel,1,DistrictHeating,DOAS with fan coil district chilled water with district hot water
7625,31,strip_mall,1,Electricity,PSZ-AC with electric coil
7626,23,outpatient,0,Electricity,PSZ-AC with electric coil
7627,108,warehouse,1,Propane,PSZ-AC with gas coil
7628,17,small_office,1,Propane,PSZ-AC with gas coil
7629,12,hospital,1,DistrictHeating,VAV district chilled water with district hot water reheat
7630,1,grocery,0,Electricity,PSZ-AC with electric coil
7631,27,primary_school,1,FuelOil,PSZ-AC with gas coil
7632,23,primary_school,1,NaturalGas,PVAV with gas boiler reheat
7633,27,secondary_school,1,Electricity,PTHP
7634,20,outpatient,1,Electricity,PSZ-AC with electric coil
7635,39,warehouse,1,Propane,PSZ-AC with gas coil
7636,15,outpatient,1,FuelOil,PSZ-AC with gas boiler
7637,46,warehouse,1,Electricity,PSZ-AC with electric coil
7638,1,secondary_school,1,NaturalGas,VAV chiller with gas boiler reheat
7639,34,strip_mall,2,Electricity,PVAV with PFP boxes
7640,31,warehouse,1,Electricity,PSZ-AC with electric coil
7641,13,primary_school,0,FuelOil,PSZ-AC with gas coil
7642,3,primary_school,0,Electricity,PSZ-HP
7643,41,full_service_restaurant,1,NaturalGas,PSZ-AC with gas coil
7644,14,hospital,1,NaturalGas,VAV chiller with gas boiler reheat
7645,27,outpatient,1,Electricity,PSZ-AC with electric coil
7646,36,hospital,0,NaturalGas,VAV air-cooled chiller with gas boiler reheat
7647,103,full_service_restaurant,1,FuelOil,PSZ-AC with gas coil
7648,106,large_hotel,1,NaturalGas,DOAS with fan coil chiller with boiler
7649,30,large_office,1,FuelOil,VAV chiller with gas boiler reheat
7650,44,outpatient,1,Propane,PSZ-AC with gas boiler
7651,44,full_service_restaurant,1,Electricity,PSZ-AC with electric coil
7652,0,outpatient,1,NaturalGas,PSZ-AC with gas coil
7653,108,secondary_school,0,Propane,PSZ-AC with gas coil
7654,7,outpatient,0,NaturalGas,PSZ-AC with gas coil
7655,109,medium_office,0,Electricity,PSZ-AC with electric coil
7656,6,grocery,0,Propane,Residential AC with residential forced air furnace
7657,49,grocery,0,FuelOil,PSZ-AC with gas coil
7658,42,secondary_school,0,Propane,PSZ-AC with gas coil
7659,101,hospital,0,NaturalGas,VAV air-cooled chiller with gas boiler reheat
7660,39,secondary_school,0,Propane,PSZ-AC with gas coil
7661,32,outpatient,0,Propane,PSZ-AC with gas coil
7662,11,small_hotel,0,FuelOil,Residential AC with residential forced air furnace
7663,47,strip_mall,2,FuelOil,PSZ-AC with gas coil
7664,103,small_office,1,Propane,PSZ-AC with gas coil
7665,39,hospital,0,Electricity,PSZ-AC with electric coil
7666,105,retail,0,FuelOil,PSZ-AC with gas coil
7667,34,large_hotel,1,Electricity,PTAC with electric coil
7668,16,large_office,0,DistrictHeating,VAV district chilled water with district hot water reheat
7669,2,large_office,0,DistrictHeating,VAV district chilled water with district hot water reheat
7670,3,strip_mall,2,NaturalGas,PSZ-AC with gas coil
7671,37,grocery,0,Propane,Residential AC with residential forced air furnace
7672,32,outpatient,1,Propane,PSZ-AC with gas coil
7673,16,hospital,1,DistrictHeating,VAV district chilled water with district hot water reheat
7674,21,small_office,1,Propane,PSZ-AC with gas coil
7675,49,full_service_restaurant,1,Propane,PSZ-AC with gas coil
7676,107,large_hotel,1,Electricity,PTAC with electric coil
7677,49,quick_service_restaurant,0,FuelOil,PSZ-AC with gas coil
7678,20,outpatient,0,FuelOil,PSZ-AC with gas coil
7679,3,outpatient,2,Electricity,PVAV with PFP boxes
7680,39,grocery,1,FuelOil,PSZ-AC with gas coil
7681,100,secondary_school,1,FuelOil,VAV chiller with gas boiler reheat
7682,10,outpatient,1,Electricity,PSZ-AC with electric coil
7683,43,warehouse,1,Propane,PVAV with gas boiler reheat
7684,31,outpatient,0,Electricity,PSZ-AC with electric coil
7685,43,medium_office,0,NaturalGas,PSZ-AC with gas coil
7686,16,large_office,0,Electricity,PVAV with PFP boxes
7687,6,secondary_school,1,NaturalGas,VAV chiller with gas boiler reheat
7688,44,grocery,0,Propane,Residential AC with residential forced air furnace
7689,35,warehouse,1,Electricity,PVAV with PFP boxes
7690,37,large_hotel,1,NaturalGas,DOAS with fan coil chiller with boiler
7691,4,quick_service_restaurant,0,FuelOil,PSZ-AC with gas coil
7692,31,small_hotel,0,FuelOil,Residential AC with residential forced air furnace
7693,0,hospital,0,Electricity,PSZ-AC with electric coil
7694,40,secondary_school,0,FuelOil,PSZ-AC with gas coil
7695,107,secondary_school,1,FuelOil,PVAV with gas boiler reheat
7696,40,hospital,0,NaturalGas,VAV air-cooled chiller with gas boiler reheat
7697,21,large_hotel,0,NaturalGas,PTAC with gas boiler
7698,46,outpatient,2,Electricity,PVAV with PFP boxes
7699,22,large_hotel,1,DistrictHeating,DOAS with fan coil district chilled water with district hot water
7700,48,grocery,0,Propane,Residential AC with residential forced air furnace
7701,10,large_hotel,0,Propane,PTAC with gas coil
7702,34,small_office,1,FuelOil,PSZ-AC with gas coil
7703,22,secondary_school,1,Propane,VAV air-cooled chiller with gas boiler reheat
7704,15,grocery,1,FuelOil,PSZ-AC with gas coil
7705,41,grocery,1,Electricity,PSZ-AC with electric coil
7706,0,large_office,1,DistrictHeating,VAV district chilled water with district hot water reheat
7707,40,warehouse,1,Propane,PVAV with gas heat with electric reheat
7708,3,grocery,1,Electricity,PSZ-AC with electric coil
7709,21,large_office,0,DistrictHeating,VAV district chilled water with district hot water reheat
7710,7,strip_mall,2,NaturalGas,PSZ-AC with gas coil
7711,47,grocery,1,Electricity,PSZ-AC with electric coil
7712,13,secondary_school,0,Propane,PSZ-AC with gas boiler
7713,8,outpatient,2,Electricity,PVAV with PFP boxes
7714,21,medium_office,0,Electricity,PSZ-AC with electric coil
7715,15,outpatient,2,DistrictHeating,VAV chiller with district hot water reheat
7716,18,warehouse,1,FuelOil,PSZ-AC with gas coil
7717,1,outpatient,1,NaturalGas,PVAV with gas boiler reheat
7718,43,outpatient,0,Propane,PSZ-AC with gas coil
7719,43,primary_school,1,NaturalGas,DOAS with water source heat pumps cooling tower with boiler
7720,29,outpatient,1,Electricity,PSZ-AC with electric coil
7721,41,medium_office,1,NaturalGas,PSZ-AC with gas coil
7722,47,primary_school,1,Electricity,PVAV with PFP boxes
7723,24,outpatient,1,FuelOil,PSZ-AC with gas coil
7724,14,outpatient,1,Electricity,PSZ-AC with electric coil
7725,46,outpatient,1,NaturalGas,PSZ-AC with gas boiler
7726,35,outpatient,0,Electricity,PSZ-AC with electric coil
7727,101,grocery,1,FuelOil,PSZ-AC with gas coil
7728,10,hospital,1,DistrictHeating,VAV district chilled water with district hot water reheat
7729,38,secondary_school,1,FuelOil,VAV chiller with gas boiler reheat
7730,14,secondary_school,1,Electricity,PTHP
7731,24,secondary_school,1,FuelOil,PVAV with gas boiler reheat
7732,15,outpatient,2,Electricity,PVAV with PFP boxes
7733,46,secondary_school,1,NaturalGas,VAV chiller with gas boiler reheat
7734,105,outpatient,2,NaturalGas,PVAV with gas boiler reheat
7735,46,grocery,1,Propane,PSZ-AC with gas coil
7736,6,hospital,1,NaturalGas,VAV chiller with gas boiler reheat
7737,3,retail,1,FuelOil,PSZ-AC with gas coil
7738,5,hospital,1,FuelOil,VAV chiller with gas boiler reheat
7739,31,primary_school,1,Propane,PSZ-AC with gas coil
7740,13,outpatient,2,Propane,VAV chiller with gas boiler reheat
7741,38,small_office,1,FuelOil,PSZ-AC with gas coil
7742,48,hospital,0,NaturalGas,VAV air-cooled chiller with gas boiler reheat
7743,100,large_office,1,DistrictHeating,VAV district chilled water with district hot water reheat
7744,100,secondary_school,1,Propane,VAV chiller with gas boiler reheat
7745,34,outpatient,1,Propane,PSZ-AC with gas coil
7746,45,small_office,0,FuelOil,PSZ-AC with gas coil
7747,14,large_hotel,0,NaturalGas,PTAC with gas boiler
7748,26,large_hotel,1,Electricity,PTAC with electric coil
7749,107,large_office,0,DistrictHeating,VAV district chilled water with district hot water reheat
7750,29,hospital,0,Electricity,PSZ-AC with electric coil
7751,35,small_office,1,Electricity,PSZ-AC with electric coil
7752,106,secondary_school,0,Propane,PSZ-AC with gas coil
7753,23,medium_office,1,NaturalGas,PSZ-AC with gas coil
7754,15,large_hotel,1,NaturalGas,PTAC with gas boiler
7755,37,medium_office,1,FuelOil,VAV chiller with gas boiler reheat
7756,100,large_office,1,Electricity,PVAV with PFP boxes
7757,40,secondary_school,0,Propane,PSZ-AC with gas coil
7758,17,secondary_school,0,Propane,PTAC with gas boiler
7759,37,warehouse,1,FuelOil,PSZ-AC with gas coil
7760,47,large_hotel,1,Propane,DOAS with fan coil chiller with boiler
7761,27,strip_mall,2,Electricity,PVAV with PFP boxes
7762,44,warehouse,0,FuelOil,PSZ-AC with gas coil
7763,45,medium_office,1,NaturalGas,PVAV with gas boiler reheat
7764,7,secondary_school,1,FuelOil,VAV chiller with gas boiler reheat
7765,3,medium_office,0,FuelOil,PVAV with gas boiler reheat
7766,18,primary_school,1,FuelOil,VAV air-cooled chiller with gas boiler reheat
7767,14,large_office,0,DistrictHeating,VAV district chilled water with district hot water reheat
7768,33,secondary_school,1,Electricity,PTHP
7769,28,secondary_school,1,FuelOil,VAV chiller with gas boiler reheat
7770,18,secondary_school,1,Electricity,PTHP
7771,49,secondary_school,0,FuelOil,VAV air-cooled chiller with gas boiler reheat
7772,110,strip_mall,1,NaturalGas,PSZ-AC with gas coil
7773,35,secondary_school,1,NaturalGas,PVAV with gas boiler reheat
7774,15,large_office,1,DistrictHeating,VAV chiller with district hot water reheat
7775,110,retail,0,FuelOil,PSZ-AC with gas coil
7776,35,hospital,1,DistrictHeating,VAV district chilled water with district hot water reheat
7777,110,outpatient,1,Electricity,PSZ-AC with electric coil
7778,24,large_office,0,FuelOil,PVAV with gas boiler reheat
7779,14,large_office,0,Electricity,PVAV with PFP boxes
7780,46,large_office,0,NaturalGas,VAV chiller with gas boiler reheat
7781,105,medium_office,1,DistrictHeating,VAV district chilled water with district hot water reheat
7782,34,grocery,0,Propane,Residential AC with residential forced air furnace
7783,104,hospital,1,DistrictHeating,VAV district chilled water with district hot water reheat
7784,46,hospital,1,NaturalGas,VAV chiller with gas boiler reheat
7785,14,retail,0,FuelOil,PSZ-AC with gas coil
7786,43,full_service_restaurant,1,NaturalGas,PSZ-AC with gas coil
7787,12,large_hotel,1,NaturalGas,DOAS with fan coil chiller with boiler
7788,31,hospital,1,NaturalGas,VAV chiller with gas boiler reheat
7789,47,large_office,1,FuelOil,VAV chiller with gas boiler reheat
7790,30,hospital,0,FuelOil,VAV air-cooled chiller with gas boiler reheat
7791,32,large_office,0,NaturalGas,VAV chiller with gas boiler reheat
7792,15,large_office,1,Electricity,VAV chiller with PFP boxes
7793,100,large_hotel,1,NaturalGas,DOAS with fan coil air-cooled chiller with boiler
7794,27,large_hotel,1,Electricity,PTAC with electric coil
7795,110,warehouse,1,NaturalGas,PSZ-AC with gas coil
7796,17,outpatient,2,NaturalGas,PVAV with gas boiler reheat
7797,38,secondary_school,1,Propane,VAV chiller with gas boiler reheat
7798,16,outpatient,1,FuelOil,PVAV with gas boiler reheat
7799,43,small_hotel,0,NaturalGas,Residential AC with residential forced air furnace
7800,2,outpatient,2,NaturalGas,PVAV with gas boiler reheat
7801,38,outpatient,1,NaturalGas,PVAV with gas boiler reheat
7802,34,quick_service_restaurant,0,Propane,PSZ-AC with gas coil
7803,4,primary_school,0,Electricity,PSZ-AC with electric coil
7804,47,outpatient,2,NaturalGas,PVAV with gas boiler reheat
7805,31,strip_mall,2,Electricity,PVAV with PFP boxes
7806,24,outpatient,2,NaturalGas,PVAV with gas boiler reheat
7807,12,large_office,1,DistrictHeating,VAV district chilled water with district hot water reheat
7808,101,small_hotel,0,FuelOil,Residential AC with residential forced air furnace
7809,0,large_hotel,1,Propane,DOAS with fan coil chiller with boiler
7810,8,medium_office,0,FuelOil,PVAV with gas boiler reheat
7811,1,grocery,1,Electricity,PSZ-AC with electric coil
7812,33,large_office,0,DistrictHeating,VAV district chilled water with district hot water reheat
7813,38,small_office,1,Propane,PSZ-AC with gas coil
7814,44,primary_school,1,NaturalGas,DOAS with fan coil air-cooled chiller with boiler
7815,20,outpatient,2,Electricity,PVAV with PFP boxes
7816,1,primary_school,1,Electricity,PVAV with PFP boxes
7817,32,large_hotel,1,DistrictHeating,DOAS with fan coil chiller with district hot water
7818,12,retail,1,FuelOil,PSZ-AC with gas coil
7819,4,outpatient,2,DistrictHeating,VAV chiller with district hot water reheat
7820,36,secondary_school,1,FuelOil,VAV air-cooled chiller with gas boiler reheat
7821,27,outpatient,2,Electricity,PVAV with PFP boxes
7822,37,warehouse,1,Propane,PSZ-AC with gas coil
7823,6,secondary_school,0,NaturalGas,PSZ-AC with gas coil
7824,16,large_hotel,1,NaturalGas,DOAS with fan coil chiller with boiler
7825,2,large_hotel,1,NaturalGas,PTAC with gas boiler
7826,103,outpatient,2,NaturalGas,PVAV with gas boiler reheat
7827,104,large_hotel,1,NaturalGas,DOAS with fan coil chiller with boiler
7828,32,large_hotel,1,Electricity,PTAC with electric coil
7829,16,grocery,0,FuelOil,PSZ-AC with gas coil
7830,0,outpatient,2,NaturalGas,PVAV with gas boiler reheat
7831,48,outpatient,2,Electricity,PVAV with PFP boxes
7832,39,large_hotel,1,DistrictHeating,DOAS with fan coil district chilled water with district hot water
7833,32,full_service_restaurant,1,DistrictHeating,VAV district chilled water with district hot water reheat
7834,4,secondary_school,0,Propane,PSZ-AC with gas coil
7835,4,outpatient,2,Electricity,PVAV with PFP boxes
7836,7,outpatient,1,NaturalGas,PSZ-AC with gas coil
7837,109,medium_office,1,Electricity,PVAV with PFP boxes
7838,44,outpatient,2,NaturalGas,VAV chiller with gas boiler reheat
7839,32,hospital,1,FuelOil,VAV chiller with gas boiler reheat
7840,6,grocery,1,Propane,PSZ-AC with gas coil
7841,42,secondary_school,1,Propane,VAV air-cooled chiller with gas boiler reheat
7842,28,outpatient,1,NaturalGas,PSZ-AC with gas coil
7843,101,hospital,1,NaturalGas,VAV chiller with gas boiler reheat
7844,46,primary_school,1,FuelOil,DOAS with fan coil air-cooled chiller with boiler
7845,9,small_hotel,0,FuelOil,Residential AC with residential forced air furnace
7846,16,large_office,1,DistrictHeating,VAV chiller with district hot water reheat
7847,2,large_office,1,DistrictHeating,VAV district chilled water with district hot water reheat
7848,31,secondary_school,1,Propane,VAV chiller with gas boiler reheat
7849,12,medium_office,0,FuelOil,PVAV with gas boiler reheat
7850,32,outpatient,2,Propane,DOAS with fan coil air-cooled chiller with boiler
7851,41,grocery,0,Electricity,PSZ-AC with electric coil
7852,49,medium_office,1,FuelOil,PVAV with gas boiler reheat
7853,41,primary_school,0,Electricity,PSZ-AC with electric coil
7854,34,medium_office,0,NaturalGas,PVAV with gas boiler reheat
7855,23,large_office,0,DistrictHeating,VAV district chilled water with district hot water reheat
7856,23,hospital,1,DistrictHeating,VAV district chilled water with district hot water reheat
7857,15,secondary_school,0,Propane,PSZ-AC with gas coil
7858,31,outpatient,1,Electricity,PSZ-AC with electric coil
7859,43,medium_office,1,NaturalGas,VAV air-cooled chiller with gas boiler reheat
7860,9,outpatient,2,Propane,VAV chiller with gas boiler reheat
7861,16,large_office,1,Electricity,VAV chiller with PFP boxes
7862,25,large_hotel,1,DistrictHeating,DOAS with fan coil district chilled water with district hot water
7863,44,hospital,1,DistrictHeating,VAV district chilled water with district hot water reheat
7864,36,large_hotel,1,DistrictHeating,DOAS with fan coil chiller with district hot water
7865,105,secondary_school,0,FuelOil,PSZ-AC with gas coil
7866,100,warehouse,1,Propane,PSZ-AC with gas coil
7867,37,outpatient,0,Propane,PSZ-AC with gas coil
7868,8,primary_school,1,FuelOil,PVAV with gas boiler reheat
7869,37,large_office,1,Electricity,VAV chiller with PFP boxes
7870,40,secondary_school,1,FuelOil,VAV chiller with gas boiler reheat
7871,7,grocery,0,NaturalGas,PSZ-AC with gas coil
7872,1,full_service_restaurant,1,DistrictHeating,VAV district chilled water with district hot water reheat
7873,29,secondary_school,0,Electricity,PSZ-AC with electric coil
7874,44,grocery,1,NaturalGas,PSZ-AC with gas coil
7875,109,outpatient,0,Electricity,PSZ-AC with electric coil
7876,109,large_hotel,1,NaturalGas,DOAS with fan coil chiller with boiler
7877,48,grocery,1,Propane,PSZ-AC with gas coil
7878,10,primary_school,0,Propane,PVAV with gas boiler reheat
7879,20,retail,1,FuelOil,PSZ-AC with gas coil
7880,36,large_office,0,FuelOil,VAV chiller with gas boiler reheat
7881,41,strip_mall,1,NaturalGas,PSZ-AC with gas coil
7882,44,medium_office,1,DistrictHeating,VAV district chilled water with district hot water reheat
7883,28,medium_office,0,Propane,PSZ-AC with gas coil
7884,43,large_hotel,1,Electricity,DOAS with fan coil chiller with baseboard electric
7885,36,outpatient,1,Propane,PSZ-AC with gas coil
7886,27,retail,1,FuelOil,PSZ-AC with gas coil
7887,31,hospital,0,Electricity,PSZ-AC with electric coil
7888,43,hospital,1,FuelOil,VAV air-cooled chiller with gas boiler reheat
7889,44,small_hotel,0,NaturalGas,Residential AC with residential forced air furnace
7890,100,secondary_school,0,Propane,PSZ-AC with gas coil
7891,3,primary_school,1,Propane,VAV air-cooled chiller with gas boiler reheat
7892,43,secondary_school,1,NaturalGas,VAV chiller with gas boiler reheat
7893,42,large_office,0,DistrictHeating,VAV district chilled water with district hot water reheat
7894,46,grocery,0,Electricity,PSZ-AC with electric coil
7895,44,medium_office,1,Electricity,PVAV with PFP boxes
7896,110,warehouse,0,Electricity,PSZ-AC with electric coil
7897,4,retail,1,FuelOil,PSZ-AC with gas coil
7898,21,medium_office,1,Electricity,PVAV with PFP boxes
7899,1,outpatient,2,NaturalGas,VAV chiller with gas boiler reheat
7900,3,warehouse,1,NaturalGas,PSZ-AC with gas coil
7901,42,medium_office,0,Electricity,PSZ-AC with electric coil
7902,13,full_service_restaurant,1,DistrictHeating,VAV district chilled water with district hot water reheat
7903,42,hospital,1,NaturalGas,VAV chiller with gas boiler reheat
7904,3,small_hotel,0,FuelOil,Residential AC with residential forced air furnace
7905,22,outpatient,2,NaturalGas,PVAV with gas boiler reheat
7906,23,warehouse,0,FuelOil,PSZ-AC with gas coil
7907,43,outpatient,1,NaturalGas,PSZ-AC with gas coil
7908,34,primary_school,1,NaturalGas,PVAV with gas boiler reheat
7909,106,grocery,0,FuelOil,PSZ-AC with gas coil
7910,8,hospital,1,DistrictHeating,VAV district chilled water with district hot water reheat
7911,30,secondary_school,1,FuelOil,VAV chiller with gas boiler reheat
7912,12,secondary_school,1,Electricity,PTHP
7913,41,quick_service_restaurant,0,FuelOil,PSZ-AC with gas coil
7914,18,primary_school,0,FuelOil,PSZ-AC with gas coil
7915,23,primary_school,1,Electricity,PVAV with PFP boxes
7916,17,large_hotel,0,Propane,PTAC with gas coil
7917,101,outpatient,1,Electricity,PSZ-AC with electric coil
7918,41,full_service_restaurant,1,DistrictHeating,VAV district chilled water with district hot water reheat
7919,44,primary_school,0,Electricity,PSZ-HP
7920,18,large_hotel,1,DistrictHeating,DOAS with fan coil district chilled water with district hot water
7921,106,large_hotel,1,DistrictHeating,DOAS with fan coil district chilled water with district hot water
7922,43,retail,1,Propane,PSZ-AC with gas coil
7923,49,medium_office,1,Propane,PVAV with gas heat with electric reheat
7924,43,small_office,1,Propane,PSZ-AC with gas coil
7925,1,hospital,1,DistrictHeating,VAV district chilled water with district hot water reheat
7926,101,small_office,1,Propane,PSZ-AC with gas coil
7927,0,primary_school,1,Propane,VAV air-cooled chiller with gas boiler reheat
7928,1,secondary_school,1,Electricity,PTHP
7929,40,large_hotel,1,DistrictHeating,DOAS with fan coil chiller with district hot water
7930,109,full_service_restaurant,0,FuelOil,PSZ-AC with gas coil
7931,41,full_service_restaurant,1,Electricity,PSZ-AC with electric coil
7932,102,large_hotel,1,NaturalGas,DOAS with fan coil air-cooled chiller with boiler
7933,14,grocery,0,FuelOil,PSZ-AC with gas coil
7934,105,hospital,0,NaturalGas,VAV air-cooled chiller with gas boiler reheat
7935,11,medium_office,1,DistrictHeating,VAV district chilled water with district hot water reheat
7936,106,large_hotel,1,Electricity,PTAC with electric coil
7937,48,hospital,1,FuelOil,VAV chiller with gas boiler reheat
7938,34,outpatient,2,NaturalGas,DOAS with fan coil air-cooled chiller with boiler
7939,11,large_office,0,NaturalGas,VAV chiller with gas boiler reheat
7940,40,secondary_school,1,Propane,VAV air-cooled chiller with gas boiler reheat
7941,18,outpatient,1,FuelOil,PSZ-AC with gas coil
7942,3,outpatient,0,NaturalGas,PSZ-AC with gas coil
7943,30,outpatient,2,DistrictHeating,VAV chiller with district hot water reheat
7944,17,secondary_school,1,Propane,PVAV with gas boiler reheat
7945,17,outpatient,0,FuelOil,PSZ-AC with gas coil
7946,47,outpatient,0,NaturalGas,PSZ-AC with gas coil
7947,108,primary_school,0,Electricity,PSZ-AC with electric coil
7948,24,secondary_school,0,Propane,DOAS with fan coil air-cooled chiller with boiler
7949,5,outpatient,2,NaturalGas,VAV chiller with gas boiler reheat
7950,28,primary_school,1,Propane,PSZ-AC with gas coil
7951,44,warehouse,1,FuelOil,PVAV with gas boiler reheat
7952,27,primary_school,0,FuelOil,PSZ-AC with gas coil
7953,3,medium_office,1,FuelOil,PVAV with gas heat with electric reheat
7954,47,outpatient,1,NaturalGas,PSZ-AC with gas coil
7955,28,small_hotel,0,FuelOil,Residential AC with residential forced air furnace
7956,110,strip_mall,2,NaturalGas,PSZ-AC with gas coil
7957,23,large_hotel,1,Propane,DOAS with fan coil chiller with boiler
7958,3,strip_mall,2,Electricity,PVAV with PFP boxes
7959,45,primary_school,0,NaturalGas,PSZ-AC with gas coil
7960,37,large_hotel,1,DistrictHeating,DOAS with fan coil chiller with district hot water
7961,49,primary_school,0,Electricity,PSZ-AC with electric coil
7962,18,small_office,1,FuelOil,PSZ-AC with gas coil
7963,104,full_service_restaurant,1,DistrictHeating,VAV district chilled water with district hot water reheat
7964,103,secondary_school,0,FuelOil,PSZ-AC with gas coil
7965,46,medium_office,1,FuelOil,PSZ-AC with gas coil
7966,20,primary_school,1,FuelOil,PVAV with gas boiler reheat
7967,43,medium_office,0,Electricity,PSZ-AC with electric coil
7968,1,secondary_school,0,FuelOil,PSZ-AC with gas coil
7969,32,warehouse,1,FuelOil,PSZ-AC with gas coil
7970,4,primary_school,1,Propane,PSZ-AC with gas coil
7971,12,grocery,1,FuelOil,PSZ-AC with gas coil
7972,36,large_office,1,Electricity,PVAV with PFP boxes
7973,11,primary_school,0,Propane,PSZ-AC with gas coil
7974,16,warehouse,1,Propane,PVAV with gas boiler reheat
7975,4,outpatient,0,Electricity,PSZ-HP
7976,18,grocery,0,FuelOil,PSZ-AC with gas coil
7977,109,retail,1,FuelOil,PSZ-AC with gas coil
7978,110,secondary_school,0,FuelOil,DOAS with fan coil air-cooled chiller with boiler
7979,40,hospital,0,Electricity,PSZ-AC with electric coil
7980,21,large_hotel,0,Electricity,PTAC with electric coil
7981,110,full_service_restaurant,0,FuelOil,PSZ-AC with gas coil
7982,16,outpatient,2,FuelOil,VAV chiller with gas boiler reheat
7983,38,outpatient,2,NaturalGas,PVAV with gas boiler reheat
7984,45,outpatient,1,NaturalGas,PSZ-AC with gas coil
7985,18,primary_school,0,Propane,PSZ-AC with gas coil
7986,108,grocery,0,FuelOil,PSZ-AC with gas coil
7987,107,medium_office,1,DistrictHeating,VAV district chilled water with district hot water reheat
7988,7,secondary_school,0,NaturalGas,PSZ-AC with gas coil
7989,44,secondary_school,1,NaturalGas,PVAV with gas boiler reheat
7990,46,primary_school,0,FuelOil,PSZ-AC with gas coil
7991,45,outpatient,2,NaturalGas,VAV air-cooled chiller with gas boiler reheat
7992,8,medium_office,1,FuelOil,PVAV with gas boiler reheat
7993,33,large_office,1,DistrictHeating,VAV chiller with district hot water reheat
7994,18,quick_service_restaurant,0,FuelOil,PSZ-AC with gas coil
7995,7,full_service_restaurant,1,NaturalGas,PSZ-AC with gas coil
7996,40,large_office,0,DistrictHeating,VAV district chilled water with district hot water reheat
7997,48,medium_office,0,Propane,PSZ-AC with gas coil
7998,32,secondary_school,0,FuelOil,PSZ-AC with gas coil
7999,27,warehouse,1,Propane,PSZ-AC with gas coil
8000,108,large_hotel,1,DistrictHeating,DOAS with fan coil chiller with district hot water
8001,21,primary_school,1,FuelOil,PVAV with gas boiler reheat
8002,39,grocery,0,FuelOil,PSZ-AC with gas coil
8003,7,grocery,1,Propane,PSZ-AC with gas coil
8004,26,medium_office,1,DistrictHeating,VAV district chilled water with district hot water reheat
8005,15,medium_office,1,FuelOil,PVAV with gas heat with electric reheat
8006,3,hospital,1,NaturalGas,VAV chiller with gas boiler reheat
8007,1,outpatient,1,Electricity,PVAV with PFP boxes
8008,43,primary_school,1,Electricity,PVAV with PFP boxes
8009,24,hospital,0,NaturalGas,PVAV with gas boiler reheat
8010,47,large_office,0,DistrictHeating,VAV district chilled water with district hot water reheat
8011,18,outpatient,1,Propane,PSZ-AC with gas boiler
8012,108,full_service_restaurant,1,DistrictHeating,VAV district chilled water with district hot water reheat
8013,107,secondary_school,0,FuelOil,PSZ-AC with gas coil
8014,11,outpatient,2,DistrictHeating,VAV chiller with district hot water reheat
8015,102,warehouse,1,Propane,PSZ-AC with gas coil
8016,46,outpatient,1,Electricity,PVAV with PFP boxes
8017,6,hospital,1,DistrictHeating,VAV district chilled water with district hot water reheat
8018,10,secondary_school,1,Electricity,PTHP
8019,21,warehouse,1,Propane,PSZ-AC with gas coil
8020,16,grocery,1,FuelOil,PSZ-AC with gas coil
8021,43,warehouse,0,FuelOil,PSZ-AC with gas coil
8022,31,secondary_school,0,Electricity,PSZ-AC with electric coil
8023,41,secondary_school,0,FuelOil,VAV air-cooled chiller with gas boiler reheat
8024,46,secondary_school,1,Electricity,PTHP
8025,27,primary_school,0,Propane,PVAV with gas boiler reheat
8026,42,grocery,1,Electricity,PSZ-AC with electric coil
8027,45,grocery,0,NaturalGas,PSZ-AC with gas coil
8028,8,large_hotel,1,DistrictHeating,DOAS with fan coil chiller with district hot water
8029,39,full_service_restaurant,1,DistrictHeating,VAV district chilled water with district hot water reheat
8030,27,secondary_school,0,Propane,DOAS with fan coil air-cooled chiller with boiler
8031,28,outpatient,2,NaturalGas,PVAV with gas boiler reheat
8032,5,outpatient,0,Propane,PSZ-AC with gas coil
8033,49,outpatient,1,NaturalGas,PSZ-AC with gas coil
8034,45,medium_office,0,Propane,PSZ-AC with gas coil
8035,31,warehouse,0,Propane,PSZ-AC with gas coil
8036,15,large_hotel,1,DistrictHeating,DOAS with fan coil chiller with district hot water
8037,25,grocery,0,Propane,Residential AC with residential forced air furnace
8038,4,secondary_school,1,FuelOil,PSZ-AC with gas boiler
8039,5,primary_school,1,FuelOil,VAV chiller with gas boiler reheat
8040,110,retail,1,NaturalGas,PSZ-AC with gas coil
8041,31,medium_office,1,Propane,PVAV with gas boiler reheat
8042,108,outpatient,2,NaturalGas,PVAV with gas boiler reheat
8043,27,grocery,1,Electricity,PSZ-AC with electric coil
8044,100,grocery,1,Electricity,PSZ-AC with electric coil
8045,32,warehouse,1,Propane,PSZ-AC with gas coil
8046,1,outpatient,0,NaturalGas,PSZ-AC with gas coil
8047,22,secondary_school,0,FuelOil,PSZ-AC with gas coil
8048,41,medium_office,0,NaturalGas,PSZ-AC with gas coil
8049,15,secondary_school,1,Propane,PVAV with gas boiler reheat
8050,23,large_office,1,NaturalGas,VAV chiller with gas boiler reheat
8051,29,outpatient,0,FuelOil,PSZ-AC with gas coil
8052,15,outpatient,0,FuelOil,PSZ-AC with gas coil
8053,23,medium_office,1,Electricity,PVAV with PFP boxes
8054,0,large_office,0,FuelOil,VAV chiller with gas boiler reheat
8055,15,large_hotel,1,Electricity,PTAC with electric coil
8056,24,warehouse,1,Electricity,PSZ-AC with electric coil
8057,21,grocery,0,NaturalGas,PSZ-AC with gas coil
8058,31,outpatient,2,FuelOil,PVAV with gas boiler reheat
8059,20,small_hotel,0,FuelOil,Residential AC with residential forced air furnace
8060,39,outpatient,2,NaturalGas,PVAV with gas boiler reheat
8061,7,hospital,1,NaturalGas,VAV chiller with gas boiler reheat
8062,5,small_hotel,0,FuelOil,Residential AC with residential forced air furnace
8063,48,primary_school,1,Electricity,PVAV with PFP boxes
8064,37,outpatient,1,Propane,PSZ-AC with gas boiler
8065,45,large_office,1,NaturalGas,VAV chiller with gas boiler reheat
8066,28,hospital,0,NaturalGas,VAV air-cooled chiller with gas boiler reheat
8067,14,hospital,0,NaturalGas,PSZ-AC with gas coil
8068,45,medium_office,1,Electricity,PSZ-AC with electric coil
8069,6,large_hotel,0,NaturalGas,PTAC with gas boiler
8070,29,secondary_school,1,Electricity,PTHP
8071,15,full_service_restaurant,1,FuelOil,PSZ-AC with gas coil
8072,46,hospital,1,DistrictHeating,VAV district chilled water with district hot water reheat
8073,41,strip_mall,2,NaturalGas,PSZ-AC with gas coil
8074,110,strip_mall,1,Electricity,PSZ-AC with electric coil
8075,100,large_hotel,1,DistrictHeating,DOAS with fan coil chiller with district hot water
8076,10,outpatient,0,Propane,PSZ-AC with gas coil
8077,28,medium_office,1,Propane,VAV chiller with gas boiler reheat
8078,20,large_hotel,1,Propane,DOAS with fan coil chiller with boiler
8079,105,full_service_restaurant,1,FuelOil,PSZ-AC with gas coil
8080,46,large_office,0,Electricity,PVAV with PFP boxes
8081,7,medium_office,1,NaturalGas,PVAV with gas heat with electric reheat
8082,35,medium_office,0,Propane,PVAV with gas boiler reheat
8083,14,warehouse,1,Propane,PSZ-AC with gas coil
8084,31,grocery,0,FuelOil,PSZ-AC with gas coil
8085,20,large_hotel,1,DistrictHeating,DOAS with fan coil chiller with district hot water
8086,43,full_service_restaurant,1,Electricity,PSZ-AC with electric coil
8087,29,outpatient,2,FuelOil,PVAV with gas boiler reheat
8088,100,large_hotel,1,Electricity,PTAC with electric coil
8089,42,quick_service_restaurant,0,FuelOil,PSZ-AC with gas coil
8090,107,secondary_school,0,Propane,PSZ-AC with gas coil
8091,24,primary_school,1,Propane,VAV chiller with gas boiler reheat
8092,110,warehouse,1,Electricity,PSZ-AC with electric coil
8093,35,outpatient,1,FuelOil,PSZ-AC with gas coil
8094,35,medium_office,1,Propane,PVAV with gas boiler reheat
8095,36,warehouse,1,Propane,PSZ-AC with gas coil
8096,47,outpatient,2,DistrictHeating,VAV chiller with district hot water reheat
8097,34,outpatient,0,FuelOil,PSZ-AC with gas coil
8098,100,secondary_school,1,NaturalGas,PVAV with gas boiler reheat
8099,42,medium_office,1,Electricity,PVAV with PFP boxes
8100,35,medium_office,1,DistrictHeating,VAV district chilled water with district hot water reheat
8101,49,large_office,0,NaturalGas,VAV chiller with gas boiler reheat
8102,41,outpatient,0,NaturalGas,PSZ-AC with gas coil
8103,36,outpatient,2,FuelOil,PVAV with gas boiler reheat
8104,43,outpatient,2,NaturalGas,VAV air-cooled chiller with gas boiler reheat
8105,46,small_hotel,0,NaturalGas,Residential AC with residential forced air furnace
8106,33,hospital,0,NaturalGas,VAV air-cooled chiller with gas boiler reheat
8107,47,outpatient,2,Electricity,PVAV with PFP boxes
8108,35,large_office,1,NaturalGas,VAV chiller with gas boiler reheat
8109,24,outpatient,2,Electricity,PVAV with PFP boxes
8110,39,medium_office,1,DistrictHeating,VAV district chilled water with district hot water reheat
8111,21,primary_school,0,Electricity,PSZ-AC with electric coil
8112,15,large_office,0,DistrictHeating,VAV district chilled water with district hot water reheat
8113,100,outpatient,1,NaturalGas,PSZ-AC with gas coil
8114,8,full_service_restaurant,1,DistrictHeating,VAV district chilled water with district hot water reheat
8115,5,grocery,1,Propane,PSZ-AC with gas coil
8116,30,small_hotel,0,FuelOil,Residential AC with residential forced air furnace
8117,109,primary_school,0,Electricity,PSZ-HP
8118,46,large_hotel,0,NaturalGas,PTAC with gas boiler
8119,44,primary_school,1,Electricity,PVAV with PFP boxes
8120,36,hospital,1,DistrictHeating,VAV district chilled water with district hot water reheat
8121,17,large_hotel,1,DistrictHeating,DOAS with fan coil chiller with district hot water
8122,103,hospital,1,NaturalGas,VAV chiller with gas boiler reheat
8123,110,grocery,1,FuelOil,PSZ-AC with gas coil
8124,28,primary_school,0,Electricity,PSZ-AC with electric coil
8125,2,large_hotel,1,DistrictHeating,DOAS with fan coil chiller with district hot water
8126,15,large_office,0,Electricity,PVAV with PFP boxes
8127,105,large_hotel,1,DistrictHeating,DOAS with fan coil chiller with district hot water
8128,106,full_service_restaurant,1,DistrictHeating,VAV district chilled water with district hot water reheat
8129,8,outpatient,1,Propane,PVAV with gas boiler reheat
8130,29,outpatient,0,Propane,PSZ-AC with gas coil
8131,18,small_office,0,FuelOil,Residential AC with residential forced air furnace
8132,100,small_office,1,Propane,PSZ-AC with gas coil
8133,29,grocery,1,FuelOil,PSZ-AC with gas coil
8134,48,small_hotel,0,Propane,Residential AC with residential forced air furnace
8135,24,large_hotel,1,Propane,DOAS with fan coil air-cooled chiller with boiler
8136,109,full_service_restaurant,1,FuelOil,PSZ-AC with gas coil
8137,33,warehouse,1,Propane,PVAV with gas boiler reheat
8138,35,grocery,0,FuelOil,PSZ-AC with gas coil
8139,24,large_hotel,1,DistrictHeating,DOAS with fan coil district chilled water with district hot water
8140,3,grocery,0,Electricity,PSZ-AC with electric coil
8141,43,grocery,0,NaturalGas,PSZ-AC with gas coil
8142,2,large_hotel,1,Electricity,PTAC with electric coil
8143,101,hospital,1,DistrictHeating,VAV district chilled water with district hot water reheat
8144,103,outpatient,2,Electricity,PVAV with PFP boxes
8145,11,large_office,1,NaturalGas,VAV chiller with gas boiler reheat
8146,7,outpatient,1,Electricity,PSZ-AC with electric coil
8147,17,outpatient,1,FuelOil,PSZ-AC with gas coil
8148,44,outpatient,2,Electricity,PVAV with PFP boxes
8149,35,primary_school,0,Propane,PSZ-AC with gas coil
8150,43,grocery,1,NaturalGas,PSZ-AC with gas coil
8151,24,outpatient,1,NaturalGas,PSZ-AC with gas coil
8152,24,large_hotel,1,Electricity,PTAC with electric coil
8153,3,secondary_school,1,NaturalGas,PVAV with gas boiler reheat
8154,23,outpatient,0,FuelOil,PSZ-AC with gas coil
8155,28,outpatient,1,Electricity,PSZ-AC with electric coil
8156,45,outpatient,0,NaturalGas,PSZ-AC with gas coil
8157,7,small_office,1,Propane,PSZ-AC with gas coil
8158,6,warehouse,0,Propane,PSZ-AC with gas coil
8159,49,outpatient,0,Electricity,PSZ-AC with electric coil
8160,16,secondary_school,1,FuelOil,PVAV with gas boiler reheat
8161,2,secondary_school,1,FuelOil,PVAV with gas boiler reheat
8162,42,primary_school,1,Electricity,PVAV with PFP boxes
8163,24,secondary_school,1,NaturalGas,PVAV with gas boiler reheat
8164,3,quick_service_restaurant,0,Electricity,PSZ-AC with electric coil
8165,31,large_hotel,1,NaturalGas,DOAS with fan coil chiller with boiler
8166,37,secondary_school,0,FuelOil,PSZ-AC with gas coil
8167,13,large_office,1,DistrictHeating,VAV district chilled water with district hot water reheat
8168,106,outpatient,2,NaturalGas,PVAV with gas boiler reheat
8169,45,secondary_school,0,NaturalGas,PSZ-AC with gas coil
8170,24,grocery,1,Propane,PSZ-AC with gas coil
8171,43,medium_office,1,DistrictHeating,VAV district chilled water with district hot water reheat
8172,27,outpatient,0,FuelOil,PSZ-AC with gas coil
8173,107,hospital,0,NaturalGas,VAV air-cooled chiller with gas boiler reheat
8174,46,warehouse,1,FuelOil,PSZ-AC with gas coil
8175,30,grocery,0,Propane,Residential AC with residential forced air furnace
8176,41,hospital,0,NaturalGas,VAV air-cooled chiller with gas boiler reheat
8177,28,large_hotel,0,Propane,PTAC with gas coil
8178,6,large_office,0,NaturalGas,VAV chiller with gas boiler reheat
8179,4,medium_office,0,Propane,PSZ-AC with gas coil
8180,35,full_service_restaurant,1,Electricity,PSZ-AC with electric coil
8181,43,medium_office,1,Electricity,PVAV with PFP boxes
8182,109,large_hotel,1,DistrictHeating,DOAS with fan coil district chilled water with district hot water
8183,42,small_office,1,Electricity,PVAV with PFP boxes
8184,103,primary_school,0,Electricity,PSZ-HP
8185,27,large_office,0,NaturalGas,PVAV with gas boiler reheat
8186,18,outpatient,0,Propane,PSZ-AC with gas coil
8187,49,outpatient,2,DistrictHeating,VAV chiller with district hot water reheat
8188,23,warehouse,1,Propane,PSZ-AC with gas coil
8189,109,hospital,1,NaturalGas,VAV chiller with gas boiler reheat
8190,35,large_hotel,0,Propane,PTAC with gas coil
8191,44,grocery,1,Electricity,PSZ-AC with electric coil
8192,42,large_hotel,0,Electricity,PTAC with electric coil
8193,109,large_hotel,1,Electricity,PTAC with electric coil
8194,45,small_hotel,0,Propane,Residential AC with residential forced air furnace
8195,20,strip_mall,2,Electricity,PVAV with PFP boxes
8196,109,secondary_school,1,NaturalGas,PVAV with gas boiler reheat
8197,26,strip_mall,1,Electricity,PSZ-AC with electric coil
8198,108,secondary_school,0,FuelOil,PSZ-AC with gas coil
8199,6,primary_school,0,NaturalGas,PSZ-AC with gas coil
8200,7,large_office,0,DistrictHeating,VAV district chilled water with district hot water reheat
8201,7,secondary_school,1,NaturalGas,VAV chiller with gas boiler reheat
8202,11,secondary_school,1,Electricity,PTHP
8203,42,secondary_school,0,FuelOil,PVAV with gas heat with electric reheat
8204,48,medium_office,1,Propane,PVAV with gas boiler reheat
8205,32,secondary_school,1,FuelOil,VAV chiller with gas boiler reheat
8206,109,strip_mall,2,Electricity,PVAV with PFP boxes
8207,103,retail,0,FuelOil,PSZ-AC with gas coil
8208,48,warehouse,1,Propane,PSZ-AC with gas coil
8209,10,outpatient,1,FuelOil,PSZ-AC with gas coil
8210,109,outpatient,1,NaturalGas,PVAV with gas boiler reheat
8211,7,large_office,0,Electricity,PVAV with PFP boxes
8212,17,large_office,0,FuelOil,PVAV with gas boiler reheat
8213,22,outpatient,2,DistrictHeating,VAV chiller with district hot water reheat
8214,31,outpatient,0,FuelOil,PSZ-AC with gas coil
8215,24,large_office,0,NaturalGas,PVAV with gas boiler reheat
8216,21,retail,0,FuelOil,PSZ-AC with gas coil
8217,110,small_office,1,NaturalGas,PSZ-AC with gas coil
8218,14,strip_mall,2,Electricity,PVAV with PFP boxes
8219,1,outpatient,2,Electricity,PVAV with PFP boxes
8220,8,primary_school,0,FuelOil,PVAV with gas heat with electric reheat
8221,24,hospital,1,NaturalGas,VAV chiller with gas boiler reheat
8222,21,small_office,1,FuelOil,PSZ-AC with gas coil
8223,45,hospital,0,NaturalGas,PVAV with gas boiler reheat
8224,4,grocery,0,Electricity,PSZ-AC with electric coil
8225,30,hospital,0,NaturalGas,VAV air-cooled chiller with gas boiler reheat
8226,42,retail,0,FuelOil,PSZ-AC with gas coil
8227,47,large_office,1,NaturalGas,VAV chiller with gas boiler reheat
8228,104,large_office,0,DistrictHeating,VAV district chilled water with district hot water reheat
8229,43,outpatient,1,Electricity,PVAV with PFP boxes
8230,107,primary_school,0,Electricity,PSZ-AC with electric coil
8231,23,outpatient,0,Propane,PSZ-AC with gas coil
8232,31,large_office,0,NaturalGas,PVAV with gas boiler reheat
8233,16,secondary_school,1,Propane,PVAV with gas boiler reheat
8234,34,primary_school,1,Electricity,DOAS with water source heat pumps with ground source heat pump
8235,16,outpatient,1,NaturalGas,PSZ-AC with gas coil
8236,29,large_hotel,1,DistrictHeating,DOAS with fan coil chiller with district hot water
8237,12,quick_service_restaurant,0,Propane,PSZ-AC with gas coil
8238,1,full_service_restaurant,0,FuelOil,PSZ-AC with gas coil
8239,20,outpatient,1,Propane,PVAV with gas boiler reheat
8240,42,warehouse,1,NaturalGas,PSZ-AC with gas coil
8241,49,small_hotel,0,Propane,Residential AC with residential forced air furnace
8242,5,outpatient,1,Propane,PVAV with gas boiler reheat
8243,27,outpatient,0,Propane,PSZ-AC with gas coil
8244,102,large_hotel,1,DistrictHeating,DOAS with fan coil chiller with district hot water
8245,46,warehouse,1,Propane,PSZ-AC with gas coil
8246,107,full_service_restaurant,1,FuelOil,PSZ-AC with gas coil
8247,37,full_service_restaurant,1,DistrictHeating,VAV district chilled water with district hot water reheat
8248,31,warehouse,1,Propane,PSZ-AC with gas coil
8249,3,primary_school,0,Propane,PSZ-AC with gas coil
8250,11,large_office,0,DistrictHeating,VAV district chilled water with district hot water reheat
8251,6,outpatient,2,Propane,PVAV with gas boiler reheat
8252,27,outpatient,1,Propane,PVAV with gas boiler reheat
8253,15,warehouse,0,Propane,PSZ-AC with gas coil
8254,16,small_office,1,Propane,PSZ-AC with gas coil
8255,110,quick_service_restaurant,0,NaturalGas,PSZ-AC with gas coil
8256,22,secondary_school,1,FuelOil,PVAV with gas boiler reheat
8257,21,quick_service_restaurant,0,FuelOil,PSZ-AC with gas coil
8258,29,outpatient,1,FuelOil,PSZ-AC with gas coil
8259,42,hospital,0,NaturalGas,PSZ-AC with gas coil
8260,48,outpatient,1,Propane,PSZ-AC with gas coil
8261,44,full_service_restaurant,1,DistrictHeating,VAV district chilled water with district hot water reheat
8262,43,secondary_school,0,FuelOil,PSZ-AC with gas coil
8263,34,outpatient,2,Electricity,PVAV with PFP boxes
8264,0,large_office,1,FuelOil,VAV chiller with gas boiler reheat
8265,48,secondary_school,1,Electricity,PTHP
8266,11,large_office,0,Electricity,PVAV with PFP boxes
8267,101,secondary_school,0,FuelOil,PVAV with gas heat with electric reheat
8268,3,outpatient,0,Electricity,PSZ-AC with electric coil
8269,13,outpatient,0,FuelOil,PSZ-AC with gas coil
8270,5,small_office,1,Propane,PSZ-AC with gas coil
8271,11,retail,0,FuelOil,PSZ-AC with gas coil
8272,47,outpatient,0,Electricity,PSZ-HP
8273,14,secondary_school,1,FuelOil,PVAV with gas boiler reheat
8274,13,secondary_school,0,FuelOil,PSZ-AC with gas boiler
8275,49,hospital,0,NaturalGas,VAV air-cooled chiller with gas boiler reheat
8276,3,secondary_school,0,Electricity,PSZ-AC with electric coil
8277,102,secondary_school,1,FuelOil,VAV chiller with gas boiler reheat
8278,35,hospital,0,NaturalGas,VAV air-cooled chiller with gas boiler reheat
8279,6,large_hotel,1,NaturalGas,DOAS with fan coil chiller with boiler
8280,108,hospital,0,NaturalGas,VAV air-cooled chiller with gas boiler reheat
8281,110,full_service_restaurant,1,NaturalGas,PSZ-AC with gas coil
8282,26,outpatient,2,Electricity,PVAV with PFP boxes
8283,48,outpatient,1,Electricity,PSZ-AC with electric coil
8284,3,full_service_restaurant,1,Electricity,PSZ-AC with electric coil
8285,37,outpatient,2,NaturalGas,VAV chiller with gas boiler reheat
8286,34,large_hotel,1,Propane,DOAS with fan coil chiller with boiler
8287,32,hospital,1,NaturalGas,VAV chiller with gas boiler reheat
8288,21,outpatient,1,NaturalGas,PVAV with gas boiler reheat
8289,110,strip_mall,2,Electricity,PVAV with PFP boxes
8290,34,large_hotel,1,DistrictHeating,DOAS with fan coil chiller with district hot water
8291,45,primary_school,0,Electricity,PSZ-AC with electric coil
8292,6,full_service_restaurant,1,NaturalGas,PSZ-AC with gas coil
8293,16,quick_service_restaurant,0,Propane,PSZ-AC with gas coil
8294,10,outpatient,1,Propane,PVAV with gas boiler reheat
8295,46,primary_school,1,NaturalGas,VAV air-cooled chiller with gas boiler reheat
8296,1,hospital,0,NaturalGas,PSZ-AC with gas coil
8297,107,large_hotel,1,DistrictHeating,DOAS with fan coil chiller with district hot water
8298,100,full_service_restaurant,1,DistrictHeating,VAV district chilled water with district hot water reheat
8299,1,retail,1,FuelOil,PSZ-AC with gas coil
8300,8,outpatient,0,Propane,PSZ-AC with gas coil
8301,33,large_hotel,1,Electricity,PTAC with electric coil
8302,10,outpatient,2,Propane,PVAV with gas boiler reheat
8303,29,grocery,0,FuelOil,PSZ-AC with gas coil
8304,100,full_service_restaurant,1,Electricity,PSZ-AC with electric coil
8305,46,outpatient,2,Propane,VAV chiller with gas boiler reheat
8306,105,retail,1,FuelOil,PSZ-AC with gas coil
8307,34,outpatient,1,FuelOil,PVAV with gas boiler reheat
8308,37,hospital,1,DistrictHeating,VAV district chilled water with district hot water reheat
8309,49,large_office,1,NaturalGas,VAV chiller with gas boiler reheat
8310,7,primary_school,0,NaturalGas,PSZ-AC with gas coil
8311,41,outpatient,1,NaturalGas,PSZ-AC with gas boiler
8312,106,secondary_school,0,FuelOil,PSZ-AC with gas coil
8313,101,warehouse,1,Propane,PSZ-AC with gas coil
8314,45,outpatient,1,Electricity,PSZ-AC with electric coil
8315,1,strip_mall,1,Electricity,PSZ-AC with electric coil
8316,5,secondary_school,1,NaturalGas,VAV chiller with gas boiler reheat
8317,26,primary_school,0,Electricity,PSZ-AC with electric coil
8318,6,small_hotel,0,Propane,Residential AC with residential forced air furnace
8319,33,secondary_school,1,FuelOil,PVAV with gas boiler reheat
8320,41,secondary_school,1,NaturalGas,VAV air-cooled chiller with gas boiler reheat
8321,29,quick_service_restaurant,0,FuelOil,PSZ-AC with gas coil
8322,17,secondary_school,0,FuelOil,PSZ-AC with gas coil
8323,45,small_office,1,Propane,PVAV with gas heat with electric reheat
8324,100,outpatient,2,NaturalGas,PVAV with gas boiler reheat
8325,1,large_office,0,NaturalGas,VAV chiller with gas boiler reheat
8326,44,secondary_school,1,Electricity,PTHP
8327,42,primary_school,0,Electricity,PSZ-HP
8328,2,secondary_school,0,FuelOil,VAV air-cooled chiller with gas boiler reheat
8329,29,large_office,0,FuelOil,VAV chiller with gas boiler reheat
8330,13,retail,1,FuelOil,PSZ-AC with gas coil
8331,3,hospital,1,DistrictHeating,VAV district chilled water with district hot water reheat
8332,46,large_hotel,1,NaturalGas,DOAS with fan coil chiller with boiler
8333,28,secondary_school,0,Electricity,PSZ-AC with electric coil
8334,46,medium_office,0,FuelOil,PSZ-AC with gas coil
8335,47,grocery,1,Propane,PSZ-AC with gas coil
8336,3,large_hotel,1,NaturalGas,PTAC with gas boiler
8337,45,large_hotel,0,Propane,PTAC with gas boiler
8338,1,large_office,1,NaturalGas,VAV chiller with gas boiler reheat
8339,25,outpatient,1,NaturalGas,PSZ-AC with gas coil
8340,8,outpatient,2,Propane,VAV chiller with gas boiler reheat
8341,110,medium_office,0,Electricity,PSZ-AC with electric coil
8342,38,large_hotel,1,DistrictHeating,DOAS with fan coil district chilled water with district hot water
8343,21,quick_service_restaurant,0,Propane,PSZ-AC with gas coil
8344,29,outpatient,1,Propane,PVAV with gas boiler reheat
8345,47,full_service_restaurant,1,FuelOil,PSZ-AC with gas coil
8346,47,primary_school,1,Propane,PSZ-AC with gas boiler
8347,24,hospital,0,Electricity,PSZ-AC with electric coil
8348,101,secondary_school,0,Propane,PTAC with gas boiler
8349,13,outpatient,0,Propane,PSZ-AC with gas coil
8350,109,retail,0,FuelOil,PSZ-AC with gas coil
8351,35,grocery,1,FuelOil,PSZ-AC with gas coil
8352,9,medium_office,0,FuelOil,PSZ-AC with gas coil
8353,28,outpatient,2,DistrictHeating,VAV chiller with district hot water reheat
8354,34,grocery,0,FuelOil,PSZ-AC with gas coil
8355,47,small_hotel,0,FuelOil,Residential AC with residential forced air furnace
8356,12,secondary_school,0,Propane,PSZ-AC with gas coil
8357,45,grocery,0,Electricity,PSZ-AC with electric coil
8358,42,strip_mall,2,NaturalGas,PSZ-AC with gas coil
8359,9,warehouse,1,Propane,PSZ-AC with gas coil
8360,28,outpatient,2,Electricity,PVAV with PFP boxes
8361,49,outpatient,1,Electricity,PSZ-AC with electric coil
8362,35,primary_school,1,NaturalGas,PSZ-AC with gas coil
8363,14,small_office,1,Propane,PSZ-AC with gas coil
8364,37,secondary_school,1,FuelOil,VAV chiller with gas boiler reheat
8365,45,secondary_school,1,NaturalGas,PVAV with gas boiler reheat
8366,34,quick_service_restaurant,0,FuelOil,PSZ-AC with gas coil
8367,44,secondary_school,0,FuelOil,PSZ-AC with gas coil
8368,49,secondary_school,1,Electricity,PTHP
8369,110,retail,1,Electricity,PSZ-AC with electric coil
8370,39,outpatient,2,DistrictHeating,VAV chiller with district hot water reheat
8371,6,medium_office,1,NaturalGas,PVAV with gas heat with electric reheat
8372,26,large_hotel,1,DistrictHeating,DOAS with fan coil chiller with district hot water
8373,108,outpatient,2,Electricity,PVAV with PFP boxes
8374,30,grocery,1,Propane,PSZ-AC with gas coil
8375,41,large_office,0,NaturalGas,PVAV with gas boiler reheat
8376,1,outpatient,0,Electricity,PSZ-HP
8377,100,medium_office,1,DistrictHeating,VAV district chilled water with district hot water reheat
8378,29,grocery,0,Propane,Residential AC with residential forced air furnace
8379,41,hospital,1,NaturalGas,VAV chiller with gas boiler reheat
8380,5,medium_office,1,FuelOil,PSZ-AC with gas coil
8381,6,large_office,1,NaturalGas,VAV chiller with gas boiler reheat
8382,4,medium_office,1,Propane,PVAV with gas boiler reheat
8383,7,large_hotel,1,NaturalGas,DOAS with fan coil chiller with boiler
8384,23,retail,1,FuelOil,PSZ-AC with gas coil
8385,11,medium_office,0,Propane,DOAS with fan coil chiller with boiler
8386,21,grocery,0,Electricity,PSZ-AC with electric coil
8387,28,large_hotel,1,NaturalGas,PTAC with gas boiler
8388,110,grocery,0,Electricity,PSZ-AC with electric coil
8389,45,large_office,1,Electricity,VAV chiller with PFP boxes
8390,28,hospital,0,Electricity,PSZ-AC with electric coil
8391,12,outpatient,2,NaturalGas,PVAV with gas boiler reheat
8392,108,full_service_restaurant,0,FuelOil,PSZ-AC with gas coil
8393,14,large_hotel,1,NaturalGas,DOAS with fan coil chiller with boiler
8394,33,outpatient,1,NaturalGas,PSZ-AC with gas coil
8395,106,hospital,1,NaturalGas,VAV chiller with gas boiler reheat
8396,27,small_office,1,FuelOil,PSZ-AC with gas coil
8397,35,large_hotel,1,NaturalGas,DOAS with fan coil air-cooled chiller with boiler
8398,2,secondary_school,0,Propane,PVAV with gas heat with electric reheat
8399,41,strip_mall,2,Electricity,PVAV with PFP boxes
8400,49,grocery,0,Electricity,PSZ-AC with electric coil
8401,26,strip_mall,2,Electricity,PVAV with PFP boxes
8402,0,small_hotel,0,FuelOil,Residential AC with residential forced air furnace
8403,6,outpatient,0,Propane,PSZ-AC with gas coil
8404,4,secondary_school,0,FuelOil,PSZ-AC with gas boiler
8405,5,primary_school,0,FuelOil,PSZ-AC with gas coil
8406,7,small_hotel,0,NaturalGas,Residential AC with residential forced air furnace
8407,16,full_service_restaurant,1,DistrictHeating,VAV district chilled water with district hot water reheat
8408,47,strip_mall,2,Electricity,PVAV with PFP boxes
8409,46,warehouse,0,Propane,PSZ-AC with gas coil
8410,31,primary_school,0,Electricity,PSZ-AC with electric coil
8411,17,medium_office,1,FuelOil,PVAV with gas boiler reheat
8412,28,large_office,1,DistrictHeating,VAV district chilled water with district hot water reheat
8413,103,retail,1,FuelOil,PSZ-AC with gas coil
8414,6,primary_school,1,FuelOil,VAV air-cooled chiller with gas boiler reheat
8415,49,large_office,0,DistrictHeating,VAV district chilled water with district hot water reheat
8416,39,secondary_school,1,FuelOil,PVAV with gas boiler reheat
8417,27,large_hotel,1,Propane,DOAS with fan coil chiller with boiler
8418,49,hospital,1,DistrictHeating,VAV district chilled water with district hot water reheat
8419,17,large_office,1,FuelOil,VAV chiller with gas boiler reheat
8420,109,outpatient,2,NaturalGas,VAV chiller with gas boiler reheat
8421,14,large_office,1,DistrictHeating,VAV district chilled water with district hot water reheat
8422,31,outpatient,1,FuelOil,PVAV with gas boiler reheat
8423,38,large_office,0,FuelOil,VAV chiller with gas boiler reheat
8424,27,large_hotel,1,DistrictHeating,DOAS with fan coil chiller with district hot water
8425,45,large_office,0,NaturalGas,VAV chiller with gas boiler reheat
8426,28,large_office,1,Electricity,VAV chiller with PFP boxes
8427,104,medium_office,1,DistrictHeating,VAV district chilled water with district hot water reheat
8428,49,large_office,0,Electricity,PVAV with PFP boxes
8429,45,hospital,1,NaturalGas,VAV chiller with gas boiler reheat
8430,31,medium_office,0,FuelOil,PSZ-AC with gas coil
8431,41,outpatient,0,Electricity,PSZ-AC with electric coil
8432,8,secondary_school,1,FuelOil,VAV chiller with gas boiler reheat
8433,42,retail,1,FuelOil,PSZ-AC with gas coil
8434,11,large_hotel,1,NaturalGas,DOAS with fan coil chiller with boiler
8435,4,primary_school,0,Propane,PSZ-AC with gas coil
8436,24,large_office,1,FuelOil,VAV chiller with gas boiler reheat
8437,6,small_office,0,Propane,PSZ-AC with gas coil
8438,14,large_office,1,Electricity,VAV chiller with PFP boxes
8439,15,secondary_school,0,FuelOil,PSZ-AC with gas coil
8440,44,hospital,1,FuelOil,VAV chiller with gas boiler reheat
8441,46,large_office,1,NaturalGas,VAV chiller with gas boiler reheat
8442,15,full_service_restaurant,0,FuelOil,PSZ-AC with gas coil
8443,43,outpatient,2,Electricity,PVAV with PFP boxes
8444,31,large_office,1,NaturalGas,VAV chiller with gas boiler reheat
8445,33,hospital,0,Electricity,PSZ-AC with electric coil
8446,103,full_service_restaurant,0,FuelOil,PSZ-AC with gas coil
8447,35,large_office,1,Electricity,VAV chiller with PFP boxes
8448,110,secondary_school,0,NaturalGas,PSZ-AC with gas coil
8449,16,outpatient,2,NaturalGas,PVAV with gas boiler reheat
8450,100,outpatient,1,Electricity,PSZ-AC with electric coil
8451,48,outpatient,0,Electricity,PSZ-AC with electric coil
8452,1,full_service_restaurant,1,FuelOil,PSZ-AC with gas coil
8453,37,outpatient,1,NaturalGas,PSZ-AC with gas coil
8454,23,outpatient,1,NaturalGas,PVAV with gas boiler reheat
8455,20,outpatient,2,Propane,VAV chiller with gas boiler reheat
8456,108,retail,1,FuelOil,PSZ-AC with gas coil
8457,46,large_hotel,0,Electricity,PTAC with electric coil
8458,44,outpatient,0,NaturalGas,PSZ-AC with gas coil
8459,13,large_hotel,1,DistrictHeating,DOAS with fan coil district chilled water with district hot water
8460,4,small_hotel,0,FuelOil,Residential AC with residential forced air furnace
8461,11,large_office,1,DistrictHeating,VAV district chilled water with district hot water reheat
8462,47,strip_mall,1,FuelOil,PSZ-AC with gas coil
8463,27,outpatient,2,Propane,VAV chiller with gas boiler reheat
8464,46,outpatient,0,Propane,PSZ-AC with gas coil
8465,25,small_hotel,0,FuelOil,Residential AC with residential forced air furnace
8466,23,strip_mall,2,Electricity,PVAV with PFP boxes
8467,21,primary_school,1,NaturalGas,PVAV with gas boiler reheat
8468,28,medium_office,0,FuelOil,PVAV with gas boiler reheat
8469,48,outpatient,2,Propane,VAV air-cooled chiller with gas boiler reheat
8470,43,grocery,0,Electricity,PSZ-AC with electric coil
8471,36,outpatient,1,FuelOil,PSZ-AC with gas coil
8472,11,large_office,1,Electricity,PVAV with PFP boxes
8473,36,primary_school,1,Electricity,PVAV with PFP boxes
8474,101,secondary_school,1,FuelOil,VAV air-cooled chiller with gas boiler reheat
8475,48,outpatient,2,DistrictHeating,VAV chiller with district hot water reheat
8476,2,hospital,0,NaturalGas,VAV air-cooled chiller with gas boiler reheat
8477,31,large_hotel,1,DistrictHeating,DOAS with fan coil district chilled water with district hot water
8478,43,primary_school,0,Electricity,PSZ-AC with electric coil
8479,106,outpatient,2,DistrictHeating,VAV chiller with district hot water reheat
8480,109,medium_office,1,DistrictHeating,VAV district chilled water with district hot water reheat
8481,1,warehouse,1,NaturalGas,PSZ-AC with gas coil
8482,25,outpatient,2,Propane,PVAV with gas boiler reheat
8483,43,grocery,1,Electricity,PSZ-AC with electric coil
8484,24,outpatient,1,Electricity,PSZ-AC with electric coil
8485,46,outpatient,0,Electricity,PSZ-HP
8486,13,secondary_school,1,FuelOil,PVAV with gas boiler reheat
8487,108,hospital,1,NaturalGas,VAV chiller with gas boiler reheat
8488,104,outpatient,0,Electricity,PSZ-AC with electric coil
8489,102,outpatient,2,NaturalGas,PVAV with gas boiler reheat
8490,46,full_service_restaurant,1,DistrictHeating,VAV district chilled water with district hot water reheat
8491,20,hospital,1,DistrictHeating,VAV district chilled water with district hot water reheat
8492,24,secondary_school,1,Electricity,PTHP
8493,41,secondary_school,0,NaturalGas,PSZ-AC with gas coil
8494,31,large_hotel,1,Electricity,PTAC with electric coil
8495,106,outpatient,2,Electricity,PVAV with PFP boxes
8496,23,grocery,0,NaturalGas,PSZ-AC with gas coil
8497,45,secondary_school,0,Electricity,PSZ-AC with electric coil
8498,21,outpatient,2,NaturalGas,PVAV with gas boiler reheat
8499,17,medium_office,1,Propane,PVAV with gas boiler reheat
8500,42,outpatient,1,NaturalGas,PSZ-AC with gas coil
8501,27,large_office,0,DistrictHeating,VAV district chilled water with district hot water reheat
8502,46,full_service_restaurant,1,Electricity,PSZ-AC with electric coil
8503,13,small_office,1,FuelOil,PSZ-AC with gas coil
8504,3,small_office,1,Electricity,PSZ-AC with electric coil
8505,27,hospital,1,DistrictHeating,VAV district chilled water with district hot water reheat
8506,0,outpatient,0,FuelOil,PSZ-AC with gas coil
8507,41,hospital,0,Electricity,PSZ-AC with electric coil
8508,36,hospital,0,FuelOil,VAV air-cooled chiller with gas boiler reheat
8509,108,strip_mall,2,Electricity,PVAV with PFP boxes
8510,37,medium_office,1,DistrictHeating,VAV district chilled water with district hot water reheat
8511,106,full_service_restaurant,0,FuelOil,PSZ-AC with gas coil
8512,27,large_office,0,Electricity,PVAV with PFP boxes
8513,37,large_office,1,DistrictHeating,VAV chiller with district hot water reheat
8514,0,primary_school,1,FuelOil,VAV air-cooled chiller with gas boiler reheat
8515,29,secondary_school,0,Propane,PSZ-AC with gas coil
8516,11,medium_office,1,FuelOil,PVAV with gas boiler reheat
8517,41,small_hotel,0,Propane,Residential AC with residential forced air furnace
8518,48,quick_service_restaurant,0,Propane,PSZ-AC with gas coil
8519,18,warehouse,0,FuelOil,PSZ-AC with gas coil
8520,1,strip_mall,2,Electricity,PVAV with PFP boxes
8521,26,primary_school,1,Electricity,DOAS with water source heat pumps with ground source heat pump
8522,47,primary_school,0,Electricity,PSZ-AC with electric coil
8523,109,secondary_school,1,Electricity,PTHP
8524,7,primary_school,1,FuelOil,VAV chiller with gas boiler reheat
8525,101,grocery,0,FuelOil,PSZ-AC with gas coil
8526,17,secondary_school,1,FuelOil,PVAV with gas boiler reheat
8527,14,primary_school,1,NaturalGas,PSZ-AC with gas coil
8528,41,warehouse,1,NaturalGas,PSZ-AC with gas coil
8529,38,secondary_school,0,FuelOil,PSZ-AC with gas coil
8530,29,large_office,1,FuelOil,VAV chiller with gas boiler reheat
8531,47,hospital,1,DistrictHeating,VAV district chilled water with district hot water reheat
8532,107,outpatient,2,NaturalGas,PVAV with gas boiler reheat
8533,108,outpatient,0,Electricity,PSZ-AC with electric coil
8534,46,secondary_school,0,NaturalGas,PSZ-AC with gas coil
8535,12,large_hotel,0,Propane,PTAC with gas coil
8536,24,hospital,1,DistrictHeating,VAV district chilled water with district hot water reheat
8537,28,secondary_school,1,Electricity,PTHP
8538,103,warehouse,1,Propane,PSZ-AC with gas coil
8539,26,small_hotel,0,FuelOil,Residential AC with residential forced air furnace
8540,101,large_hotel,1,DistrictHeating,DOAS with fan coil district chilled water with district hot water
8541,35,secondary_school,0,Electricity,PSZ-AC with electric coil
8542,46,grocery,0,Propane,Residential AC with residential forced air furnace
8543,49,secondary_school,0,Electricity,PTHP
8544,110,warehouse,0,Propane,PSZ-AC with gas coil
8545,109,outpatient,1,Electricity,PSZ-AC with electric coil
8546,43,medium_office,0,FuelOil,DOAS with fan coil chiller with boiler
8547,3,retail,0,FuelOil,PSZ-AC with gas coil
8548,6,secondary_school,1,FuelOil,VAV air-cooled chiller with gas boiler reheat
8549,42,medium_office,0,Propane,PVAV with gas boiler reheat
8550,24,large_office,0,Electricity,PVAV with PFP boxes
8551,36,large_office,1,FuelOil,VAV chiller with gas boiler reheat
8552,7,warehouse,1,Propane,PSZ-AC with gas coil
8553,110,small_office,1,Electricity,PSZ-AC with electric coil
8554,27,hospital,0,NaturalGas,PSZ-AC with gas coil
8555,100,hospital,0,NaturalGas,VAV air-cooled chiller with gas boiler reheat
8556,45,hospital,0,Electricity,PSZ-AC with electric coil
8557,104,full_service_restaurant,1,FuelOil,PSZ-AC with gas coil
8558,47,large_office,1,Electricity,VAV chiller with PFP boxes
8559,4,hospital,0,NaturalGas,PVAV with gas boiler reheat
8560,31,large_office,0,Electricity,VAV chiller with PFP boxes
8561,35,outpatient,1,NaturalGas,PSZ-AC with gas coil
8562,12,secondary_school,1,Propane,PVAV with gas boiler reheat
8563,12,outpatient,0,FuelOil,PSZ-AC with gas coil
8564,34,outpatient,0,NaturalGas,PSZ-AC with gas coil
8565,33,secondary_school,0,Propane,PSZ-AC with gas boiler
8566,23,primary_school,1,Propane,VAV air-cooled chiller with gas boiler reheat
8567,37,medium_office,0,FuelOil,PSZ-AC with gas coil
8568,104,retail,0,FuelOil,PSZ-AC with gas coil
8569,27,small_office,0,FuelOil,Residential AC with residential forced air furnace
8570,2,small_hotel,0,FuelOil,Residential AC with residential forced air furnace
8571,47,large_hotel,0,Propane,PTAC with gas boiler
8572,42,warehouse,1,Electricity,PSZ-AC with electric coil
8573,11,secondary_school,0,FuelOil,PSZ-AC with gas coil
8574,11,hospital,0,NaturalGas,VAV air-cooled chiller with gas boiler reheat
8575,27,strip_mall,1,Electricity,PSZ-AC with electric coil
8576,33,full_service_restaurant,1,DistrictHeating,VAV district chilled water with district hot water reheat
8577,38,small_hotel,0,FuelOil,Residential AC with residential forced air furnace
8578,23,small_hotel,0,FuelOil,Residential AC with residential forced air furnace
8579,0,outpatient,0,Propane,PSZ-AC with gas coil
8580,18,large_hotel,1,Propane,DOAS with fan coil chiller with boiler
8581,41,full_service_restaurant,1,Propane,PSZ-AC with gas coil
8582,5,warehouse,1,FuelOil,PSZ-AC with gas coil
8583,29,hospital,1,DistrictHeating,VAV district chilled water with district hot water reheat
8584,110,primary_school,0,NaturalGas,PSZ-AC with gas coil
8585,14,hospital,1,DistrictHeating,VAV district chilled water with district hot water reheat
8586,6,large_hotel,1,DistrictHeating,DOAS with fan coil district chilled water with district hot water
8587,7,outpatient,0,Propane,PSZ-AC with gas coil
8588,11,medium_office,1,Propane,PVAV with gas heat with electric reheat
8589,1,small_office,1,Propane,PSZ-AC with gas coil
8590,11,warehouse,1,Propane,PVAV with gas heat with electric reheat
8591,28,grocery,0,FuelOil,PSZ-AC with gas coil
8592,14,grocery,1,NaturalGas,PSZ-AC with gas coil
8593,47,large_office,0,FuelOil,VAV chiller with gas boiler reheat
8594,49,large_hotel,1,NaturalGas,DOAS with fan coil chiller with boiler
8595,104,hospital,0,NaturalGas,PSZ-AC with gas coil
8596,35,grocery,0,NaturalGas,PSZ-AC with gas coil
8597,108,full_service_restaurant,1,FuelOil,PSZ-AC with gas coil
8598,106,large_office,1,NaturalGas,VAV chiller with gas boiler reheat
8599,110,full_service_restaurant,1,Electricity,PSZ-AC with electric coil
8600,30,outpatient,2,Propane,VAV chiller with gas boiler reheat
8601,33,outpatient,2,NaturalGas,PVAV with gas boiler reheat
8602,47,secondary_school,1,NaturalGas,PVAV with gas boiler reheat
8603,102,outpatient,1,Electricity,PSZ-AC with electric coil
8604,38,secondary_school,0,Propane,VAV air-cooled chiller with gas boiler reheat
8605,16,outpatient,0,FuelOil,PSZ-AC with gas coil
8606,14,medium_office,1,DistrictHeating,VAV district chilled water with district hot water reheat
8607,21,outpatient,1,Electricity,PSZ-AC with electric coil
8608,2,outpatient,1,NaturalGas,PSZ-AC with gas coil
8609,49,primary_school,0,Propane,PSZ-AC with gas coil
8610,23,outpatient,0,NaturalGas,PSZ-AC with gas coil
8611,42,outpatient,0,Electricity,PSZ-AC with electric coil
8612,102,medium_office,1,DistrictHeating,VAV district chilled water with district hot water reheat
8613,40,outpatient,2,NaturalGas,PVAV with gas boiler reheat
8614,46,primary_school,1,Electricity,PVAV with PFP boxes
8615,36,medium_office,1,Propane,PVAV with gas boiler reheat
8616,2,secondary_school,1,NaturalGas,VAV air-cooled chiller with gas boiler reheat
8617,27,grocery,1,FuelOil,PSZ-AC with gas coil
8618,100,grocery,1,FuelOil,PSZ-AC with gas coil
8619,22,warehouse,1,Propane,PSZ-AC with gas coil
8620,110,outpatient,2,NaturalGas,VAV chiller with gas boiler reheat
8621,42,small_hotel,0,FuelOil,Residential AC with residential forced air furnace
8622,110,large_hotel,0,NaturalGas,PTAC with gas boiler
8623,38,medium_office,1,FuelOil,PVAV with gas boiler reheat
8624,49,large_office,1,DistrictHeating,VAV chiller with district hot water reheat
8625,0,large_hotel,0,Propane,PTAC with gas boiler
8626,107,grocery,0,FuelOil,PSZ-AC with gas coil
8627,39,small_hotel,0,FuelOil,Residential AC with residential forced air furnace
8628,45,medium_office,0,FuelOil,PVAV with gas boiler reheat
8629,38,large_office,1,FuelOil,VAV chiller with gas boiler reheat
8630,4,grocery,1,FuelOil,PSZ-AC with gas coil
8631,23,strip_mall,1,Electricity,PSZ-AC with electric coil
8632,33,hospital,1,DistrictHeating,VAV district chilled water with district hot water reheat
8633,8,warehouse,0,FuelOil,PSZ-AC with gas coil
