Parameter Name	Option Name	Measure Dir	Measure Arg 1	Measure Arg 2	...
climate_zone	1A	simulation_settings	timesteps_per_hr=4	enable_dst=true	dst_start=2nd Sunday in March	dst_end=1st Sunday in November	begin_month=1	begin_day=1	end_month=12	end_day=30
		create_custom_building_from_spec	climate_zone=ASHRAE 169-2013-1A
		create_custom_building_from_spec	climate_zone=ASHRAE 169-2013-1A
		create_custom_building_from_spec	climate_zone=ASHRAE 169-2013-1A
		set_wall_template	climate_zone=ASHRAE 169-2013-1A
		set_roof_template	climate_zone=ASHRAE 169-2013-1A
		set_interior_equipment_template	climate_zone=ASHRAE 169-2013-1A
		set_service_water_heating_template	climate_zone=ASHRAE 169-2013-1A
		set_hvac_template	climate_zone=ASHRAE 169-2013-1A
climate_zone	2A	simulation_settings	timesteps_per_hr=4	enable_dst=true	dst_start=2nd Sunday in March	dst_end=1st Sunday in November	begin_month=1	begin_day=1	end_month=12	end_day=30
		create_custom_building_from_spec	climate_zone=ASHRAE 169-2013-2A
		create_custom_building_from_spec	climate_zone=ASHRAE 169-2013-2A
		create_custom_building_from_spec	climate_zone=ASHRAE 169-2013-2A
		set_wall_template	climate_zone=ASHRAE 169-2013-2A
		set_roof_template	climate_zone=ASHRAE 169-2013-2A
		set_interior_equipment_template	climate_zone=ASHRAE 169-2013-2A
		set_service_water_heating_template	climate_zone=ASHRAE 169-2013-2A
		set_hvac_template	climate_zone=ASHRAE 169-2013-2A
climate_zone	2B	simulation_settings	timesteps_per_hr=4	enable_dst=true	dst_start=2nd Sunday in March	dst_end=1st Sunday in November	begin_month=1	begin_day=1	end_month=12	end_day=30
		create_custom_building_from_spec	climate_zone=ASHRAE 169-2013-2B
		create_custom_building_from_spec	climate_zone=ASHRAE 169-2013-2B
		create_custom_building_from_spec	climate_zone=ASHRAE 169-2013-2B
		set_wall_template	climate_zone=ASHRAE 169-2013-2B
		set_roof_template	climate_zone=ASHRAE 169-2013-2B
		set_interior_equipment_template	climate_zone=ASHRAE 169-2013-2B
		set_service_water_heating_template	climate_zone=ASHRAE 169-2013-2B
		set_hvac_template	climate_zone=ASHRAE 169-2013-2B
climate_zone	3A	simulation_settings	timesteps_per_hr=4	enable_dst=true	dst_start=2nd Sunday in March	dst_end=1st Sunday in November	begin_month=1	begin_day=1	end_month=12	end_day=30
		create_custom_building_from_spec	climate_zone=ASHRAE 169-2013-3A
		create_custom_building_from_spec	climate_zone=ASHRAE 169-2013-3A
		create_custom_building_from_spec	climate_zone=ASHRAE 169-2013-3A
		set_wall_template	climate_zone=ASHRAE 169-2013-3A
		set_roof_template	climate_zone=ASHRAE 169-2013-3A
		set_interior_equipment_template	climate_zone=ASHRAE 169-2013-3A
		set_service_water_heating_template	climate_zone=ASHRAE 169-2013-3A
		set_hvac_template	climate_zone=ASHRAE 169-2013-3A
climate_zone	3B	simulation_settings	timesteps_per_hr=4	enable_dst=true	dst_start=2nd Sunday in March	dst_end=1st Sunday in November	begin_month=1	begin_day=1	end_month=12	end_day=30
		create_custom_building_from_spec	climate_zone=ASHRAE 169-2013-3B
		create_custom_building_from_spec	climate_zone=ASHRAE 169-2013-3B
		create_custom_building_from_spec	climate_zone=ASHRAE 169-2013-3B
		set_wall_template	climate_zone=ASHRAE 169-2013-3B
		set_roof_template	climate_zone=ASHRAE 169-2013-3B
		set_interior_equipment_template	climate_zone=ASHRAE 169-2013-3B
		set_service_water_heating_template	climate_zone=ASHRAE 169-2013-3B
		set_hvac_template	climate_zone=ASHRAE 169-2013-3B
climate_zone	3C	simulation_settings	timesteps_per_hr=4	enable_dst=true	dst_start=2nd Sunday in March	dst_end=1st Sunday in November	begin_month=1	begin_day=1	end_month=12	end_day=30
		create_custom_building_from_spec	climate_zone=ASHRAE 169-2013-3C
		create_custom_building_from_spec	climate_zone=ASHRAE 169-2013-3C
		create_custom_building_from_spec	climate_zone=ASHRAE 169-2013-3C
		set_wall_template	climate_zone=ASHRAE 169-2013-3C
		set_roof_template	climate_zone=ASHRAE 169-2013-3C
		set_interior_equipment_template	climate_zone=ASHRAE 169-2013-3C
		set_service_water_heating_template	climate_zone=ASHRAE 169-2013-3C
		set_hvac_template	climate_zone=ASHRAE 169-2013-3C
climate_zone	4A	simulation_settings	timesteps_per_hr=4	enable_dst=true	dst_start=2nd Sunday in March	dst_end=1st Sunday in November	begin_month=1	begin_day=1	end_month=12	end_day=30
		create_custom_building_from_spec	climate_zone=ASHRAE 169-2013-4A
		create_custom_building_from_spec	climate_zone=ASHRAE 169-2013-4A
		create_custom_building_from_spec	climate_zone=ASHRAE 169-2013-4A
		set_wall_template	climate_zone=ASHRAE 169-2013-4A
		set_roof_template	climate_zone=ASHRAE 169-2013-4A
		set_interior_equipment_template	climate_zone=ASHRAE 169-2013-4A
		set_service_water_heating_template	climate_zone=ASHRAE 169-2013-4A
		set_hvac_template	climate_zone=ASHRAE 169-2013-4A
climate_zone	4B	simulation_settings	timesteps_per_hr=4	enable_dst=true	dst_start=2nd Sunday in March	dst_end=1st Sunday in November	begin_month=1	begin_day=1	end_month=12	end_day=30
		create_custom_building_from_spec	climate_zone=ASHRAE 169-2013-4B
		create_custom_building_from_spec	climate_zone=ASHRAE 169-2013-4B
		create_custom_building_from_spec	climate_zone=ASHRAE 169-2013-4B
		set_wall_template	climate_zone=ASHRAE 169-2013-4B
		set_roof_template	climate_zone=ASHRAE 169-2013-4B
		set_interior_equipment_template	climate_zone=ASHRAE 169-2013-4B
		set_service_water_heating_template	climate_zone=ASHRAE 169-2013-4B
		set_hvac_template	climate_zone=ASHRAE 169-2013-4B
climate_zone	4C	simulation_settings	timesteps_per_hr=4	enable_dst=true	dst_start=2nd Sunday in March	dst_end=1st Sunday in November	begin_month=1	begin_day=1	end_month=12	end_day=30
		create_custom_building_from_spec	climate_zone=ASHRAE 169-2013-4C
		create_custom_building_from_spec	climate_zone=ASHRAE 169-2013-4C
		create_custom_building_from_spec	climate_zone=ASHRAE 169-2013-4C
		set_wall_template	climate_zone=ASHRAE 169-2013-4C
		set_roof_template	climate_zone=ASHRAE 169-2013-4C
		set_interior_equipment_template	climate_zone=ASHRAE 169-2013-4C
		set_service_water_heating_template	climate_zone=ASHRAE 169-2013-4C
		set_hvac_template	climate_zone=ASHRAE 169-2013-4C
climate_zone	5A	simulation_settings	timesteps_per_hr=4	enable_dst=true	dst_start=2nd Sunday in March	dst_end=1st Sunday in November	begin_month=1	begin_day=1	end_month=12	end_day=30
		create_custom_building_from_spec	climate_zone=ASHRAE 169-2013-5A
		create_custom_building_from_spec	climate_zone=ASHRAE 169-2013-5A
		create_custom_building_from_spec	climate_zone=ASHRAE 169-2013-5A
		set_wall_template	climate_zone=ASHRAE 169-2013-5A
		set_roof_template	climate_zone=ASHRAE 169-2013-5A
		set_interior_equipment_template	climate_zone=ASHRAE 169-2013-5A
		set_service_water_heating_template	climate_zone=ASHRAE 169-2013-5A
		set_hvac_template	climate_zone=ASHRAE 169-2013-5A
climate_zone	5B	simulation_settings	timesteps_per_hr=4	enable_dst=true	dst_start=2nd Sunday in March	dst_end=1st Sunday in November	begin_month=1	begin_day=1	end_month=12	end_day=30
		create_custom_building_from_spec	climate_zone=ASHRAE 169-2013-5B
		create_custom_building_from_spec	climate_zone=ASHRAE 169-2013-5B
		create_custom_building_from_spec	climate_zone=ASHRAE 169-2013-5B
		set_wall_template	climate_zone=ASHRAE 169-2013-5B
		set_roof_template	climate_zone=ASHRAE 169-2013-5B
		set_interior_equipment_template	climate_zone=ASHRAE 169-2013-5B
		set_service_water_heating_template	climate_zone=ASHRAE 169-2013-5B
		set_hvac_template	climate_zone=ASHRAE 169-2013-5B
climate_zone	6A	simulation_settings	timesteps_per_hr=4	enable_dst=true	dst_start=2nd Sunday in March	dst_end=1st Sunday in November	begin_month=1	begin_day=1	end_month=12	end_day=30
		create_custom_building_from_spec	climate_zone=ASHRAE 169-2013-6A
		create_custom_building_from_spec	climate_zone=ASHRAE 169-2013-6A
		create_custom_building_from_spec	climate_zone=ASHRAE 169-2013-6A
		set_wall_template	climate_zone=ASHRAE 169-2013-6A
		set_roof_template	climate_zone=ASHRAE 169-2013-6A
		set_interior_equipment_template	climate_zone=ASHRAE 169-2013-6A
		set_service_water_heating_template	climate_zone=ASHRAE 169-2013-6A
		set_hvac_template	climate_zone=ASHRAE 169-2013-6A
climate_zone	6B	simulation_settings	timesteps_per_hr=4	enable_dst=true	dst_start=2nd Sunday in March	dst_end=1st Sunday in November	begin_month=1	begin_day=1	end_month=12	end_day=30
		create_custom_building_from_spec	climate_zone=ASHRAE 169-2013-6B
		create_custom_building_from_spec	climate_zone=ASHRAE 169-2013-6B
		create_custom_building_from_spec	climate_zone=ASHRAE 169-2013-6B
		set_wall_template	climate_zone=ASHRAE 169-2013-6B
		set_roof_template	climate_zone=ASHRAE 169-2013-6B
		set_interior_equipment_template	climate_zone=ASHRAE 169-2013-6B
		set_service_water_heating_template	climate_zone=ASHRAE 169-2013-6B
		set_hvac_template	climate_zone=ASHRAE 169-2013-6B
climate_zone	7	simulation_settings	timesteps_per_hr=4	enable_dst=true	dst_start=2nd Sunday in March	dst_end=1st Sunday in November	begin_month=1	begin_day=1	end_month=12	end_day=30
		create_custom_building_from_spec	climate_zone=ASHRAE 169-2013-7A
		create_custom_building_from_spec	climate_zone=ASHRAE 169-2013-7A
		create_custom_building_from_spec	climate_zone=ASHRAE 169-2013-7A
		set_wall_template	climate_zone=ASHRAE 169-2013-7A
		set_roof_template	climate_zone=ASHRAE 169-2013-7A
		set_interior_equipment_template	climate_zone=ASHRAE 169-2013-7A
		set_service_water_heating_template	climate_zone=ASHRAE 169-2013-7A
		set_hvac_template	climate_zone=ASHRAE 169-2013-7A
climate_zone	8	simulation_settings	timesteps_per_hr=4	enable_dst=true	dst_start=2nd Sunday in March	dst_end=1st Sunday in November	begin_month=1	begin_day=1	end_month=12	end_day=30
		create_custom_building_from_spec	climate_zone=ASHRAE 169-2013-8A
		create_custom_building_from_spec	climate_zone=ASHRAE 169-2013-8A
		create_custom_building_from_spec	climate_zone=ASHRAE 169-2013-8A
		set_wall_template	climate_zone=ASHRAE 169-2013-8A
		set_roof_template	climate_zone=ASHRAE 169-2013-8A
		set_interior_equipment_template	climate_zone=ASHRAE 169-2013-8A
		set_service_water_heating_template	climate_zone=ASHRAE 169-2013-8A
		set_hvac_template	climate_zone=ASHRAE 169-2013-8A
climate_zone	CEC1	simulation_settings	timesteps_per_hr=4	enable_dst=true	dst_start=2nd Sunday in March	dst_end=1st Sunday in November	begin_month=1	begin_day=1	end_month=12	end_day=30
		create_custom_building_from_spec	climate_zone=T24-CEC1
		create_custom_building_from_spec	climate_zone=CEC T24-CEC1
		create_custom_building_from_spec	climate_zone=CEC T24-CEC1
		set_wall_template	climate_zone=CEC T24-CEC1
		set_roof_template	climate_zone=CEC T24-CEC1
		set_interior_equipment_template	climate_zone=CEC T24-CEC1
		set_service_water_heating_template	climate_zone=CEC T24-CEC1
		set_hvac_template	climate_zone=CEC T24-CEC1
climate_zone	CEC2	simulation_settings	timesteps_per_hr=4	enable_dst=true	dst_start=2nd Sunday in March	dst_end=1st Sunday in November	begin_month=1	begin_day=1	end_month=12	end_day=30
		create_custom_building_from_spec	climate_zone=T24-CEC2
		create_custom_building_from_spec	climate_zone=CEC T24-CEC2
		create_custom_building_from_spec	climate_zone=CEC T24-CEC2
		set_wall_template	climate_zone=CEC T24-CEC2
		set_roof_template	climate_zone=CEC T24-CEC2
		set_interior_equipment_template	climate_zone=CEC T24-CEC2
		set_service_water_heating_template	climate_zone=CEC T24-CEC2
		set_hvac_template	climate_zone=CEC T24-CEC2
climate_zone	CEC3	simulation_settings	timesteps_per_hr=4	enable_dst=true	dst_start=2nd Sunday in March	dst_end=1st Sunday in November	begin_month=1	begin_day=1	end_month=12	end_day=30
		create_custom_building_from_spec	climate_zone=T24-CEC3
		create_custom_building_from_spec	climate_zone=CEC T24-CEC3
		create_custom_building_from_spec	climate_zone=CEC T24-CEC3
		set_wall_template	climate_zone=CEC T24-CEC3
		set_roof_template	climate_zone=CEC T24-CEC3
		set_interior_equipment_template	climate_zone=CEC T24-CEC3
		set_service_water_heating_template	climate_zone=CEC T24-CEC3
		set_hvac_template	climate_zone=CEC T24-CEC3
climate_zone	CEC4	simulation_settings	timesteps_per_hr=4	enable_dst=true	dst_start=2nd Sunday in March	dst_end=1st Sunday in November	begin_month=1	begin_day=1	end_month=12	end_day=30
		create_custom_building_from_spec	climate_zone=T24-CEC4
		create_custom_building_from_spec	climate_zone=CEC T24-CEC4
		create_custom_building_from_spec	climate_zone=CEC T24-CEC4
		set_wall_template	climate_zone=CEC T24-CEC4
		set_roof_template	climate_zone=CEC T24-CEC4
		set_interior_equipment_template	climate_zone=CEC T24-CEC4
		set_service_water_heating_template	climate_zone=CEC T24-CEC4
		set_hvac_template	climate_zone=CEC T24-CEC4
climate_zone	CEC5	simulation_settings	timesteps_per_hr=4	enable_dst=true	dst_start=2nd Sunday in March	dst_end=1st Sunday in November	begin_month=1	begin_day=1	end_month=12	end_day=30
		create_custom_building_from_spec	climate_zone=T24-CEC5
		create_custom_building_from_spec	climate_zone=CEC T24-CEC5
		create_custom_building_from_spec	climate_zone=CEC T24-CEC5
		set_wall_template	climate_zone=CEC T24-CEC5
		set_roof_template	climate_zone=CEC T24-CEC5
		set_interior_equipment_template	climate_zone=CEC T24-CEC5
		set_service_water_heating_template	climate_zone=CEC T24-CEC5
		set_hvac_template	climate_zone=CEC T24-CEC5
climate_zone	CEC6	simulation_settings	timesteps_per_hr=4	enable_dst=true	dst_start=2nd Sunday in March	dst_end=1st Sunday in November	begin_month=1	begin_day=1	end_month=12	end_day=30
		create_custom_building_from_spec	climate_zone=T24-CEC6
		create_custom_building_from_spec	climate_zone=CEC T24-CEC6
		create_custom_building_from_spec	climate_zone=CEC T24-CEC6
		set_wall_template	climate_zone=CEC T24-CEC6
		set_roof_template	climate_zone=CEC T24-CEC6
		set_interior_equipment_template	climate_zone=CEC T24-CEC6
		set_service_water_heating_template	climate_zone=CEC T24-CEC6
		set_hvac_template	climate_zone=CEC T24-CEC6
climate_zone	CEC7	simulation_settings	timesteps_per_hr=4	enable_dst=true	dst_start=2nd Sunday in March	dst_end=1st Sunday in November	begin_month=1	begin_day=1	end_month=12	end_day=30
		create_custom_building_from_spec	climate_zone=T24-CEC7
		create_custom_building_from_spec	climate_zone=CEC T24-CEC7
		create_custom_building_from_spec	climate_zone=CEC T24-CEC7
		set_wall_template	climate_zone=CEC T24-CEC7
		set_roof_template	climate_zone=CEC T24-CEC7
		set_interior_equipment_template	climate_zone=CEC T24-CEC7
		set_service_water_heating_template	climate_zone=CEC T24-CEC7
		set_hvac_template	climate_zone=CEC T24-CEC7
climate_zone	CEC8	simulation_settings	timesteps_per_hr=4	enable_dst=true	dst_start=2nd Sunday in March	dst_end=1st Sunday in November	begin_month=1	begin_day=1	end_month=12	end_day=30
		create_custom_building_from_spec	climate_zone=T24-CEC8
		create_custom_building_from_spec	climate_zone=CEC T24-CEC8
		create_custom_building_from_spec	climate_zone=CEC T24-CEC8
		set_wall_template	climate_zone=CEC T24-CEC8
		set_roof_template	climate_zone=CEC T24-CEC8
		set_interior_equipment_template	climate_zone=CEC T24-CEC8
		set_service_water_heating_template	climate_zone=CEC T24-CEC8
		set_hvac_template	climate_zone=CEC T24-CEC8
climate_zone	CEC9	simulation_settings	timesteps_per_hr=4	enable_dst=true	dst_start=2nd Sunday in March	dst_end=1st Sunday in November	begin_month=1	begin_day=1	end_month=12	end_day=30
		create_custom_building_from_spec	climate_zone=T24-CEC9
		create_custom_building_from_spec	climate_zone=CEC T24-CEC9
		create_custom_building_from_spec	climate_zone=CEC T24-CEC9
		set_wall_template	climate_zone=CEC T24-CEC9
		set_roof_template	climate_zone=CEC T24-CEC9
		set_interior_equipment_template	climate_zone=CEC T24-CEC9
		set_service_water_heating_template	climate_zone=CEC T24-CEC9
		set_hvac_template	climate_zone=CEC T24-CEC9
climate_zone	CEC10	simulation_settings	timesteps_per_hr=4	enable_dst=true	dst_start=2nd Sunday in March	dst_end=1st Sunday in November	begin_month=1	begin_day=1	end_month=12	end_day=30
		create_custom_building_from_spec	climate_zone=T24-CEC10
		create_custom_building_from_spec	climate_zone=CEC T24-CEC10
		create_custom_building_from_spec	climate_zone=CEC T24-CEC10
		set_wall_template	climate_zone=CEC T24-CEC10
		set_roof_template	climate_zone=CEC T24-CEC10
		set_interior_equipment_template	climate_zone=CEC T24-CEC10
		set_service_water_heating_template	climate_zone=CEC T24-CEC10
		set_hvac_template	climate_zone=CEC T24-CEC10
climate_zone	CEC11	simulation_settings	timesteps_per_hr=4	enable_dst=true	dst_start=2nd Sunday in March	dst_end=1st Sunday in November	begin_month=1	begin_day=1	end_month=12	end_day=30
		create_custom_building_from_spec	climate_zone=T24-CEC11
		create_custom_building_from_spec	climate_zone=CEC T24-CEC11
		create_custom_building_from_spec	climate_zone=CEC T24-CEC11
		set_wall_template	climate_zone=CEC T24-CEC11
		set_roof_template	climate_zone=CEC T24-CEC11
		set_interior_equipment_template	climate_zone=CEC T24-CEC11
		set_service_water_heating_template	climate_zone=CEC T24-CEC11
		set_hvac_template	climate_zone=CEC T24-CEC11
climate_zone	CEC12	simulation_settings	timesteps_per_hr=4	enable_dst=true	dst_start=2nd Sunday in March	dst_end=1st Sunday in November	begin_month=1	begin_day=1	end_month=12	end_day=30
		create_custom_building_from_spec	climate_zone=T24-CEC12
		create_custom_building_from_spec	climate_zone=CEC T24-CEC12
		create_custom_building_from_spec	climate_zone=CEC T24-CEC12
		set_wall_template	climate_zone=CEC T24-CEC12
		set_roof_template	climate_zone=CEC T24-CEC12
		set_interior_equipment_template	climate_zone=CEC T24-CEC12
		set_service_water_heating_template	climate_zone=CEC T24-CEC12
		set_hvac_template	climate_zone=CEC T24-CEC12
climate_zone	CEC13	simulation_settings	timesteps_per_hr=4	enable_dst=true	dst_start=2nd Sunday in March	dst_end=1st Sunday in November	begin_month=1	begin_day=1	end_month=12	end_day=30
		create_custom_building_from_spec	climate_zone=T24-CEC13
		create_custom_building_from_spec	climate_zone=CEC T24-CEC13
		create_custom_building_from_spec	climate_zone=CEC T24-CEC13
		set_wall_template	climate_zone=CEC T24-CEC13
		set_roof_template	climate_zone=CEC T24-CEC13
		set_interior_equipment_template	climate_zone=CEC T24-CEC13
		set_service_water_heating_template	climate_zone=CEC T24-CEC13
		set_hvac_template	climate_zone=CEC T24-CEC13
climate_zone	CEC14	simulation_settings	timesteps_per_hr=4	enable_dst=true	dst_start=2nd Sunday in March	dst_end=1st Sunday in November	begin_month=1	begin_day=1	end_month=12	end_day=30
		create_custom_building_from_spec	climate_zone=T24-CEC14
		create_custom_building_from_spec	climate_zone=CEC T24-CEC14
		create_custom_building_from_spec	climate_zone=CEC T24-CEC14
		set_wall_template	climate_zone=CEC T24-CEC14
		set_roof_template	climate_zone=CEC T24-CEC14
		set_interior_equipment_template	climate_zone=CEC T24-CEC14
		set_service_water_heating_template	climate_zone=CEC T24-CEC14
		set_hvac_template	climate_zone=CEC T24-CEC14
climate_zone	CEC15	simulation_settings	timesteps_per_hr=4	enable_dst=true	dst_start=2nd Sunday in March	dst_end=1st Sunday in November	begin_month=1	begin_day=1	end_month=12	end_day=30
		create_custom_building_from_spec	climate_zone=T24-CEC15
		create_custom_building_from_spec	climate_zone=CEC T24-CEC15
		create_custom_building_from_spec	climate_zone=CEC T24-CEC15
		set_wall_template	climate_zone=CEC T24-CEC15
		set_roof_template	climate_zone=CEC T24-CEC15
		set_interior_equipment_template	climate_zone=CEC T24-CEC15
		set_service_water_heating_template	climate_zone=CEC T24-CEC15
		set_hvac_template	climate_zone=CEC T24-CEC15
climate_zone	CEC16	simulation_settings	timesteps_per_hr=4	enable_dst=true	dst_start=2nd Sunday in March	dst_end=1st Sunday in November	begin_month=1	begin_day=1	end_month=12	end_day=30
		create_custom_building_from_spec	climate_zone=T24-CEC16
		create_custom_building_from_spec	climate_zone=CEC T24-CEC16
		create_custom_building_from_spec	climate_zone=CEC T24-CEC16
		set_wall_template	climate_zone=CEC T24-CEC16
		set_roof_template	climate_zone=CEC T24-CEC16
		set_interior_equipment_template	climate_zone=CEC T24-CEC16
		set_service_water_heating_template	climate_zone=CEC T24-CEC16
		set_hvac_template	climate_zone=CEC T24-CEC16
cambium_grid_region	SRSOc	create_custom_building_from_spec	grid_region=SRSOc
cambium_grid_region	AKMS	create_custom_building_from_spec	grid_region=AKMS
cambium_grid_region	AKGD	create_custom_building_from_spec	grid_region=AKGD
cambium_grid_region	AZNMc	create_custom_building_from_spec	grid_region=AZNMc
cambium_grid_region	SRMVc	create_custom_building_from_spec	grid_region=SRMVc
cambium_grid_region	SPSOc	create_custom_building_from_spec	grid_region=SPSOc
cambium_grid_region	CAMXc	create_custom_building_from_spec	grid_region=CAMXc
cambium_grid_region	NWPPc	create_custom_building_from_spec	grid_region=NWPPc
cambium_grid_region	RMPAc	create_custom_building_from_spec	grid_region=RMPAc
cambium_grid_region	NEWEc	create_custom_building_from_spec	grid_region=NEWEc
cambium_grid_region	RFCEc	create_custom_building_from_spec	grid_region=RFCEc
cambium_grid_region	FRCCc	create_custom_building_from_spec	grid_region=FRCCc
cambium_grid_region	HIMS	create_custom_building_from_spec	grid_region=HIMS
cambium_grid_region	HIOA	create_custom_building_from_spec	grid_region=HIOA
cambium_grid_region	SRMWc	create_custom_building_from_spec	grid_region=SRMWc
cambium_grid_region	RFCWc	create_custom_building_from_spec	grid_region=RFCWc
cambium_grid_region	MROWc	create_custom_building_from_spec	grid_region=MROWc
cambium_grid_region	SPNOc	create_custom_building_from_spec	grid_region=SPNOc
cambium_grid_region	SRTVc	create_custom_building_from_spec	grid_region=SRTVc
cambium_grid_region	RFCMc	create_custom_building_from_spec	grid_region=RFCMc
cambium_grid_region	MROEc	create_custom_building_from_spec	grid_region=MROEc
cambium_grid_region	NYSTc	create_custom_building_from_spec	grid_region=NYSTc
cambium_grid_region	SRVCc	create_custom_building_from_spec	grid_region=SRVCc
cambium_grid_region	ERCTc	create_custom_building_from_spec	grid_region=ERCTc
county_id	G0100010	create_custom_building_from_spec	weather_file_name=G0100010.epw
county_id	G0100030	create_custom_building_from_spec	weather_file_name=G0100030.epw
county_id	G0100050	create_custom_building_from_spec	weather_file_name=G0100050.epw
county_id	G0100070	create_custom_building_from_spec	weather_file_name=G0100070.epw
county_id	G0100090	create_custom_building_from_spec	weather_file_name=G0100090.epw
county_id	G0100110	create_custom_building_from_spec	weather_file_name=G0100110.epw
county_id	G0100130	create_custom_building_from_spec	weather_file_name=G0100130.epw
county_id	G0100150	create_custom_building_from_spec	weather_file_name=G0100150.epw
county_id	G0100170	create_custom_building_from_spec	weather_file_name=G0100170.epw
county_id	G0100190	create_custom_building_from_spec	weather_file_name=G0100190.epw
county_id	G0100210	create_custom_building_from_spec	weather_file_name=G0100210.epw
county_id	G0100230	create_custom_building_from_spec	weather_file_name=G0100230.epw
county_id	G0100250	create_custom_building_from_spec	weather_file_name=G0100250.epw
county_id	G0100270	create_custom_building_from_spec	weather_file_name=G0100270.epw
county_id	G0100290	create_custom_building_from_spec	weather_file_name=G0100290.epw
county_id	G0100310	create_custom_building_from_spec	weather_file_name=G0100310.epw
county_id	G0100330	create_custom_building_from_spec	weather_file_name=G0100330.epw
county_id	G0100350	create_custom_building_from_spec	weather_file_name=G0100350.epw
county_id	G0100370	create_custom_building_from_spec	weather_file_name=G0100370.epw
county_id	G0100390	create_custom_building_from_spec	weather_file_name=G0100390.epw
county_id	G0100410	create_custom_building_from_spec	weather_file_name=G0100410.epw
county_id	G0100430	create_custom_building_from_spec	weather_file_name=G0100430.epw
county_id	G0100450	create_custom_building_from_spec	weather_file_name=G0100450.epw
county_id	G0100470	create_custom_building_from_spec	weather_file_name=G0100470.epw
county_id	G0100490	create_custom_building_from_spec	weather_file_name=G0100490.epw
county_id	G0100510	create_custom_building_from_spec	weather_file_name=G0100510.epw
county_id	G0100530	create_custom_building_from_spec	weather_file_name=G0100530.epw
county_id	G0100550	create_custom_building_from_spec	weather_file_name=G0100550.epw
county_id	G0100570	create_custom_building_from_spec	weather_file_name=G0100570.epw
county_id	G0100590	create_custom_building_from_spec	weather_file_name=G0100590.epw
county_id	G0100610	create_custom_building_from_spec	weather_file_name=G0100610.epw
county_id	G0100630	create_custom_building_from_spec	weather_file_name=G0100630.epw
county_id	G0100650	create_custom_building_from_spec	weather_file_name=G0100650.epw
county_id	G0100670	create_custom_building_from_spec	weather_file_name=G0100670.epw
county_id	G0100690	create_custom_building_from_spec	weather_file_name=G0100690.epw
county_id	G0100710	create_custom_building_from_spec	weather_file_name=G0100710.epw
county_id	G0100730	create_custom_building_from_spec	weather_file_name=G0100730.epw
county_id	G0100750	create_custom_building_from_spec	weather_file_name=G0100750.epw
county_id	G0100770	create_custom_building_from_spec	weather_file_name=G0100770.epw
county_id	G0100790	create_custom_building_from_spec	weather_file_name=G0100790.epw
county_id	G0100810	create_custom_building_from_spec	weather_file_name=G0100810.epw
county_id	G0100830	create_custom_building_from_spec	weather_file_name=G0100830.epw
county_id	G0100850	create_custom_building_from_spec	weather_file_name=G0100850.epw
county_id	G0100870	create_custom_building_from_spec	weather_file_name=G0100870.epw
county_id	G0100890	create_custom_building_from_spec	weather_file_name=G0100890.epw
county_id	G0100910	create_custom_building_from_spec	weather_file_name=G0100910.epw
county_id	G0100930	create_custom_building_from_spec	weather_file_name=G0100930.epw
county_id	G0100950	create_custom_building_from_spec	weather_file_name=G0100950.epw
county_id	G0100970	create_custom_building_from_spec	weather_file_name=G0100970.epw
county_id	G0100990	create_custom_building_from_spec	weather_file_name=G0100990.epw
county_id	G0101010	create_custom_building_from_spec	weather_file_name=G0101010.epw
county_id	G0101030	create_custom_building_from_spec	weather_file_name=G0101030.epw
county_id	G0101050	create_custom_building_from_spec	weather_file_name=G0101050.epw
county_id	G0101070	create_custom_building_from_spec	weather_file_name=G0101070.epw
county_id	G0101090	create_custom_building_from_spec	weather_file_name=G0101090.epw
county_id	G0101110	create_custom_building_from_spec	weather_file_name=G0101110.epw
county_id	G0101130	create_custom_building_from_spec	weather_file_name=G0101130.epw
county_id	G0101150	create_custom_building_from_spec	weather_file_name=G0101150.epw
county_id	G0101170	create_custom_building_from_spec	weather_file_name=G0101170.epw
county_id	G0101190	create_custom_building_from_spec	weather_file_name=G0101190.epw
county_id	G0101210	create_custom_building_from_spec	weather_file_name=G0101210.epw
county_id	G0101230	create_custom_building_from_spec	weather_file_name=G0101230.epw
county_id	G0101250	create_custom_building_from_spec	weather_file_name=G0101250.epw
county_id	G0101270	create_custom_building_from_spec	weather_file_name=G0101270.epw
county_id	G0101290	create_custom_building_from_spec	weather_file_name=G0101290.epw
county_id	G0101310	create_custom_building_from_spec	weather_file_name=G0101310.epw
county_id	G0101330	create_custom_building_from_spec	weather_file_name=G0101330.epw
county_id	G0200130	create_custom_building_from_spec	weather_file_name=G0200130.epw
county_id	G0200160	create_custom_building_from_spec	weather_file_name=G0200160.epw
county_id	G0200200	create_custom_building_from_spec	weather_file_name=G0200200.epw
county_id	G0200500	create_custom_building_from_spec	weather_file_name=G0200500.epw
county_id	G0200600	create_custom_building_from_spec	weather_file_name=G0200600.epw
county_id	G0200680	create_custom_building_from_spec	weather_file_name=G0200680.epw
county_id	G0200700	create_custom_building_from_spec	weather_file_name=G0200700.epw
county_id	G0200900	create_custom_building_from_spec	weather_file_name=G0200900.epw
county_id	G0201000	create_custom_building_from_spec	weather_file_name=G0201100.epw
county_id	G0201050	create_custom_building_from_spec	weather_file_name=G0201100.epw
county_id	G0201100	create_custom_building_from_spec	weather_file_name=G0201100.epw
county_id	G0201220	create_custom_building_from_spec	weather_file_name=G0201220.epw
county_id	G0201300	create_custom_building_from_spec	weather_file_name=G0201300.epw
county_id	G0201500	create_custom_building_from_spec	weather_file_name=G0201500.epw
county_id	G0201640	create_custom_building_from_spec	weather_file_name=G0201640.epw
county_id	G0201700	create_custom_building_from_spec	weather_file_name=G0201700.epw
county_id	G0201800	create_custom_building_from_spec	weather_file_name=G0201800.epw
county_id	G0201850	create_custom_building_from_spec	weather_file_name=G0201850.epw
county_id	G0201880	create_custom_building_from_spec	weather_file_name=G0201880.epw
county_id	G0201950	create_custom_building_from_spec	weather_file_name=G0201880.epw
county_id	G0201980	create_custom_building_from_spec	weather_file_name=G0201880.epw
county_id	G0202200	create_custom_building_from_spec	weather_file_name=G0202200.epw
county_id	G0202300	create_custom_building_from_spec	weather_file_name=G0202200.epw
county_id	G0202400	create_custom_building_from_spec	weather_file_name=G0202400.epw
county_id	G0202610	create_custom_building_from_spec	weather_file_name=G0202610.epw
county_id	G0202700	create_custom_building_from_spec	weather_file_name=G0202610.epw
county_id	G0202750	create_custom_building_from_spec	weather_file_name=G0202610.epw
county_id	G0202800	create_custom_building_from_spec	weather_file_name=G0202610.epw
county_id	G0202820	create_custom_building_from_spec	weather_file_name=G0202610.epw
county_id	G0202900	create_custom_building_from_spec	weather_file_name=G0202610.epw
county_id	G0400010	create_custom_building_from_spec	weather_file_name=G0400010.epw
county_id	G0400030	create_custom_building_from_spec	weather_file_name=G0400030.epw
county_id	G0400050	create_custom_building_from_spec	weather_file_name=G0400050.epw
county_id	G0400070	create_custom_building_from_spec	weather_file_name=G0400070.epw
county_id	G0400090	create_custom_building_from_spec	weather_file_name=G0400090.epw
county_id	G0400110	create_custom_building_from_spec	weather_file_name=G0400110.epw
county_id	G0400120	create_custom_building_from_spec	weather_file_name=G0400120.epw
county_id	G0400130	create_custom_building_from_spec	weather_file_name=G0400130.epw
county_id	G0400150	create_custom_building_from_spec	weather_file_name=G0400150.epw
county_id	G0400170	create_custom_building_from_spec	weather_file_name=G0400170.epw
county_id	G0400190	create_custom_building_from_spec	weather_file_name=G0400190.epw
county_id	G0400210	create_custom_building_from_spec	weather_file_name=G0400210.epw
county_id	G0400230	create_custom_building_from_spec	weather_file_name=G0400230.epw
county_id	G0400250	create_custom_building_from_spec	weather_file_name=G0400250.epw
county_id	G0400270	create_custom_building_from_spec	weather_file_name=G0400270.epw
county_id	G0500010	create_custom_building_from_spec	weather_file_name=G0500010.epw
county_id	G0500030	create_custom_building_from_spec	weather_file_name=G0500030.epw
county_id	G0500050	create_custom_building_from_spec	weather_file_name=G0500050.epw
county_id	G0500070	create_custom_building_from_spec	weather_file_name=G0500070.epw
county_id	G0500090	create_custom_building_from_spec	weather_file_name=G0500090.epw
county_id	G0500110	create_custom_building_from_spec	weather_file_name=G0500110.epw
county_id	G0500130	create_custom_building_from_spec	weather_file_name=G0500130.epw
county_id	G0500150	create_custom_building_from_spec	weather_file_name=G0500150.epw
county_id	G0500170	create_custom_building_from_spec	weather_file_name=G0500170.epw
county_id	G0500190	create_custom_building_from_spec	weather_file_name=G0500190.epw
county_id	G0500210	create_custom_building_from_spec	weather_file_name=G0500210.epw
county_id	G0500230	create_custom_building_from_spec	weather_file_name=G0500230.epw
county_id	G0500250	create_custom_building_from_spec	weather_file_name=G0500250.epw
county_id	G0500270	create_custom_building_from_spec	weather_file_name=G0500270.epw
county_id	G0500290	create_custom_building_from_spec	weather_file_name=G0500290.epw
county_id	G0500310	create_custom_building_from_spec	weather_file_name=G0500310.epw
county_id	G0500330	create_custom_building_from_spec	weather_file_name=G0500330.epw
county_id	G0500350	create_custom_building_from_spec	weather_file_name=G0500350.epw
county_id	G0500370	create_custom_building_from_spec	weather_file_name=G0500370.epw
county_id	G0500390	create_custom_building_from_spec	weather_file_name=G0500390.epw
county_id	G0500410	create_custom_building_from_spec	weather_file_name=G0500410.epw
county_id	G0500430	create_custom_building_from_spec	weather_file_name=G0500430.epw
county_id	G0500450	create_custom_building_from_spec	weather_file_name=G0500450.epw
county_id	G0500470	create_custom_building_from_spec	weather_file_name=G0500470.epw
county_id	G0500490	create_custom_building_from_spec	weather_file_name=G0500490.epw
county_id	G0500510	create_custom_building_from_spec	weather_file_name=G0500510.epw
county_id	G0500530	create_custom_building_from_spec	weather_file_name=G0500530.epw
county_id	G0500550	create_custom_building_from_spec	weather_file_name=G0500550.epw
county_id	G0500570	create_custom_building_from_spec	weather_file_name=G0500570.epw
county_id	G0500590	create_custom_building_from_spec	weather_file_name=G0500590.epw
county_id	G0500610	create_custom_building_from_spec	weather_file_name=G0500610.epw
county_id	G0500630	create_custom_building_from_spec	weather_file_name=G0500630.epw
county_id	G0500650	create_custom_building_from_spec	weather_file_name=G0500650.epw
county_id	G0500670	create_custom_building_from_spec	weather_file_name=G0500670.epw
county_id	G0500690	create_custom_building_from_spec	weather_file_name=G0500690.epw
county_id	G0500710	create_custom_building_from_spec	weather_file_name=G0500710.epw
county_id	G0500730	create_custom_building_from_spec	weather_file_name=G0500730.epw
county_id	G0500750	create_custom_building_from_spec	weather_file_name=G0500750.epw
county_id	G0500770	create_custom_building_from_spec	weather_file_name=G0500770.epw
county_id	G0500790	create_custom_building_from_spec	weather_file_name=G0500790.epw
county_id	G0500810	create_custom_building_from_spec	weather_file_name=G0500810.epw
county_id	G0500830	create_custom_building_from_spec	weather_file_name=G0500830.epw
county_id	G0500850	create_custom_building_from_spec	weather_file_name=G0500850.epw
county_id	G0500870	create_custom_building_from_spec	weather_file_name=G0500870.epw
county_id	G0500890	create_custom_building_from_spec	weather_file_name=G0500890.epw
county_id	G0500910	create_custom_building_from_spec	weather_file_name=G0500910.epw
county_id	G0500930	create_custom_building_from_spec	weather_file_name=G0500930.epw
county_id	G0500950	create_custom_building_from_spec	weather_file_name=G0500950.epw
county_id	G0500970	create_custom_building_from_spec	weather_file_name=G0500970.epw
county_id	G0500990	create_custom_building_from_spec	weather_file_name=G0500990.epw
county_id	G0501010	create_custom_building_from_spec	weather_file_name=G0501010.epw
county_id	G0501030	create_custom_building_from_spec	weather_file_name=G0501030.epw
county_id	G0501050	create_custom_building_from_spec	weather_file_name=G0501050.epw
county_id	G0501070	create_custom_building_from_spec	weather_file_name=G0501070.epw
county_id	G0501090	create_custom_building_from_spec	weather_file_name=G0501090.epw
county_id	G0501110	create_custom_building_from_spec	weather_file_name=G0501110.epw
county_id	G0501130	create_custom_building_from_spec	weather_file_name=G0501130.epw
county_id	G0501150	create_custom_building_from_spec	weather_file_name=G0501150.epw
county_id	G0501170	create_custom_building_from_spec	weather_file_name=G0501170.epw
county_id	G0501190	create_custom_building_from_spec	weather_file_name=G0501190.epw
county_id	G0501210	create_custom_building_from_spec	weather_file_name=G0501210.epw
county_id	G0501230	create_custom_building_from_spec	weather_file_name=G0501230.epw
county_id	G0501250	create_custom_building_from_spec	weather_file_name=G0501250.epw
county_id	G0501270	create_custom_building_from_spec	weather_file_name=G0501270.epw
county_id	G0501290	create_custom_building_from_spec	weather_file_name=G0501290.epw
county_id	G0501310	create_custom_building_from_spec	weather_file_name=G0501310.epw
county_id	G0501330	create_custom_building_from_spec	weather_file_name=G0501330.epw
county_id	G0501350	create_custom_building_from_spec	weather_file_name=G0501350.epw
county_id	G0501370	create_custom_building_from_spec	weather_file_name=G0501370.epw
county_id	G0501390	create_custom_building_from_spec	weather_file_name=G0501390.epw
county_id	G0501410	create_custom_building_from_spec	weather_file_name=G0501410.epw
county_id	G0501430	create_custom_building_from_spec	weather_file_name=G0501430.epw
county_id	G0501450	create_custom_building_from_spec	weather_file_name=G0501450.epw
county_id	G0501470	create_custom_building_from_spec	weather_file_name=G0501450.epw
county_id	G0501490	create_custom_building_from_spec	weather_file_name=G0501490.epw
county_id	G0600010	create_custom_building_from_spec	weather_file_name=G0600010.epw
county_id	G0600030	create_custom_building_from_spec	weather_file_name=G0600030.epw
county_id	G0600050	create_custom_building_from_spec	weather_file_name=G0600050.epw
county_id	G0600070	create_custom_building_from_spec	weather_file_name=G0600070.epw
county_id	G0600090	create_custom_building_from_spec	weather_file_name=G0600090.epw
county_id	G0600110	create_custom_building_from_spec	weather_file_name=G0600110.epw
county_id	G0600130	create_custom_building_from_spec	weather_file_name=G0600130.epw
county_id	G0600150	create_custom_building_from_spec	weather_file_name=G0600150.epw
county_id	G0600170	create_custom_building_from_spec	weather_file_name=G0600170.epw
county_id	G0600190	create_custom_building_from_spec	weather_file_name=G0600190.epw
county_id	G0600210	create_custom_building_from_spec	weather_file_name=G0600210.epw
county_id	G0600230	create_custom_building_from_spec	weather_file_name=G0600230.epw
county_id	G0600250	create_custom_building_from_spec	weather_file_name=G0600250.epw
county_id	G0600270	create_custom_building_from_spec	weather_file_name=G0600270.epw
county_id	G0600290	create_custom_building_from_spec	weather_file_name=G0600290.epw
county_id	G0600310	create_custom_building_from_spec	weather_file_name=G0600310.epw
county_id	G0600330	create_custom_building_from_spec	weather_file_name=G0600330.epw
county_id	G0600350	create_custom_building_from_spec	weather_file_name=G0600350.epw
county_id	G0600370	create_custom_building_from_spec	weather_file_name=G0600370.epw
county_id	G0600390	create_custom_building_from_spec	weather_file_name=G0600390.epw
county_id	G0600410	create_custom_building_from_spec	weather_file_name=G0600410.epw
county_id	G0600430	create_custom_building_from_spec	weather_file_name=G0600430.epw
county_id	G0600450	create_custom_building_from_spec	weather_file_name=G0600450.epw
county_id	G0600470	create_custom_building_from_spec	weather_file_name=G0600470.epw
county_id	G0600490	create_custom_building_from_spec	weather_file_name=G0600490.epw
county_id	G0600510	create_custom_building_from_spec	weather_file_name=G0600510.epw
county_id	G0600530	create_custom_building_from_spec	weather_file_name=G0600530.epw
county_id	G0600550	create_custom_building_from_spec	weather_file_name=G0600550.epw
county_id	G0600570	create_custom_building_from_spec	weather_file_name=G0600570.epw
county_id	G0600590	create_custom_building_from_spec	weather_file_name=G0600590.epw
county_id	G0600610	create_custom_building_from_spec	weather_file_name=G0600610.epw
county_id	G0600630	create_custom_building_from_spec	weather_file_name=G0600630.epw
county_id	G0600650	create_custom_building_from_spec	weather_file_name=G0600650.epw
county_id	G0600670	create_custom_building_from_spec	weather_file_name=G0600670.epw
county_id	G0600690	create_custom_building_from_spec	weather_file_name=G0600690.epw
county_id	G0600710	create_custom_building_from_spec	weather_file_name=G0600710.epw
county_id	G0600730	create_custom_building_from_spec	weather_file_name=G0600730.epw
county_id	G0600750	create_custom_building_from_spec	weather_file_name=G0600750.epw
county_id	G0600770	create_custom_building_from_spec	weather_file_name=G0600770.epw
county_id	G0600790	create_custom_building_from_spec	weather_file_name=G0600790.epw
county_id	G0600810	create_custom_building_from_spec	weather_file_name=G0600810.epw
county_id	G0600830	create_custom_building_from_spec	weather_file_name=G0600830.epw
county_id	G0600850	create_custom_building_from_spec	weather_file_name=G0600850.epw
county_id	G0600870	create_custom_building_from_spec	weather_file_name=G0600870.epw
county_id	G0600890	create_custom_building_from_spec	weather_file_name=G0600890.epw
county_id	G0600910	create_custom_building_from_spec	weather_file_name=G0600910.epw
county_id	G0600930	create_custom_building_from_spec	weather_file_name=G0600930.epw
county_id	G0600950	create_custom_building_from_spec	weather_file_name=G0600950.epw
county_id	G0600970	create_custom_building_from_spec	weather_file_name=G0600970.epw
county_id	G0600990	create_custom_building_from_spec	weather_file_name=G0600990.epw
county_id	G0601010	create_custom_building_from_spec	weather_file_name=G0601010.epw
county_id	G0601030	create_custom_building_from_spec	weather_file_name=G0601030.epw
county_id	G0601050	create_custom_building_from_spec	weather_file_name=G0601050.epw
county_id	G0601070	create_custom_building_from_spec	weather_file_name=G0601070.epw
county_id	G0601090	create_custom_building_from_spec	weather_file_name=G0601090.epw
county_id	G0601110	create_custom_building_from_spec	weather_file_name=G0601110.epw
county_id	G0601130	create_custom_building_from_spec	weather_file_name=G0601130.epw
county_id	G0601150	create_custom_building_from_spec	weather_file_name=G0601150.epw
county_id	G0800010	create_custom_building_from_spec	weather_file_name=G0800010.epw
county_id	G0800030	create_custom_building_from_spec	weather_file_name=G0800030.epw
county_id	G0800050	create_custom_building_from_spec	weather_file_name=G0800050.epw
county_id	G0800070	create_custom_building_from_spec	weather_file_name=G0800070.epw
county_id	G0800090	create_custom_building_from_spec	weather_file_name=G0800090.epw
county_id	G0800110	create_custom_building_from_spec	weather_file_name=G0800110.epw
county_id	G0800130	create_custom_building_from_spec	weather_file_name=G0800130.epw
county_id	G0800140	create_custom_building_from_spec	weather_file_name=G0800140.epw
county_id	G0800150	create_custom_building_from_spec	weather_file_name=G0800150.epw
county_id	G0800170	create_custom_building_from_spec	weather_file_name=G0800170.epw
county_id	G0800190	create_custom_building_from_spec	weather_file_name=G0800190.epw
county_id	G0800210	create_custom_building_from_spec	weather_file_name=G0800210.epw
county_id	G0800230	create_custom_building_from_spec	weather_file_name=G0800230.epw
county_id	G0800250	create_custom_building_from_spec	weather_file_name=G0800250.epw
county_id	G0800270	create_custom_building_from_spec	weather_file_name=G0800270.epw
county_id	G0800290	create_custom_building_from_spec	weather_file_name=G0800290.epw
county_id	G0800310	create_custom_building_from_spec	weather_file_name=G0800310.epw
county_id	G0800330	create_custom_building_from_spec	weather_file_name=G0800330.epw
county_id	G0800350	create_custom_building_from_spec	weather_file_name=G0800350.epw
county_id	G0800370	create_custom_building_from_spec	weather_file_name=G0800370.epw
county_id	G0800390	create_custom_building_from_spec	weather_file_name=G0800390.epw
county_id	G0800410	create_custom_building_from_spec	weather_file_name=G0800410.epw
county_id	G0800430	create_custom_building_from_spec	weather_file_name=G0800430.epw
county_id	G0800450	create_custom_building_from_spec	weather_file_name=G0800450.epw
county_id	G0800470	create_custom_building_from_spec	weather_file_name=G0800470.epw
county_id	G0800490	create_custom_building_from_spec	weather_file_name=G0800490.epw
county_id	G0800510	create_custom_building_from_spec	weather_file_name=G0800510.epw
county_id	G0800530	create_custom_building_from_spec	weather_file_name=G0800530.epw
county_id	G0800550	create_custom_building_from_spec	weather_file_name=G0800550.epw
county_id	G0800570	create_custom_building_from_spec	weather_file_name=G0800570.epw
county_id	G0800590	create_custom_building_from_spec	weather_file_name=G0800590.epw
county_id	G0800610	create_custom_building_from_spec	weather_file_name=G0800610.epw
county_id	G0800630	create_custom_building_from_spec	weather_file_name=G0800630.epw
county_id	G0800650	create_custom_building_from_spec	weather_file_name=G0800650.epw
county_id	G0800670	create_custom_building_from_spec	weather_file_name=G0800670.epw
county_id	G0800690	create_custom_building_from_spec	weather_file_name=G0800690.epw
county_id	G0800710	create_custom_building_from_spec	weather_file_name=G0800710.epw
county_id	G0800730	create_custom_building_from_spec	weather_file_name=G0800730.epw
county_id	G0800750	create_custom_building_from_spec	weather_file_name=G0800750.epw
county_id	G0800770	create_custom_building_from_spec	weather_file_name=G0800770.epw
county_id	G0800790	create_custom_building_from_spec	weather_file_name=G0800790.epw
county_id	G0800810	create_custom_building_from_spec	weather_file_name=G0800810.epw
county_id	G0800830	create_custom_building_from_spec	weather_file_name=G0800830.epw
county_id	G0800850	create_custom_building_from_spec	weather_file_name=G0800850.epw
county_id	G0800870	create_custom_building_from_spec	weather_file_name=G0800870.epw
county_id	G0800890	create_custom_building_from_spec	weather_file_name=G0800890.epw
county_id	G0800910	create_custom_building_from_spec	weather_file_name=G0800910.epw
county_id	G0800930	create_custom_building_from_spec	weather_file_name=G0800930.epw
county_id	G0800950	create_custom_building_from_spec	weather_file_name=G0800950.epw
county_id	G0800970	create_custom_building_from_spec	weather_file_name=G0800970.epw
county_id	G0800990	create_custom_building_from_spec	weather_file_name=G0800990.epw
county_id	G0801010	create_custom_building_from_spec	weather_file_name=G0801010.epw
county_id	G0801030	create_custom_building_from_spec	weather_file_name=G0801030.epw
county_id	G0801050	create_custom_building_from_spec	weather_file_name=G0801050.epw
county_id	G0801070	create_custom_building_from_spec	weather_file_name=G0801070.epw
county_id	G0801090	create_custom_building_from_spec	weather_file_name=G0801090.epw
county_id	G0801110	create_custom_building_from_spec	weather_file_name=G0801110.epw
county_id	G0801130	create_custom_building_from_spec	weather_file_name=G0801130.epw
county_id	G0801150	create_custom_building_from_spec	weather_file_name=G0801150.epw
county_id	G0801170	create_custom_building_from_spec	weather_file_name=G0801170.epw
county_id	G0801190	create_custom_building_from_spec	weather_file_name=G0801190.epw
county_id	G0801210	create_custom_building_from_spec	weather_file_name=G0801210.epw
county_id	G0801230	create_custom_building_from_spec	weather_file_name=G0801230.epw
county_id	G0801250	create_custom_building_from_spec	weather_file_name=G0801250.epw
county_id	G0900010	create_custom_building_from_spec	weather_file_name=G0900010.epw
county_id	G0900030	create_custom_building_from_spec	weather_file_name=G0900030.epw
county_id	G0900050	create_custom_building_from_spec	weather_file_name=G0900050.epw
county_id	G0900070	create_custom_building_from_spec	weather_file_name=G0900070.epw
county_id	G0900090	create_custom_building_from_spec	weather_file_name=G0900090.epw
county_id	G0900110	create_custom_building_from_spec	weather_file_name=G0900110.epw
county_id	G0900130	create_custom_building_from_spec	weather_file_name=G0900130.epw
county_id	G0900150	create_custom_building_from_spec	weather_file_name=G0900150.epw
county_id	G1000010	create_custom_building_from_spec	weather_file_name=G1000010.epw
county_id	G1000030	create_custom_building_from_spec	weather_file_name=G1000030.epw
county_id	G1000050	create_custom_building_from_spec	weather_file_name=G1000050.epw
county_id	G1100010	create_custom_building_from_spec	weather_file_name=G1100010.epw
county_id	G1200010	create_custom_building_from_spec	weather_file_name=G1200010.epw
county_id	G1200030	create_custom_building_from_spec	weather_file_name=G1200030.epw
county_id	G1200050	create_custom_building_from_spec	weather_file_name=G1200050.epw
county_id	G1200070	create_custom_building_from_spec	weather_file_name=G1200070.epw
county_id	G1200090	create_custom_building_from_spec	weather_file_name=G1200090.epw
county_id	G1200110	create_custom_building_from_spec	weather_file_name=G1200110.epw
county_id	G1200130	create_custom_building_from_spec	weather_file_name=G1200130.epw
county_id	G1200150	create_custom_building_from_spec	weather_file_name=G1200150.epw
county_id	G1200170	create_custom_building_from_spec	weather_file_name=G1200170.epw
county_id	G1200190	create_custom_building_from_spec	weather_file_name=G1200190.epw
county_id	G1200210	create_custom_building_from_spec	weather_file_name=G1200210.epw
county_id	G1200230	create_custom_building_from_spec	weather_file_name=G1200230.epw
county_id	G1200270	create_custom_building_from_spec	weather_file_name=G1200270.epw
county_id	G1200290	create_custom_building_from_spec	weather_file_name=G1200290.epw
county_id	G1200310	create_custom_building_from_spec	weather_file_name=G1200310.epw
county_id	G1200330	create_custom_building_from_spec	weather_file_name=G1200330.epw
county_id	G1200350	create_custom_building_from_spec	weather_file_name=G1200350.epw
county_id	G1200370	create_custom_building_from_spec	weather_file_name=G1200370.epw
county_id	G1200390	create_custom_building_from_spec	weather_file_name=G1200390.epw
county_id	G1200410	create_custom_building_from_spec	weather_file_name=G1200410.epw
county_id	G1200430	create_custom_building_from_spec	weather_file_name=G1200430.epw
county_id	G1200450	create_custom_building_from_spec	weather_file_name=G1200450.epw
county_id	G1200470	create_custom_building_from_spec	weather_file_name=G1200470.epw
county_id	G1200490	create_custom_building_from_spec	weather_file_name=G1200490.epw
county_id	G1200510	create_custom_building_from_spec	weather_file_name=G1200510.epw
county_id	G1200530	create_custom_building_from_spec	weather_file_name=G1200530.epw
county_id	G1200550	create_custom_building_from_spec	weather_file_name=G1200550.epw
county_id	G1200570	create_custom_building_from_spec	weather_file_name=G1200570.epw
county_id	G1200590	create_custom_building_from_spec	weather_file_name=G1200590.epw
county_id	G1200610	create_custom_building_from_spec	weather_file_name=G1200610.epw
county_id	G1200630	create_custom_building_from_spec	weather_file_name=G1200630.epw
county_id	G1200650	create_custom_building_from_spec	weather_file_name=G1200650.epw
county_id	G1200670	create_custom_building_from_spec	weather_file_name=G1200670.epw
county_id	G1200690	create_custom_building_from_spec	weather_file_name=G1200690.epw
county_id	G1200710	create_custom_building_from_spec	weather_file_name=G1200710.epw
county_id	G1200730	create_custom_building_from_spec	weather_file_name=G1200730.epw
county_id	G1200750	create_custom_building_from_spec	weather_file_name=G1200750.epw
county_id	G1200770	create_custom_building_from_spec	weather_file_name=G1200770.epw
county_id	G1200790	create_custom_building_from_spec	weather_file_name=G1200790.epw
county_id	G1200810	create_custom_building_from_spec	weather_file_name=G1200810.epw
county_id	G1200830	create_custom_building_from_spec	weather_file_name=G1200830.epw
county_id	G1200850	create_custom_building_from_spec	weather_file_name=G1200850.epw
county_id	G1200860	create_custom_building_from_spec	weather_file_name=G1200860.epw
county_id	G1200870	create_custom_building_from_spec	weather_file_name=G1200870.epw
county_id	G1200890	create_custom_building_from_spec	weather_file_name=G1200890.epw
county_id	G1200910	create_custom_building_from_spec	weather_file_name=G1200910.epw
county_id	G1200930	create_custom_building_from_spec	weather_file_name=G1200930.epw
county_id	G1200950	create_custom_building_from_spec	weather_file_name=G1200950.epw
county_id	G1200970	create_custom_building_from_spec	weather_file_name=G1200970.epw
county_id	G1200990	create_custom_building_from_spec	weather_file_name=G1200990.epw
county_id	G1201010	create_custom_building_from_spec	weather_file_name=G1201010.epw
county_id	G1201030	create_custom_building_from_spec	weather_file_name=G1201030.epw
county_id	G1201050	create_custom_building_from_spec	weather_file_name=G1201050.epw
county_id	G1201070	create_custom_building_from_spec	weather_file_name=G1201070.epw
county_id	G1201090	create_custom_building_from_spec	weather_file_name=G1201090.epw
county_id	G1201110	create_custom_building_from_spec	weather_file_name=G1201110.epw
county_id	G1201130	create_custom_building_from_spec	weather_file_name=G1201130.epw
county_id	G1201150	create_custom_building_from_spec	weather_file_name=G1201150.epw
county_id	G1201170	create_custom_building_from_spec	weather_file_name=G1201170.epw
county_id	G1201190	create_custom_building_from_spec	weather_file_name=G1201190.epw
county_id	G1201210	create_custom_building_from_spec	weather_file_name=G1201210.epw
county_id	G1201230	create_custom_building_from_spec	weather_file_name=G1201230.epw
county_id	G1201250	create_custom_building_from_spec	weather_file_name=G1201250.epw
county_id	G1201270	create_custom_building_from_spec	weather_file_name=G1201270.epw
county_id	G1201290	create_custom_building_from_spec	weather_file_name=G1201290.epw
county_id	G1201310	create_custom_building_from_spec	weather_file_name=G1201310.epw
county_id	G1201330	create_custom_building_from_spec	weather_file_name=G1201330.epw
county_id	G1300010	create_custom_building_from_spec	weather_file_name=G1300010.epw
county_id	G1300030	create_custom_building_from_spec	weather_file_name=G1300030.epw
county_id	G1300050	create_custom_building_from_spec	weather_file_name=G1300050.epw
county_id	G1300070	create_custom_building_from_spec	weather_file_name=G1300070.epw
county_id	G1300090	create_custom_building_from_spec	weather_file_name=G1300090.epw
county_id	G1300110	create_custom_building_from_spec	weather_file_name=G1300110.epw
county_id	G1300130	create_custom_building_from_spec	weather_file_name=G1300130.epw
county_id	G1300150	create_custom_building_from_spec	weather_file_name=G1300150.epw
county_id	G1300170	create_custom_building_from_spec	weather_file_name=G1300170.epw
county_id	G1300190	create_custom_building_from_spec	weather_file_name=G1300190.epw
county_id	G1300210	create_custom_building_from_spec	weather_file_name=G1300210.epw
county_id	G1300230	create_custom_building_from_spec	weather_file_name=G1300230.epw
county_id	G1300250	create_custom_building_from_spec	weather_file_name=G1300250.epw
county_id	G1300270	create_custom_building_from_spec	weather_file_name=G1300270.epw
county_id	G1300290	create_custom_building_from_spec	weather_file_name=G1300290.epw
county_id	G1300310	create_custom_building_from_spec	weather_file_name=G1300310.epw
county_id	G1300330	create_custom_building_from_spec	weather_file_name=G1300330.epw
county_id	G1300350	create_custom_building_from_spec	weather_file_name=G1300350.epw
county_id	G1300370	create_custom_building_from_spec	weather_file_name=G1300370.epw
county_id	G1300390	create_custom_building_from_spec	weather_file_name=G1300390.epw
county_id	G1300430	create_custom_building_from_spec	weather_file_name=G1300430.epw
county_id	G1300450	create_custom_building_from_spec	weather_file_name=G1300450.epw
county_id	G1300470	create_custom_building_from_spec	weather_file_name=G1300470.epw
county_id	G1300490	create_custom_building_from_spec	weather_file_name=G1300490.epw
county_id	G1300510	create_custom_building_from_spec	weather_file_name=G1300510.epw
county_id	G1300530	create_custom_building_from_spec	weather_file_name=G1300530.epw
county_id	G1300550	create_custom_building_from_spec	weather_file_name=G1300550.epw
county_id	G1300570	create_custom_building_from_spec	weather_file_name=G1300570.epw
county_id	G1300590	create_custom_building_from_spec	weather_file_name=G1300590.epw
county_id	G1300610	create_custom_building_from_spec	weather_file_name=G1300630.epw
county_id	G1300630	create_custom_building_from_spec	weather_file_name=G1300630.epw
county_id	G1300650	create_custom_building_from_spec	weather_file_name=G1300650.epw
county_id	G1300670	create_custom_building_from_spec	weather_file_name=G1300670.epw
county_id	G1300690	create_custom_building_from_spec	weather_file_name=G1300690.epw
county_id	G1300710	create_custom_building_from_spec	weather_file_name=G1300710.epw
county_id	G1300730	create_custom_building_from_spec	weather_file_name=G1300730.epw
county_id	G1300750	create_custom_building_from_spec	weather_file_name=G1300750.epw
county_id	G1300770	create_custom_building_from_spec	weather_file_name=G1300770.epw
county_id	G1300790	create_custom_building_from_spec	weather_file_name=G1300790.epw
county_id	G1300810	create_custom_building_from_spec	weather_file_name=G1300810.epw
county_id	G1300830	create_custom_building_from_spec	weather_file_name=G1300830.epw
county_id	G1300850	create_custom_building_from_spec	weather_file_name=G1300850.epw
county_id	G1300870	create_custom_building_from_spec	weather_file_name=G1300870.epw
county_id	G1300890	create_custom_building_from_spec	weather_file_name=G1300890.epw
county_id	G1300910	create_custom_building_from_spec	weather_file_name=G1300910.epw
county_id	G1300930	create_custom_building_from_spec	weather_file_name=G1300930.epw
county_id	G1300950	create_custom_building_from_spec	weather_file_name=G1300950.epw
county_id	G1300970	create_custom_building_from_spec	weather_file_name=G1300970.epw
county_id	G1300990	create_custom_building_from_spec	weather_file_name=G1300990.epw
county_id	G1301010	create_custom_building_from_spec	weather_file_name=G1301010.epw
county_id	G1301030	create_custom_building_from_spec	weather_file_name=G1301030.epw
county_id	G1301050	create_custom_building_from_spec	weather_file_name=G1301050.epw
county_id	G1301070	create_custom_building_from_spec	weather_file_name=G1301070.epw
county_id	G1301090	create_custom_building_from_spec	weather_file_name=G1301090.epw
county_id	G1301110	create_custom_building_from_spec	weather_file_name=G1301110.epw
county_id	G1301130	create_custom_building_from_spec	weather_file_name=G1301130.epw
county_id	G1301150	create_custom_building_from_spec	weather_file_name=G1301150.epw
county_id	G1301170	create_custom_building_from_spec	weather_file_name=G1301170.epw
county_id	G1301190	create_custom_building_from_spec	weather_file_name=G1301190.epw
county_id	G1301210	create_custom_building_from_spec	weather_file_name=G1301210.epw
county_id	G1301230	create_custom_building_from_spec	weather_file_name=G1301230.epw
county_id	G1301250	create_custom_building_from_spec	weather_file_name=G1301230.epw
county_id	G1301270	create_custom_building_from_spec	weather_file_name=G1301270.epw
county_id	G1301290	create_custom_building_from_spec	weather_file_name=G1301290.epw
county_id	G1301310	create_custom_building_from_spec	weather_file_name=G1301310.epw
county_id	G1301330	create_custom_building_from_spec	weather_file_name=G1301330.epw
county_id	G1301350	create_custom_building_from_spec	weather_file_name=G1301350.epw
county_id	G1301370	create_custom_building_from_spec	weather_file_name=G1301370.epw
county_id	G1301390	create_custom_building_from_spec	weather_file_name=G1301390.epw
county_id	G1301410	create_custom_building_from_spec	weather_file_name=G1301410.epw
county_id	G1301430	create_custom_building_from_spec	weather_file_name=G1301430.epw
county_id	G1301450	create_custom_building_from_spec	weather_file_name=G1301450.epw
county_id	G1301470	create_custom_building_from_spec	weather_file_name=G1301470.epw
county_id	G1301490	create_custom_building_from_spec	weather_file_name=G1301490.epw
county_id	G1301510	create_custom_building_from_spec	weather_file_name=G1301510.epw
county_id	G1301530	create_custom_building_from_spec	weather_file_name=G1301530.epw
county_id	G1301550	create_custom_building_from_spec	weather_file_name=G1301550.epw
county_id	G1301570	create_custom_building_from_spec	weather_file_name=G1301570.epw
county_id	G1301590	create_custom_building_from_spec	weather_file_name=G1301590.epw
county_id	G1301610	create_custom_building_from_spec	weather_file_name=G1301610.epw
county_id	G1301630	create_custom_building_from_spec	weather_file_name=G1301630.epw
county_id	G1301650	create_custom_building_from_spec	weather_file_name=G1301650.epw
county_id	G1301670	create_custom_building_from_spec	weather_file_name=G1301670.epw
county_id	G1301690	create_custom_building_from_spec	weather_file_name=G1301690.epw
county_id	G1301710	create_custom_building_from_spec	weather_file_name=G1301710.epw
county_id	G1301730	create_custom_building_from_spec	weather_file_name=G1301730.epw
county_id	G1301750	create_custom_building_from_spec	weather_file_name=G1301750.epw
county_id	G1301770	create_custom_building_from_spec	weather_file_name=G1301770.epw
county_id	G1301790	create_custom_building_from_spec	weather_file_name=G1301790.epw
county_id	G1301810	create_custom_building_from_spec	weather_file_name=G1301810.epw
county_id	G1301830	create_custom_building_from_spec	weather_file_name=G1301830.epw
county_id	G1301850	create_custom_building_from_spec	weather_file_name=G1301850.epw
county_id	G1301870	create_custom_building_from_spec	weather_file_name=G1301870.epw
county_id	G1301890	create_custom_building_from_spec	weather_file_name=G1301890.epw
county_id	G1301910	create_custom_building_from_spec	weather_file_name=G1301910.epw
county_id	G1301930	create_custom_building_from_spec	weather_file_name=G1301930.epw
county_id	G1301950	create_custom_building_from_spec	weather_file_name=G1301950.epw
county_id	G1301970	create_custom_building_from_spec	weather_file_name=G1301970.epw
county_id	G1301990	create_custom_building_from_spec	weather_file_name=G1301990.epw
county_id	G1302010	create_custom_building_from_spec	weather_file_name=G1302010.epw
county_id	G1302050	create_custom_building_from_spec	weather_file_name=G1302050.epw
county_id	G1302070	create_custom_building_from_spec	weather_file_name=G1302070.epw
county_id	G1302090	create_custom_building_from_spec	weather_file_name=G1302090.epw
county_id	G1302110	create_custom_building_from_spec	weather_file_name=G1302110.epw
county_id	G1302130	create_custom_building_from_spec	weather_file_name=G1302130.epw
county_id	G1302150	create_custom_building_from_spec	weather_file_name=G1302150.epw
county_id	G1302170	create_custom_building_from_spec	weather_file_name=G1302170.epw
county_id	G1302190	create_custom_building_from_spec	weather_file_name=G1302190.epw
county_id	G1302210	create_custom_building_from_spec	weather_file_name=G1302210.epw
county_id	G1302230	create_custom_building_from_spec	weather_file_name=G1302230.epw
county_id	G1302250	create_custom_building_from_spec	weather_file_name=G1302250.epw
county_id	G1302270	create_custom_building_from_spec	weather_file_name=G1302270.epw
county_id	G1302290	create_custom_building_from_spec	weather_file_name=G1302290.epw
county_id	G1302310	create_custom_building_from_spec	weather_file_name=G1302310.epw
county_id	G1302330	create_custom_building_from_spec	weather_file_name=G1302330.epw
county_id	G1302350	create_custom_building_from_spec	weather_file_name=G1302350.epw
county_id	G1302370	create_custom_building_from_spec	weather_file_name=G1302370.epw
county_id	G1302390	create_custom_building_from_spec	weather_file_name=G1302370.epw
county_id	G1302410	create_custom_building_from_spec	weather_file_name=G1302410.epw
county_id	G1302430	create_custom_building_from_spec	weather_file_name=G1302430.epw
county_id	G1302450	create_custom_building_from_spec	weather_file_name=G1302450.epw
county_id	G1302470	create_custom_building_from_spec	weather_file_name=G1302470.epw
county_id	G1302490	create_custom_building_from_spec	weather_file_name=G1302490.epw
county_id	G1302510	create_custom_building_from_spec	weather_file_name=G1302510.epw
county_id	G1302530	create_custom_building_from_spec	weather_file_name=G1302530.epw
county_id	G1302550	create_custom_building_from_spec	weather_file_name=G1302550.epw
county_id	G1302570	create_custom_building_from_spec	weather_file_name=G1302570.epw
county_id	G1302590	create_custom_building_from_spec	weather_file_name=G1302590.epw
county_id	G1302610	create_custom_building_from_spec	weather_file_name=G1302610.epw
county_id	G1302630	create_custom_building_from_spec	weather_file_name=G1302630.epw
county_id	G1302650	create_custom_building_from_spec	weather_file_name=G1302650.epw
county_id	G1302670	create_custom_building_from_spec	weather_file_name=G1302670.epw
county_id	G1302690	create_custom_building_from_spec	weather_file_name=G1302690.epw
county_id	G1302710	create_custom_building_from_spec	weather_file_name=G1302710.epw
county_id	G1302730	create_custom_building_from_spec	weather_file_name=G1302730.epw
county_id	G1302750	create_custom_building_from_spec	weather_file_name=G1302750.epw
county_id	G1302770	create_custom_building_from_spec	weather_file_name=G1302770.epw
county_id	G1302790	create_custom_building_from_spec	weather_file_name=G1302790.epw
county_id	G1302810	create_custom_building_from_spec	weather_file_name=G1302810.epw
county_id	G1302830	create_custom_building_from_spec	weather_file_name=G1302830.epw
county_id	G1302850	create_custom_building_from_spec	weather_file_name=G1302850.epw
county_id	G1302870	create_custom_building_from_spec	weather_file_name=G1302870.epw
county_id	G1302890	create_custom_building_from_spec	weather_file_name=G1302890.epw
county_id	G1302910	create_custom_building_from_spec	weather_file_name=G1302910.epw
county_id	G1302930	create_custom_building_from_spec	weather_file_name=G1302930.epw
county_id	G1302950	create_custom_building_from_spec	weather_file_name=G1302950.epw
county_id	G1302970	create_custom_building_from_spec	weather_file_name=G1302970.epw
county_id	G1302990	create_custom_building_from_spec	weather_file_name=G1302990.epw
county_id	G1303010	create_custom_building_from_spec	weather_file_name=G1303010.epw
county_id	G1303030	create_custom_building_from_spec	weather_file_name=G1303030.epw
county_id	G1303050	create_custom_building_from_spec	weather_file_name=G1303050.epw
county_id	G1303070	create_custom_building_from_spec	weather_file_name=G1303090.epw
county_id	G1303090	create_custom_building_from_spec	weather_file_name=G1303090.epw
county_id	G1303110	create_custom_building_from_spec	weather_file_name=G1303110.epw
county_id	G1303130	create_custom_building_from_spec	weather_file_name=G1303130.epw
county_id	G1303150	create_custom_building_from_spec	weather_file_name=G1303150.epw
county_id	G1303170	create_custom_building_from_spec	weather_file_name=G1303170.epw
county_id	G1303190	create_custom_building_from_spec	weather_file_name=G1303190.epw
county_id	G1303210	create_custom_building_from_spec	weather_file_name=G1303210.epw
county_id	G1500010	create_custom_building_from_spec	weather_file_name=G1500010.epw
county_id	G1500030	create_custom_building_from_spec	weather_file_name=G1500030.epw
county_id	G1500070	create_custom_building_from_spec	weather_file_name=G1500070.epw
county_id	G1500090	create_custom_building_from_spec	weather_file_name=G1500090.epw
county_id	G1600010	create_custom_building_from_spec	weather_file_name=G1600010.epw
county_id	G1600030	create_custom_building_from_spec	weather_file_name=G1600030.epw
county_id	G1600050	create_custom_building_from_spec	weather_file_name=G1600050.epw
county_id	G1600070	create_custom_building_from_spec	weather_file_name=G1600070.epw
county_id	G1600090	create_custom_building_from_spec	weather_file_name=G1600090.epw
county_id	G1600110	create_custom_building_from_spec	weather_file_name=G1600110.epw
county_id	G1600130	create_custom_building_from_spec	weather_file_name=G1600130.epw
county_id	G1600150	create_custom_building_from_spec	weather_file_name=G1600150.epw
county_id	G1600170	create_custom_building_from_spec	weather_file_name=G1600170.epw
county_id	G1600190	create_custom_building_from_spec	weather_file_name=G1600190.epw
county_id	G1600210	create_custom_building_from_spec	weather_file_name=G1600210.epw
county_id	G1600230	create_custom_building_from_spec	weather_file_name=G1600230.epw
county_id	G1600250	create_custom_building_from_spec	weather_file_name=G1600250.epw
county_id	G1600270	create_custom_building_from_spec	weather_file_name=G1600270.epw
county_id	G1600290	create_custom_building_from_spec	weather_file_name=G1600290.epw
county_id	G1600310	create_custom_building_from_spec	weather_file_name=G1600310.epw
county_id	G1600330	create_custom_building_from_spec	weather_file_name=G1600310.epw
county_id	G1600350	create_custom_building_from_spec	weather_file_name=G1600350.epw
county_id	G1600370	create_custom_building_from_spec	weather_file_name=G1600370.epw
county_id	G1600390	create_custom_building_from_spec	weather_file_name=G1600390.epw
county_id	G1600410	create_custom_building_from_spec	weather_file_name=G1600410.epw
county_id	G1600430	create_custom_building_from_spec	weather_file_name=G1600430.epw
county_id	G1600450	create_custom_building_from_spec	weather_file_name=G1600450.epw
county_id	G1600470	create_custom_building_from_spec	weather_file_name=G1600470.epw
county_id	G1600490	create_custom_building_from_spec	weather_file_name=G1600490.epw
county_id	G1600510	create_custom_building_from_spec	weather_file_name=G1600510.epw
county_id	G1600530	create_custom_building_from_spec	weather_file_name=G1600530.epw
county_id	G1600550	create_custom_building_from_spec	weather_file_name=G1600550.epw
county_id	G1600570	create_custom_building_from_spec	weather_file_name=G1600570.epw
county_id	G1600590	create_custom_building_from_spec	weather_file_name=G1600590.epw
county_id	G1600610	create_custom_building_from_spec	weather_file_name=G1600610.epw
county_id	G1600630	create_custom_building_from_spec	weather_file_name=G1600630.epw
county_id	G1600650	create_custom_building_from_spec	weather_file_name=G1600650.epw
county_id	G1600670	create_custom_building_from_spec	weather_file_name=G1600670.epw
county_id	G1600690	create_custom_building_from_spec	weather_file_name=G1600690.epw
county_id	G1600710	create_custom_building_from_spec	weather_file_name=G1600710.epw
county_id	G1600730	create_custom_building_from_spec	weather_file_name=G1600730.epw
county_id	G1600750	create_custom_building_from_spec	weather_file_name=G1600750.epw
county_id	G1600770	create_custom_building_from_spec	weather_file_name=G1600770.epw
county_id	G1600790	create_custom_building_from_spec	weather_file_name=G1600790.epw
county_id	G1600810	create_custom_building_from_spec	weather_file_name=G1600810.epw
county_id	G1600830	create_custom_building_from_spec	weather_file_name=G1600830.epw
county_id	G1600850	create_custom_building_from_spec	weather_file_name=G1600850.epw
county_id	G1600870	create_custom_building_from_spec	weather_file_name=G1600870.epw
county_id	G1700010	create_custom_building_from_spec	weather_file_name=G1700010.epw
county_id	G1700030	create_custom_building_from_spec	weather_file_name=G1700030.epw
county_id	G1700050	create_custom_building_from_spec	weather_file_name=G1700050.epw
county_id	G1700070	create_custom_building_from_spec	weather_file_name=G1700070.epw
county_id	G1700090	create_custom_building_from_spec	weather_file_name=G1700090.epw
county_id	G1700110	create_custom_building_from_spec	weather_file_name=G1700110.epw
county_id	G1700130	create_custom_building_from_spec	weather_file_name=G1700130.epw
county_id	G1700150	create_custom_building_from_spec	weather_file_name=G1700150.epw
county_id	G1700170	create_custom_building_from_spec	weather_file_name=G1700170.epw
county_id	G1700190	create_custom_building_from_spec	weather_file_name=G1700190.epw
county_id	G1700210	create_custom_building_from_spec	weather_file_name=G1700210.epw
county_id	G1700230	create_custom_building_from_spec	weather_file_name=G1700230.epw
county_id	G1700250	create_custom_building_from_spec	weather_file_name=G1700250.epw
county_id	G1700270	create_custom_building_from_spec	weather_file_name=G1700270.epw
county_id	G1700290	create_custom_building_from_spec	weather_file_name=G1700290.epw
county_id	G1700310	create_custom_building_from_spec	weather_file_name=G1700310.epw
county_id	G1700330	create_custom_building_from_spec	weather_file_name=G1700330.epw
county_id	G1700350	create_custom_building_from_spec	weather_file_name=G1700350.epw
county_id	G1700370	create_custom_building_from_spec	weather_file_name=G1700370.epw
county_id	G1700390	create_custom_building_from_spec	weather_file_name=G1700390.epw
county_id	G1700410	create_custom_building_from_spec	weather_file_name=G1700410.epw
county_id	G1700430	create_custom_building_from_spec	weather_file_name=G1700430.epw
county_id	G1700450	create_custom_building_from_spec	weather_file_name=G1700450.epw
county_id	G1700470	create_custom_building_from_spec	weather_file_name=G1700470.epw
county_id	G1700490	create_custom_building_from_spec	weather_file_name=G1700490.epw
county_id	G1700510	create_custom_building_from_spec	weather_file_name=G1700510.epw
county_id	G1700530	create_custom_building_from_spec	weather_file_name=G1700530.epw
county_id	G1700550	create_custom_building_from_spec	weather_file_name=G1700550.epw
county_id	G1700570	create_custom_building_from_spec	weather_file_name=G1700570.epw
county_id	G1700590	create_custom_building_from_spec	weather_file_name=G1700590.epw
county_id	G1700610	create_custom_building_from_spec	weather_file_name=G1700610.epw
county_id	G1700630	create_custom_building_from_spec	weather_file_name=G1700630.epw
county_id	G1700650	create_custom_building_from_spec	weather_file_name=G1700650.epw
county_id	G1700670	create_custom_building_from_spec	weather_file_name=G1700670.epw
county_id	G1700690	create_custom_building_from_spec	weather_file_name=G1700690.epw
county_id	G1700710	create_custom_building_from_spec	weather_file_name=G1700710.epw
county_id	G1700730	create_custom_building_from_spec	weather_file_name=G1700730.epw
county_id	G1700750	create_custom_building_from_spec	weather_file_name=G1700750.epw
county_id	G1700770	create_custom_building_from_spec	weather_file_name=G1700770.epw
county_id	G1700790	create_custom_building_from_spec	weather_file_name=G1700790.epw
county_id	G1700810	create_custom_building_from_spec	weather_file_name=G1700810.epw
county_id	G1700830	create_custom_building_from_spec	weather_file_name=G1700830.epw
county_id	G1700850	create_custom_building_from_spec	weather_file_name=G1700850.epw
county_id	G1700870	create_custom_building_from_spec	weather_file_name=G1700870.epw
county_id	G1700890	create_custom_building_from_spec	weather_file_name=G1700890.epw
county_id	G1700910	create_custom_building_from_spec	weather_file_name=G1700910.epw
county_id	G1700930	create_custom_building_from_spec	weather_file_name=G1700930.epw
county_id	G1700950	create_custom_building_from_spec	weather_file_name=G1700950.epw
county_id	G1700970	create_custom_building_from_spec	weather_file_name=G1700970.epw
county_id	G1700990	create_custom_building_from_spec	weather_file_name=G1700990.epw
county_id	G1701010	create_custom_building_from_spec	weather_file_name=G1701010.epw
county_id	G1701030	create_custom_building_from_spec	weather_file_name=G1701030.epw
county_id	G1701050	create_custom_building_from_spec	weather_file_name=G1701050.epw
county_id	G1701070	create_custom_building_from_spec	weather_file_name=G1701070.epw
county_id	G1701090	create_custom_building_from_spec	weather_file_name=G1701090.epw
county_id	G1701110	create_custom_building_from_spec	weather_file_name=G1701110.epw
county_id	G1701130	create_custom_building_from_spec	weather_file_name=G1701130.epw
county_id	G1701150	create_custom_building_from_spec	weather_file_name=G1701150.epw
county_id	G1701170	create_custom_building_from_spec	weather_file_name=G1701170.epw
county_id	G1701190	create_custom_building_from_spec	weather_file_name=G1701190.epw
county_id	G1701210	create_custom_building_from_spec	weather_file_name=G1701210.epw
county_id	G1701230	create_custom_building_from_spec	weather_file_name=G1701230.epw
county_id	G1701250	create_custom_building_from_spec	weather_file_name=G1701250.epw
county_id	G1701270	create_custom_building_from_spec	weather_file_name=G1701270.epw
county_id	G1701290	create_custom_building_from_spec	weather_file_name=G1701290.epw
county_id	G1701310	create_custom_building_from_spec	weather_file_name=G1701310.epw
county_id	G1701330	create_custom_building_from_spec	weather_file_name=G1701330.epw
county_id	G1701350	create_custom_building_from_spec	weather_file_name=G1701350.epw
county_id	G1701370	create_custom_building_from_spec	weather_file_name=G1701370.epw
county_id	G1701390	create_custom_building_from_spec	weather_file_name=G1701390.epw
county_id	G1701410	create_custom_building_from_spec	weather_file_name=G1701410.epw
county_id	G1701430	create_custom_building_from_spec	weather_file_name=G1701430.epw
county_id	G1701450	create_custom_building_from_spec	weather_file_name=G1701450.epw
county_id	G1701470	create_custom_building_from_spec	weather_file_name=G1701470.epw
county_id	G1701490	create_custom_building_from_spec	weather_file_name=G1701490.epw
county_id	G1701510	create_custom_building_from_spec	weather_file_name=G1701530.epw
county_id	G1701530	create_custom_building_from_spec	weather_file_name=G1701530.epw
county_id	G1701550	create_custom_building_from_spec	weather_file_name=G1701550.epw
county_id	G1701570	create_custom_building_from_spec	weather_file_name=G1701570.epw
county_id	G1701590	create_custom_building_from_spec	weather_file_name=G1701590.epw
county_id	G1701610	create_custom_building_from_spec	weather_file_name=G1701610.epw
county_id	G1701630	create_custom_building_from_spec	weather_file_name=G1701630.epw
county_id	G1701650	create_custom_building_from_spec	weather_file_name=G1701650.epw
county_id	G1701670	create_custom_building_from_spec	weather_file_name=G1701670.epw
county_id	G1701690	create_custom_building_from_spec	weather_file_name=G1701690.epw
county_id	G1701710	create_custom_building_from_spec	weather_file_name=G1701710.epw
county_id	G1701730	create_custom_building_from_spec	weather_file_name=G1701730.epw
county_id	G1701750	create_custom_building_from_spec	weather_file_name=G1701750.epw
county_id	G1701770	create_custom_building_from_spec	weather_file_name=G1701770.epw
county_id	G1701790	create_custom_building_from_spec	weather_file_name=G1701790.epw
county_id	G1701810	create_custom_building_from_spec	weather_file_name=G1701810.epw
county_id	G1701830	create_custom_building_from_spec	weather_file_name=G1701830.epw
county_id	G1701850	create_custom_building_from_spec	weather_file_name=G1701850.epw
county_id	G1701870	create_custom_building_from_spec	weather_file_name=G1701870.epw
county_id	G1701890	create_custom_building_from_spec	weather_file_name=G1701890.epw
county_id	G1701910	create_custom_building_from_spec	weather_file_name=G1701910.epw
county_id	G1701930	create_custom_building_from_spec	weather_file_name=G1701930.epw
county_id	G1701950	create_custom_building_from_spec	weather_file_name=G1701950.epw
county_id	G1701970	create_custom_building_from_spec	weather_file_name=G1701970.epw
county_id	G1701990	create_custom_building_from_spec	weather_file_name=G1701990.epw
county_id	G1702010	create_custom_building_from_spec	weather_file_name=G1702010.epw
county_id	G1702030	create_custom_building_from_spec	weather_file_name=G1702030.epw
county_id	G1800010	create_custom_building_from_spec	weather_file_name=G1800010.epw
county_id	G1800030	create_custom_building_from_spec	weather_file_name=G1800030.epw
county_id	G1800050	create_custom_building_from_spec	weather_file_name=G1800050.epw
county_id	G1800070	create_custom_building_from_spec	weather_file_name=G1800070.epw
county_id	G1800090	create_custom_building_from_spec	weather_file_name=G1800090.epw
county_id	G1800110	create_custom_building_from_spec	weather_file_name=G1800110.epw
county_id	G1800130	create_custom_building_from_spec	weather_file_name=G1800130.epw
county_id	G1800150	create_custom_building_from_spec	weather_file_name=G1800150.epw
county_id	G1800170	create_custom_building_from_spec	weather_file_name=G1800170.epw
county_id	G1800190	create_custom_building_from_spec	weather_file_name=G1800190.epw
county_id	G1800210	create_custom_building_from_spec	weather_file_name=G1800210.epw
county_id	G1800230	create_custom_building_from_spec	weather_file_name=G1800230.epw
county_id	G1800250	create_custom_building_from_spec	weather_file_name=G1800250.epw
county_id	G1800270	create_custom_building_from_spec	weather_file_name=G1800270.epw
county_id	G1800290	create_custom_building_from_spec	weather_file_name=G1800290.epw
county_id	G1800310	create_custom_building_from_spec	weather_file_name=G1800310.epw
county_id	G1800330	create_custom_building_from_spec	weather_file_name=G1800330.epw
county_id	G1800350	create_custom_building_from_spec	weather_file_name=G1800350.epw
county_id	G1800370	create_custom_building_from_spec	weather_file_name=G1800370.epw
county_id	G1800390	create_custom_building_from_spec	weather_file_name=G1800390.epw
county_id	G1800410	create_custom_building_from_spec	weather_file_name=G1800410.epw
county_id	G1800430	create_custom_building_from_spec	weather_file_name=G1800430.epw
county_id	G1800450	create_custom_building_from_spec	weather_file_name=G1800450.epw
county_id	G1800470	create_custom_building_from_spec	weather_file_name=G1800470.epw
county_id	G1800490	create_custom_building_from_spec	weather_file_name=G1800490.epw
county_id	G1800510	create_custom_building_from_spec	weather_file_name=G1800510.epw
county_id	G1800530	create_custom_building_from_spec	weather_file_name=G1800530.epw
county_id	G1800550	create_custom_building_from_spec	weather_file_name=G1800550.epw
county_id	G1800570	create_custom_building_from_spec	weather_file_name=G1800570.epw
county_id	G1800590	create_custom_building_from_spec	weather_file_name=G1800590.epw
county_id	G1800610	create_custom_building_from_spec	weather_file_name=G1800610.epw
county_id	G1800630	create_custom_building_from_spec	weather_file_name=G1800630.epw
county_id	G1800650	create_custom_building_from_spec	weather_file_name=G1800650.epw
county_id	G1800670	create_custom_building_from_spec	weather_file_name=G1800670.epw
county_id	G1800690	create_custom_building_from_spec	weather_file_name=G1800690.epw
county_id	G1800710	create_custom_building_from_spec	weather_file_name=G1800710.epw
county_id	G1800730	create_custom_building_from_spec	weather_file_name=G1800730.epw
county_id	G1800750	create_custom_building_from_spec	weather_file_name=G1800750.epw
county_id	G1800770	create_custom_building_from_spec	weather_file_name=G1800770.epw
county_id	G1800790	create_custom_building_from_spec	weather_file_name=G1800790.epw
county_id	G1800810	create_custom_building_from_spec	weather_file_name=G1800810.epw
county_id	G1800830	create_custom_building_from_spec	weather_file_name=G1800830.epw
county_id	G1800850	create_custom_building_from_spec	weather_file_name=G1800850.epw
county_id	G1800870	create_custom_building_from_spec	weather_file_name=G1800870.epw
county_id	G1800890	create_custom_building_from_spec	weather_file_name=G1800890.epw
county_id	G1800910	create_custom_building_from_spec	weather_file_name=G1800910.epw
county_id	G1800930	create_custom_building_from_spec	weather_file_name=G1800930.epw
county_id	G1800950	create_custom_building_from_spec	weather_file_name=G1800950.epw
county_id	G1800970	create_custom_building_from_spec	weather_file_name=G1800970.epw
county_id	G1800990	create_custom_building_from_spec	weather_file_name=G1800990.epw
county_id	G1801010	create_custom_building_from_spec	weather_file_name=G1801010.epw
county_id	G1801030	create_custom_building_from_spec	weather_file_name=G1801030.epw
county_id	G1801050	create_custom_building_from_spec	weather_file_name=G1801050.epw
county_id	G1801070	create_custom_building_from_spec	weather_file_name=G1801070.epw
county_id	G1801090	create_custom_building_from_spec	weather_file_name=G1801090.epw
county_id	G1801110	create_custom_building_from_spec	weather_file_name=G1801110.epw
county_id	G1801130	create_custom_building_from_spec	weather_file_name=G1801130.epw
county_id	G1801150	create_custom_building_from_spec	weather_file_name=G1801150.epw
county_id	G1801170	create_custom_building_from_spec	weather_file_name=G1801170.epw
county_id	G1801190	create_custom_building_from_spec	weather_file_name=G1801190.epw
county_id	G1801210	create_custom_building_from_spec	weather_file_name=G1801210.epw
county_id	G1801230	create_custom_building_from_spec	weather_file_name=G1801230.epw
county_id	G1801250	create_custom_building_from_spec	weather_file_name=G1801250.epw
county_id	G1801270	create_custom_building_from_spec	weather_file_name=G1801270.epw
county_id	G1801290	create_custom_building_from_spec	weather_file_name=G1801290.epw
county_id	G1801310	create_custom_building_from_spec	weather_file_name=G1801310.epw
county_id	G1801330	create_custom_building_from_spec	weather_file_name=G1801330.epw
county_id	G1801350	create_custom_building_from_spec	weather_file_name=G1801350.epw
county_id	G1801370	create_custom_building_from_spec	weather_file_name=G1801370.epw
county_id	G1801390	create_custom_building_from_spec	weather_file_name=G1801390.epw
county_id	G1801410	create_custom_building_from_spec	weather_file_name=G1801410.epw
county_id	G1801430	create_custom_building_from_spec	weather_file_name=G1801430.epw
county_id	G1801450	create_custom_building_from_spec	weather_file_name=G1801450.epw
county_id	G1801470	create_custom_building_from_spec	weather_file_name=G1801470.epw
county_id	G1801490	create_custom_building_from_spec	weather_file_name=G1801490.epw
county_id	G1801510	create_custom_building_from_spec	weather_file_name=G1801510.epw
county_id	G1801530	create_custom_building_from_spec	weather_file_name=G1801530.epw
county_id	G1801550	create_custom_building_from_spec	weather_file_name=G1801550.epw
county_id	G1801570	create_custom_building_from_spec	weather_file_name=G1801570.epw
county_id	G1801590	create_custom_building_from_spec	weather_file_name=G1801590.epw
county_id	G1801610	create_custom_building_from_spec	weather_file_name=G1801610.epw
county_id	G1801630	create_custom_building_from_spec	weather_file_name=G1801630.epw
county_id	G1801650	create_custom_building_from_spec	weather_file_name=G1801650.epw
county_id	G1801670	create_custom_building_from_spec	weather_file_name=G1801670.epw
county_id	G1801690	create_custom_building_from_spec	weather_file_name=G1801690.epw
county_id	G1801710	create_custom_building_from_spec	weather_file_name=G1801710.epw
county_id	G1801730	create_custom_building_from_spec	weather_file_name=G1801730.epw
county_id	G1801750	create_custom_building_from_spec	weather_file_name=G1801750.epw
county_id	G1801770	create_custom_building_from_spec	weather_file_name=G1801770.epw
county_id	G1801790	create_custom_building_from_spec	weather_file_name=G1801790.epw
county_id	G1801810	create_custom_building_from_spec	weather_file_name=G1801810.epw
county_id	G1801830	create_custom_building_from_spec	weather_file_name=G1801830.epw
county_id	G1900010	create_custom_building_from_spec	weather_file_name=G1900010.epw
county_id	G1900030	create_custom_building_from_spec	weather_file_name=G1900030.epw
county_id	G1900050	create_custom_building_from_spec	weather_file_name=G1900050.epw
county_id	G1900070	create_custom_building_from_spec	weather_file_name=G1900070.epw
county_id	G1900090	create_custom_building_from_spec	weather_file_name=G1900090.epw
county_id	G1900110	create_custom_building_from_spec	weather_file_name=G1900110.epw
county_id	G1900130	create_custom_building_from_spec	weather_file_name=G1900130.epw
county_id	G1900150	create_custom_building_from_spec	weather_file_name=G1900150.epw
county_id	G1900170	create_custom_building_from_spec	weather_file_name=G1900170.epw
county_id	G1900190	create_custom_building_from_spec	weather_file_name=G1900190.epw
county_id	G1900210	create_custom_building_from_spec	weather_file_name=G1900210.epw
county_id	G1900230	create_custom_building_from_spec	weather_file_name=G1900230.epw
county_id	G1900250	create_custom_building_from_spec	weather_file_name=G1900250.epw
county_id	G1900270	create_custom_building_from_spec	weather_file_name=G1900270.epw
county_id	G1900290	create_custom_building_from_spec	weather_file_name=G1900290.epw
county_id	G1900310	create_custom_building_from_spec	weather_file_name=G1900310.epw
county_id	G1900330	create_custom_building_from_spec	weather_file_name=G1900330.epw
county_id	G1900350	create_custom_building_from_spec	weather_file_name=G1900350.epw
county_id	G1900370	create_custom_building_from_spec	weather_file_name=G1900370.epw
county_id	G1900390	create_custom_building_from_spec	weather_file_name=G1900390.epw
county_id	G1900410	create_custom_building_from_spec	weather_file_name=G1900410.epw
county_id	G1900430	create_custom_building_from_spec	weather_file_name=G1900430.epw
county_id	G1900450	create_custom_building_from_spec	weather_file_name=G1900450.epw
county_id	G1900470	create_custom_building_from_spec	weather_file_name=G1900470.epw
county_id	G1900490	create_custom_building_from_spec	weather_file_name=G1900490.epw
county_id	G1900510	create_custom_building_from_spec	weather_file_name=G1900510.epw
county_id	G1900530	create_custom_building_from_spec	weather_file_name=G1900530.epw
county_id	G1900550	create_custom_building_from_spec	weather_file_name=G1900550.epw
county_id	G1900570	create_custom_building_from_spec	weather_file_name=G1900570.epw
county_id	G1900590	create_custom_building_from_spec	weather_file_name=G1900590.epw
county_id	G1900610	create_custom_building_from_spec	weather_file_name=G1900610.epw
county_id	G1900630	create_custom_building_from_spec	weather_file_name=G1900630.epw
county_id	G1900650	create_custom_building_from_spec	weather_file_name=G1900650.epw
county_id	G1900670	create_custom_building_from_spec	weather_file_name=G1900670.epw
county_id	G1900690	create_custom_building_from_spec	weather_file_name=G1900690.epw
county_id	G1900710	create_custom_building_from_spec	weather_file_name=G1900710.epw
county_id	G1900730	create_custom_building_from_spec	weather_file_name=G1900730.epw
county_id	G1900750	create_custom_building_from_spec	weather_file_name=G1900750.epw
county_id	G1900770	create_custom_building_from_spec	weather_file_name=G1900770.epw
county_id	G1900790	create_custom_building_from_spec	weather_file_name=G1900790.epw
county_id	G1900810	create_custom_building_from_spec	weather_file_name=G1900810.epw
county_id	G1900830	create_custom_building_from_spec	weather_file_name=G1900830.epw
county_id	G1900850	create_custom_building_from_spec	weather_file_name=G1900850.epw
county_id	G1900870	create_custom_building_from_spec	weather_file_name=G1900870.epw
county_id	G1900890	create_custom_building_from_spec	weather_file_name=G1900890.epw
county_id	G1900910	create_custom_building_from_spec	weather_file_name=G1900910.epw
county_id	G1900930	create_custom_building_from_spec	weather_file_name=G1900930.epw
county_id	G1900950	create_custom_building_from_spec	weather_file_name=G1900950.epw
county_id	G1900970	create_custom_building_from_spec	weather_file_name=G1900970.epw
county_id	G1900990	create_custom_building_from_spec	weather_file_name=G1900990.epw
county_id	G1901010	create_custom_building_from_spec	weather_file_name=G1901010.epw
county_id	G1901030	create_custom_building_from_spec	weather_file_name=G1901030.epw
county_id	G1901050	create_custom_building_from_spec	weather_file_name=G1901050.epw
county_id	G1901070	create_custom_building_from_spec	weather_file_name=G1901070.epw
county_id	G1901090	create_custom_building_from_spec	weather_file_name=G1901090.epw
county_id	G1901110	create_custom_building_from_spec	weather_file_name=G1901110.epw
county_id	G1901130	create_custom_building_from_spec	weather_file_name=G1901130.epw
county_id	G1901150	create_custom_building_from_spec	weather_file_name=G1901150.epw
county_id	G1901170	create_custom_building_from_spec	weather_file_name=G1901170.epw
county_id	G1901190	create_custom_building_from_spec	weather_file_name=G1901190.epw
county_id	G1901210	create_custom_building_from_spec	weather_file_name=G1901210.epw
county_id	G1901230	create_custom_building_from_spec	weather_file_name=G1901230.epw
county_id	G1901250	create_custom_building_from_spec	weather_file_name=G1901250.epw
county_id	G1901270	create_custom_building_from_spec	weather_file_name=G1901270.epw
county_id	G1901290	create_custom_building_from_spec	weather_file_name=G1901290.epw
county_id	G1901310	create_custom_building_from_spec	weather_file_name=G1901310.epw
county_id	G1901330	create_custom_building_from_spec	weather_file_name=G1901330.epw
county_id	G1901350	create_custom_building_from_spec	weather_file_name=G1901350.epw
county_id	G1901370	create_custom_building_from_spec	weather_file_name=G1901370.epw
county_id	G1901390	create_custom_building_from_spec	weather_file_name=G1901390.epw
county_id	G1901410	create_custom_building_from_spec	weather_file_name=G1901410.epw
county_id	G1901430	create_custom_building_from_spec	weather_file_name=G1901430.epw
county_id	G1901450	create_custom_building_from_spec	weather_file_name=G1901450.epw
county_id	G1901470	create_custom_building_from_spec	weather_file_name=G1901470.epw
county_id	G1901490	create_custom_building_from_spec	weather_file_name=G1901490.epw
county_id	G1901510	create_custom_building_from_spec	weather_file_name=G1901510.epw
county_id	G1901530	create_custom_building_from_spec	weather_file_name=G1901530.epw
county_id	G1901550	create_custom_building_from_spec	weather_file_name=G1901550.epw
county_id	G1901570	create_custom_building_from_spec	weather_file_name=G1901570.epw
county_id	G1901590	create_custom_building_from_spec	weather_file_name=G1901590.epw
county_id	G1901610	create_custom_building_from_spec	weather_file_name=G1901610.epw
county_id	G1901630	create_custom_building_from_spec	weather_file_name=G1901630.epw
county_id	G1901650	create_custom_building_from_spec	weather_file_name=G1901650.epw
county_id	G1901670	create_custom_building_from_spec	weather_file_name=G1901670.epw
county_id	G1901690	create_custom_building_from_spec	weather_file_name=G1901690.epw
county_id	G1901710	create_custom_building_from_spec	weather_file_name=G1901710.epw
county_id	G1901730	create_custom_building_from_spec	weather_file_name=G1901730.epw
county_id	G1901750	create_custom_building_from_spec	weather_file_name=G1901750.epw
county_id	G1901770	create_custom_building_from_spec	weather_file_name=G1901770.epw
county_id	G1901790	create_custom_building_from_spec	weather_file_name=G1901790.epw
county_id	G1901810	create_custom_building_from_spec	weather_file_name=G1901810.epw
county_id	G1901830	create_custom_building_from_spec	weather_file_name=G1901830.epw
county_id	G1901850	create_custom_building_from_spec	weather_file_name=G1901850.epw
county_id	G1901870	create_custom_building_from_spec	weather_file_name=G1901870.epw
county_id	G1901890	create_custom_building_from_spec	weather_file_name=G1901890.epw
county_id	G1901910	create_custom_building_from_spec	weather_file_name=G1901910.epw
county_id	G1901930	create_custom_building_from_spec	weather_file_name=G1901930.epw
county_id	G1901950	create_custom_building_from_spec	weather_file_name=G1901950.epw
county_id	G1901970	create_custom_building_from_spec	weather_file_name=G1901970.epw
county_id	G2000010	create_custom_building_from_spec	weather_file_name=G2000010.epw
county_id	G2000030	create_custom_building_from_spec	weather_file_name=G2000030.epw
county_id	G2000050	create_custom_building_from_spec	weather_file_name=G2000050.epw
county_id	G2000070	create_custom_building_from_spec	weather_file_name=G2000070.epw
county_id	G2000090	create_custom_building_from_spec	weather_file_name=G2000090.epw
county_id	G2000110	create_custom_building_from_spec	weather_file_name=G2000110.epw
county_id	G2000130	create_custom_building_from_spec	weather_file_name=G2000130.epw
county_id	G2000150	create_custom_building_from_spec	weather_file_name=G2000150.epw
county_id	G2000170	create_custom_building_from_spec	weather_file_name=G2000170.epw
county_id	G2000190	create_custom_building_from_spec	weather_file_name=G2000190.epw
county_id	G2000210	create_custom_building_from_spec	weather_file_name=G2000210.epw
county_id	G2000230	create_custom_building_from_spec	weather_file_name=G2000230.epw
county_id	G2000250	create_custom_building_from_spec	weather_file_name=G2000250.epw
county_id	G2000270	create_custom_building_from_spec	weather_file_name=G2000270.epw
county_id	G2000290	create_custom_building_from_spec	weather_file_name=G2000290.epw
county_id	G2000310	create_custom_building_from_spec	weather_file_name=G2000310.epw
county_id	G2000330	create_custom_building_from_spec	weather_file_name=G2000330.epw
county_id	G2000350	create_custom_building_from_spec	weather_file_name=G2000350.epw
county_id	G2000370	create_custom_building_from_spec	weather_file_name=G2000370.epw
county_id	G2000390	create_custom_building_from_spec	weather_file_name=G2000390.epw
county_id	G2000410	create_custom_building_from_spec	weather_file_name=G2000410.epw
county_id	G2000430	create_custom_building_from_spec	weather_file_name=G2000430.epw
county_id	G2000450	create_custom_building_from_spec	weather_file_name=G2000450.epw
county_id	G2000470	create_custom_building_from_spec	weather_file_name=G2000470.epw
county_id	G2000490	create_custom_building_from_spec	weather_file_name=G2000490.epw
county_id	G2000510	create_custom_building_from_spec	weather_file_name=G2000510.epw
county_id	G2000530	create_custom_building_from_spec	weather_file_name=G2000530.epw
county_id	G2000550	create_custom_building_from_spec	weather_file_name=G2000550.epw
county_id	G2000570	create_custom_building_from_spec	weather_file_name=G2000570.epw
county_id	G2000590	create_custom_building_from_spec	weather_file_name=G2000590.epw
county_id	G2000610	create_custom_building_from_spec	weather_file_name=G2000610.epw
county_id	G2000630	create_custom_building_from_spec	weather_file_name=G2000630.epw
county_id	G2000650	create_custom_building_from_spec	weather_file_name=G2000650.epw
county_id	G2000670	create_custom_building_from_spec	weather_file_name=G2000670.epw
county_id	G2000690	create_custom_building_from_spec	weather_file_name=G2000690.epw
county_id	G2000710	create_custom_building_from_spec	weather_file_name=G2000730.epw
county_id	G2000730	create_custom_building_from_spec	weather_file_name=G2000730.epw
county_id	G2000750	create_custom_building_from_spec	weather_file_name=G2000730.epw
county_id	G2000770	create_custom_building_from_spec	weather_file_name=G2000770.epw
county_id	G2000790	create_custom_building_from_spec	weather_file_name=G2000790.epw
county_id	G2000810	create_custom_building_from_spec	weather_file_name=G2000850.epw
county_id	G2000830	create_custom_building_from_spec	weather_file_name=G2000850.epw
county_id	G2000850	create_custom_building_from_spec	weather_file_name=G2000850.epw
county_id	G2000870	create_custom_building_from_spec	weather_file_name=G2000870.epw
county_id	G2000890	create_custom_building_from_spec	weather_file_name=G2000890.epw
county_id	G2000910	create_custom_building_from_spec	weather_file_name=G2000910.epw
county_id	G2000930	create_custom_building_from_spec	weather_file_name=G2000930.epw
county_id	G2000950	create_custom_building_from_spec	weather_file_name=G2000950.epw
county_id	G2000970	create_custom_building_from_spec	weather_file_name=G2000970.epw
county_id	G2000990	create_custom_building_from_spec	weather_file_name=G2000990.epw
county_id	G2001010	create_custom_building_from_spec	weather_file_name=G2001010.epw
county_id	G2001030	create_custom_building_from_spec	weather_file_name=G2001030.epw
county_id	G2001050	create_custom_building_from_spec	weather_file_name=G2001050.epw
county_id	G2001070	create_custom_building_from_spec	weather_file_name=G2001070.epw
county_id	G2001090	create_custom_building_from_spec	weather_file_name=G2001090.epw
county_id	G2001110	create_custom_building_from_spec	weather_file_name=G2001110.epw
county_id	G2001130	create_custom_building_from_spec	weather_file_name=G2001130.epw
county_id	G2001150	create_custom_building_from_spec	weather_file_name=G2001150.epw
county_id	G2001170	create_custom_building_from_spec	weather_file_name=G2001170.epw
county_id	G2001190	create_custom_building_from_spec	weather_file_name=G2001190.epw
county_id	G2001210	create_custom_building_from_spec	weather_file_name=G2001210.epw
county_id	G2001230	create_custom_building_from_spec	weather_file_name=G2001230.epw
county_id	G2001250	create_custom_building_from_spec	weather_file_name=G2001250.epw
county_id	G2001270	create_custom_building_from_spec	weather_file_name=G2001270.epw
county_id	G2001290	create_custom_building_from_spec	weather_file_name=G2001290.epw
county_id	G2001310	create_custom_building_from_spec	weather_file_name=G2001310.epw
county_id	G2001330	create_custom_building_from_spec	weather_file_name=G2001330.epw
county_id	G2001350	create_custom_building_from_spec	weather_file_name=G2001350.epw
county_id	G2001370	create_custom_building_from_spec	weather_file_name=G2001370.epw
county_id	G2001390	create_custom_building_from_spec	weather_file_name=G2001390.epw
county_id	G2001410	create_custom_building_from_spec	weather_file_name=G2001410.epw
county_id	G2001430	create_custom_building_from_spec	weather_file_name=G2001430.epw
county_id	G2001450	create_custom_building_from_spec	weather_file_name=G2001450.epw
county_id	G2001470	create_custom_building_from_spec	weather_file_name=G2001470.epw
county_id	G2001490	create_custom_building_from_spec	weather_file_name=G2001490.epw
county_id	G2001510	create_custom_building_from_spec	weather_file_name=G2001510.epw
county_id	G2001530	create_custom_building_from_spec	weather_file_name=G2001530.epw
county_id	G2001550	create_custom_building_from_spec	weather_file_name=G2001550.epw
county_id	G2001570	create_custom_building_from_spec	weather_file_name=G2001570.epw
county_id	G2001590	create_custom_building_from_spec	weather_file_name=G2001590.epw
county_id	G2001610	create_custom_building_from_spec	weather_file_name=G2001610.epw
county_id	G2001630	create_custom_building_from_spec	weather_file_name=G2001630.epw
county_id	G2001650	create_custom_building_from_spec	weather_file_name=G2001650.epw
county_id	G2001670	create_custom_building_from_spec	weather_file_name=G2001670.epw
county_id	G2001690	create_custom_building_from_spec	weather_file_name=G2001690.epw
county_id	G2001710	create_custom_building_from_spec	weather_file_name=G2001710.epw
county_id	G2001730	create_custom_building_from_spec	weather_file_name=G2001730.epw
county_id	G2001750	create_custom_building_from_spec	weather_file_name=G2001750.epw
county_id	G2001770	create_custom_building_from_spec	weather_file_name=G2001770.epw
county_id	G2001790	create_custom_building_from_spec	weather_file_name=G2001770.epw
county_id	G2001810	create_custom_building_from_spec	weather_file_name=G2001810.epw
county_id	G2001830	create_custom_building_from_spec	weather_file_name=G2001830.epw
county_id	G2001850	create_custom_building_from_spec	weather_file_name=G2001850.epw
county_id	G2001870	create_custom_building_from_spec	weather_file_name=G2001850.epw
county_id	G2001890	create_custom_building_from_spec	weather_file_name=G2001890.epw
county_id	G2001910	create_custom_building_from_spec	weather_file_name=G2001910.epw
county_id	G2001930	create_custom_building_from_spec	weather_file_name=G2001930.epw
county_id	G2001950	create_custom_building_from_spec	weather_file_name=G2001950.epw
county_id	G2001970	create_custom_building_from_spec	weather_file_name=G2001970.epw
county_id	G2001990	create_custom_building_from_spec	weather_file_name=G2001970.epw
county_id	G2002010	create_custom_building_from_spec	weather_file_name=G2002010.epw
county_id	G2002030	create_custom_building_from_spec	weather_file_name=G2002010.epw
county_id	G2002050	create_custom_building_from_spec	weather_file_name=G2002050.epw
county_id	G2002070	create_custom_building_from_spec	weather_file_name=G2002070.epw
county_id	G2002090	create_custom_building_from_spec	weather_file_name=G2002090.epw
county_id	G2100010	create_custom_building_from_spec	weather_file_name=G2100010.epw
county_id	G2100030	create_custom_building_from_spec	weather_file_name=G2100030.epw
county_id	G2100050	create_custom_building_from_spec	weather_file_name=G2100050.epw
county_id	G2100070	create_custom_building_from_spec	weather_file_name=G2100070.epw
county_id	G2100090	create_custom_building_from_spec	weather_file_name=G2100090.epw
county_id	G2100110	create_custom_building_from_spec	weather_file_name=G2100110.epw
county_id	G2100130	create_custom_building_from_spec	weather_file_name=G2100130.epw
county_id	G2100150	create_custom_building_from_spec	weather_file_name=G2100150.epw
county_id	G2100170	create_custom_building_from_spec	weather_file_name=G2100170.epw
county_id	G2100190	create_custom_building_from_spec	weather_file_name=G2100190.epw
county_id	G2100210	create_custom_building_from_spec	weather_file_name=G2100210.epw
county_id	G2100230	create_custom_building_from_spec	weather_file_name=G2100230.epw
county_id	G2100250	create_custom_building_from_spec	weather_file_name=G2100250.epw
county_id	G2100270	create_custom_building_from_spec	weather_file_name=G2100270.epw
county_id	G2100290	create_custom_building_from_spec	weather_file_name=G2100290.epw
county_id	G2100310	create_custom_building_from_spec	weather_file_name=G2100310.epw
county_id	G2100330	create_custom_building_from_spec	weather_file_name=G2100330.epw
county_id	G2100350	create_custom_building_from_spec	weather_file_name=G2100350.epw
county_id	G2100370	create_custom_building_from_spec	weather_file_name=G2100370.epw
county_id	G2100390	create_custom_building_from_spec	weather_file_name=G2100390.epw
county_id	G2100410	create_custom_building_from_spec	weather_file_name=G2100410.epw
county_id	G2100430	create_custom_building_from_spec	weather_file_name=G2100430.epw
county_id	G2100450	create_custom_building_from_spec	weather_file_name=G2100450.epw
county_id	G2100470	create_custom_building_from_spec	weather_file_name=G2100470.epw
county_id	G2100490	create_custom_building_from_spec	weather_file_name=G2100490.epw
county_id	G2100510	create_custom_building_from_spec	weather_file_name=G2100510.epw
county_id	G2100530	create_custom_building_from_spec	weather_file_name=G2100530.epw
county_id	G2100550	create_custom_building_from_spec	weather_file_name=G2100550.epw
county_id	G2100570	create_custom_building_from_spec	weather_file_name=G2100570.epw
county_id	G2100590	create_custom_building_from_spec	weather_file_name=G2100590.epw
county_id	G2100610	create_custom_building_from_spec	weather_file_name=G2100610.epw
county_id	G2100630	create_custom_building_from_spec	weather_file_name=G2100630.epw
county_id	G2100650	create_custom_building_from_spec	weather_file_name=G2100650.epw
county_id	G2100670	create_custom_building_from_spec	weather_file_name=G2100670.epw
county_id	G2100690	create_custom_building_from_spec	weather_file_name=G2100690.epw
county_id	G2100710	create_custom_building_from_spec	weather_file_name=G2100710.epw
county_id	G2100730	create_custom_building_from_spec	weather_file_name=G2100730.epw
county_id	G2100750	create_custom_building_from_spec	weather_file_name=G2100750.epw
county_id	G2100770	create_custom_building_from_spec	weather_file_name=G2100770.epw
county_id	G2100790	create_custom_building_from_spec	weather_file_name=G2100790.epw
county_id	G2100810	create_custom_building_from_spec	weather_file_name=G2100810.epw
county_id	G2100830	create_custom_building_from_spec	weather_file_name=G2100830.epw
county_id	G2100850	create_custom_building_from_spec	weather_file_name=G2100850.epw
county_id	G2100870	create_custom_building_from_spec	weather_file_name=G2100870.epw
county_id	G2100890	create_custom_building_from_spec	weather_file_name=G2100890.epw
county_id	G2100910	create_custom_building_from_spec	weather_file_name=G2100910.epw
county_id	G2100930	create_custom_building_from_spec	weather_file_name=G2100930.epw
county_id	G2100950	create_custom_building_from_spec	weather_file_name=G2100950.epw
county_id	G2100970	create_custom_building_from_spec	weather_file_name=G2100970.epw
county_id	G2100990	create_custom_building_from_spec	weather_file_name=G2100990.epw
county_id	G2101010	create_custom_building_from_spec	weather_file_name=G2101010.epw
county_id	G2101030	create_custom_building_from_spec	weather_file_name=G2101030.epw
county_id	G2101050	create_custom_building_from_spec	weather_file_name=G2101050.epw
county_id	G2101070	create_custom_building_from_spec	weather_file_name=G2101070.epw
county_id	G2101090	create_custom_building_from_spec	weather_file_name=G2101090.epw
county_id	G2101110	create_custom_building_from_spec	weather_file_name=G2101110.epw
county_id	G2101130	create_custom_building_from_spec	weather_file_name=G2101130.epw
county_id	G2101150	create_custom_building_from_spec	weather_file_name=G2101150.epw
county_id	G2101170	create_custom_building_from_spec	weather_file_name=G2101170.epw
county_id	G2101190	create_custom_building_from_spec	weather_file_name=G2101190.epw
county_id	G2101210	create_custom_building_from_spec	weather_file_name=G2101210.epw
county_id	G2101230	create_custom_building_from_spec	weather_file_name=G2101230.epw
county_id	G2101250	create_custom_building_from_spec	weather_file_name=G2101250.epw
county_id	G2101270	create_custom_building_from_spec	weather_file_name=G2101270.epw
county_id	G2101290	create_custom_building_from_spec	weather_file_name=G2101290.epw
county_id	G2101310	create_custom_building_from_spec	weather_file_name=G2101310.epw
county_id	G2101330	create_custom_building_from_spec	weather_file_name=G2101330.epw
county_id	G2101350	create_custom_building_from_spec	weather_file_name=G2101350.epw
county_id	G2101370	create_custom_building_from_spec	weather_file_name=G2101370.epw
county_id	G2101390	create_custom_building_from_spec	weather_file_name=G2101390.epw
county_id	G2101410	create_custom_building_from_spec	weather_file_name=G2101410.epw
county_id	G2101430	create_custom_building_from_spec	weather_file_name=G2101430.epw
county_id	G2101450	create_custom_building_from_spec	weather_file_name=G2101450.epw
county_id	G2101470	create_custom_building_from_spec	weather_file_name=G2101470.epw
county_id	G2101490	create_custom_building_from_spec	weather_file_name=G2101490.epw
county_id	G2101510	create_custom_building_from_spec	weather_file_name=G2101510.epw
county_id	G2101530	create_custom_building_from_spec	weather_file_name=G2101530.epw
county_id	G2101550	create_custom_building_from_spec	weather_file_name=G2101550.epw
county_id	G2101570	create_custom_building_from_spec	weather_file_name=G2101570.epw
county_id	G2101590	create_custom_building_from_spec	weather_file_name=G2101590.epw
county_id	G2101610	create_custom_building_from_spec	weather_file_name=G2101610.epw
county_id	G2101630	create_custom_building_from_spec	weather_file_name=G2101630.epw
county_id	G2101650	create_custom_building_from_spec	weather_file_name=G2101650.epw
county_id	G2101670	create_custom_building_from_spec	weather_file_name=G2101670.epw
county_id	G2101690	create_custom_building_from_spec	weather_file_name=G2101690.epw
county_id	G2101710	create_custom_building_from_spec	weather_file_name=G2101710.epw
county_id	G2101730	create_custom_building_from_spec	weather_file_name=G2101730.epw
county_id	G2101750	create_custom_building_from_spec	weather_file_name=G2101750.epw
county_id	G2101770	create_custom_building_from_spec	weather_file_name=G2101770.epw
county_id	G2101790	create_custom_building_from_spec	weather_file_name=G2101790.epw
county_id	G2101810	create_custom_building_from_spec	weather_file_name=G2101810.epw
county_id	G2101830	create_custom_building_from_spec	weather_file_name=G2101830.epw
county_id	G2101850	create_custom_building_from_spec	weather_file_name=G2101850.epw
county_id	G2101870	create_custom_building_from_spec	weather_file_name=G2101870.epw
county_id	G2101890	create_custom_building_from_spec	weather_file_name=G2101870.epw
county_id	G2101910	create_custom_building_from_spec	weather_file_name=G2101910.epw
county_id	G2101930	create_custom_building_from_spec	weather_file_name=G2101930.epw
county_id	G2101950	create_custom_building_from_spec	weather_file_name=G2101950.epw
county_id	G2101970	create_custom_building_from_spec	weather_file_name=G2101970.epw
county_id	G2101990	create_custom_building_from_spec	weather_file_name=G2101990.epw
county_id	G2102010	create_custom_building_from_spec	weather_file_name=G2102030.epw
county_id	G2102030	create_custom_building_from_spec	weather_file_name=G2102030.epw
county_id	G2102050	create_custom_building_from_spec	weather_file_name=G2102050.epw
county_id	G2102070	create_custom_building_from_spec	weather_file_name=G2102070.epw
county_id	G2102090	create_custom_building_from_spec	weather_file_name=G2102090.epw
county_id	G2102110	create_custom_building_from_spec	weather_file_name=G2102110.epw
county_id	G2102130	create_custom_building_from_spec	weather_file_name=G2102130.epw
county_id	G2102150	create_custom_building_from_spec	weather_file_name=G2102150.epw
county_id	G2102170	create_custom_building_from_spec	weather_file_name=G2102170.epw
county_id	G2102190	create_custom_building_from_spec	weather_file_name=G2102190.epw
county_id	G2102210	create_custom_building_from_spec	weather_file_name=G2102210.epw
county_id	G2102230	create_custom_building_from_spec	weather_file_name=G2102230.epw
county_id	G2102250	create_custom_building_from_spec	weather_file_name=G2102250.epw
county_id	G2102270	create_custom_building_from_spec	weather_file_name=G2102270.epw
county_id	G2102290	create_custom_building_from_spec	weather_file_name=G2102290.epw
county_id	G2102310	create_custom_building_from_spec	weather_file_name=G2102310.epw
county_id	G2102330	create_custom_building_from_spec	weather_file_name=G2102330.epw
county_id	G2102350	create_custom_building_from_spec	weather_file_name=G2102350.epw
county_id	G2102370	create_custom_building_from_spec	weather_file_name=G2102370.epw
county_id	G2102390	create_custom_building_from_spec	weather_file_name=G2102390.epw
county_id	G2200010	create_custom_building_from_spec	weather_file_name=G2200010.epw
county_id	G2200030	create_custom_building_from_spec	weather_file_name=G2200030.epw
county_id	G2200050	create_custom_building_from_spec	weather_file_name=G2200050.epw
county_id	G2200070	create_custom_building_from_spec	weather_file_name=G2200070.epw
county_id	G2200090	create_custom_building_from_spec	weather_file_name=G2200090.epw
county_id	G2200110	create_custom_building_from_spec	weather_file_name=G2200110.epw
county_id	G2200130	create_custom_building_from_spec	weather_file_name=G2200130.epw
county_id	G2200150	create_custom_building_from_spec	weather_file_name=G2200150.epw
county_id	G2200170	create_custom_building_from_spec	weather_file_name=G2200170.epw
county_id	G2200190	create_custom_building_from_spec	weather_file_name=G2200190.epw
county_id	G2200210	create_custom_building_from_spec	weather_file_name=G2200210.epw
county_id	G2200230	create_custom_building_from_spec	weather_file_name=G2200230.epw
county_id	G2200250	create_custom_building_from_spec	weather_file_name=G2200250.epw
county_id	G2200270	create_custom_building_from_spec	weather_file_name=G2200270.epw
county_id	G2200290	create_custom_building_from_spec	weather_file_name=G2200290.epw
county_id	G2200310	create_custom_building_from_spec	weather_file_name=G2200310.epw
county_id	G2200330	create_custom_building_from_spec	weather_file_name=G2200330.epw
county_id	G2200350	create_custom_building_from_spec	weather_file_name=G2200350.epw
county_id	G2200370	create_custom_building_from_spec	weather_file_name=G2200370.epw
county_id	G2200390	create_custom_building_from_spec	weather_file_name=G2200390.epw
county_id	G2200410	create_custom_building_from_spec	weather_file_name=G2200410.epw
county_id	G2200430	create_custom_building_from_spec	weather_file_name=G2200430.epw
county_id	G2200450	create_custom_building_from_spec	weather_file_name=G2200450.epw
county_id	G2200470	create_custom_building_from_spec	weather_file_name=G2200470.epw
county_id	G2200490	create_custom_building_from_spec	weather_file_name=G2200490.epw
county_id	G2200510	create_custom_building_from_spec	weather_file_name=G2200510.epw
county_id	G2200530	create_custom_building_from_spec	weather_file_name=G2200530.epw
county_id	G2200550	create_custom_building_from_spec	weather_file_name=G2200550.epw
county_id	G2200570	create_custom_building_from_spec	weather_file_name=G2200570.epw
county_id	G2200590	create_custom_building_from_spec	weather_file_name=G2200590.epw
county_id	G2200610	create_custom_building_from_spec	weather_file_name=G2200610.epw
county_id	G2200630	create_custom_building_from_spec	weather_file_name=G2200630.epw
county_id	G2200650	create_custom_building_from_spec	weather_file_name=G2200650.epw
county_id	G2200670	create_custom_building_from_spec	weather_file_name=G2200670.epw
county_id	G2200690	create_custom_building_from_spec	weather_file_name=G2200690.epw
county_id	G2200710	create_custom_building_from_spec	weather_file_name=G2200710.epw
county_id	G2200730	create_custom_building_from_spec	weather_file_name=G2200730.epw
county_id	G2200750	create_custom_building_from_spec	weather_file_name=G2200750.epw
county_id	G2200770	create_custom_building_from_spec	weather_file_name=G2200770.epw
county_id	G2200790	create_custom_building_from_spec	weather_file_name=G2200790.epw
county_id	G2200810	create_custom_building_from_spec	weather_file_name=G2200810.epw
county_id	G2200830	create_custom_building_from_spec	weather_file_name=G2200830.epw
county_id	G2200850	create_custom_building_from_spec	weather_file_name=G2200850.epw
county_id	G2200870	create_custom_building_from_spec	weather_file_name=G2200870.epw
county_id	G2200890	create_custom_building_from_spec	weather_file_name=G2200890.epw
county_id	G2200910	create_custom_building_from_spec	weather_file_name=G2200910.epw
county_id	G2200930	create_custom_building_from_spec	weather_file_name=G2200930.epw
county_id	G2200950	create_custom_building_from_spec	weather_file_name=G2200950.epw
county_id	G2200970	create_custom_building_from_spec	weather_file_name=G2200970.epw
county_id	G2200990	create_custom_building_from_spec	weather_file_name=G2200990.epw
county_id	G2201010	create_custom_building_from_spec	weather_file_name=G2201010.epw
county_id	G2201030	create_custom_building_from_spec	weather_file_name=G2201030.epw
county_id	G2201050	create_custom_building_from_spec	weather_file_name=G2201050.epw
county_id	G2201070	create_custom_building_from_spec	weather_file_name=G2201070.epw
county_id	G2201090	create_custom_building_from_spec	weather_file_name=G2201090.epw
county_id	G2201110	create_custom_building_from_spec	weather_file_name=G2201110.epw
county_id	G2201130	create_custom_building_from_spec	weather_file_name=G2201130.epw
county_id	G2201150	create_custom_building_from_spec	weather_file_name=G2201150.epw
county_id	G2201170	create_custom_building_from_spec	weather_file_name=G2201170.epw
county_id	G2201190	create_custom_building_from_spec	weather_file_name=G2201190.epw
county_id	G2201210	create_custom_building_from_spec	weather_file_name=G2201210.epw
county_id	G2201230	create_custom_building_from_spec	weather_file_name=G2201230.epw
county_id	G2201250	create_custom_building_from_spec	weather_file_name=G2201250.epw
county_id	G2201270	create_custom_building_from_spec	weather_file_name=G2201270.epw
county_id	G2300010	create_custom_building_from_spec	weather_file_name=G2300010.epw
county_id	G2300030	create_custom_building_from_spec	weather_file_name=G2300030.epw
county_id	G2300050	create_custom_building_from_spec	weather_file_name=G2300050.epw
county_id	G2300070	create_custom_building_from_spec	weather_file_name=G2300070.epw
county_id	G2300090	create_custom_building_from_spec	weather_file_name=G2300090.epw
county_id	G2300110	create_custom_building_from_spec	weather_file_name=G2300110.epw
county_id	G2300130	create_custom_building_from_spec	weather_file_name=G2300130.epw
county_id	G2300150	create_custom_building_from_spec	weather_file_name=G2300150.epw
county_id	G2300170	create_custom_building_from_spec	weather_file_name=G2300170.epw
county_id	G2300190	create_custom_building_from_spec	weather_file_name=G2300190.epw
county_id	G2300210	create_custom_building_from_spec	weather_file_name=G2300210.epw
county_id	G2300230	create_custom_building_from_spec	weather_file_name=G2300230.epw
county_id	G2300250	create_custom_building_from_spec	weather_file_name=G2300250.epw
county_id	G2300270	create_custom_building_from_spec	weather_file_name=G2300270.epw
county_id	G2300290	create_custom_building_from_spec	weather_file_name=G2300290.epw
county_id	G2300310	create_custom_building_from_spec	weather_file_name=G2300310.epw
county_id	G2400010	create_custom_building_from_spec	weather_file_name=G2400010.epw
county_id	G2400030	create_custom_building_from_spec	weather_file_name=G2400030.epw
county_id	G2400050	create_custom_building_from_spec	weather_file_name=G2400050.epw
county_id	G2400090	create_custom_building_from_spec	weather_file_name=G2400090.epw
county_id	G2400110	create_custom_building_from_spec	weather_file_name=G2400110.epw
county_id	G2400130	create_custom_building_from_spec	weather_file_name=G2400130.epw
county_id	G2400150	create_custom_building_from_spec	weather_file_name=G2400150.epw
county_id	G2400170	create_custom_building_from_spec	weather_file_name=G2400170.epw
county_id	G2400190	create_custom_building_from_spec	weather_file_name=G2400190.epw
county_id	G2400210	create_custom_building_from_spec	weather_file_name=G2400210.epw
county_id	G2400230	create_custom_building_from_spec	weather_file_name=G2400230.epw
county_id	G2400250	create_custom_building_from_spec	weather_file_name=G2400250.epw
county_id	G2400270	create_custom_building_from_spec	weather_file_name=G2400270.epw
county_id	G2400290	create_custom_building_from_spec	weather_file_name=G2400290.epw
county_id	G2400310	create_custom_building_from_spec	weather_file_name=G2400310.epw
county_id	G2400330	create_custom_building_from_spec	weather_file_name=G2400330.epw
county_id	G2400350	create_custom_building_from_spec	weather_file_name=G2400350.epw
county_id	G2400370	create_custom_building_from_spec	weather_file_name=G2400370.epw
county_id	G2400390	create_custom_building_from_spec	weather_file_name=G2400390.epw
county_id	G2400410	create_custom_building_from_spec	weather_file_name=G2400410.epw
county_id	G2400430	create_custom_building_from_spec	weather_file_name=G2400430.epw
county_id	G2400450	create_custom_building_from_spec	weather_file_name=G2400450.epw
county_id	G2400470	create_custom_building_from_spec	weather_file_name=G2400470.epw
county_id	G2405100	create_custom_building_from_spec	weather_file_name=G2405100.epw
county_id	G2500010	create_custom_building_from_spec	weather_file_name=G2500010.epw
county_id	G2500030	create_custom_building_from_spec	weather_file_name=G2500030.epw
county_id	G2500050	create_custom_building_from_spec	weather_file_name=G2500050.epw
county_id	G2500070	create_custom_building_from_spec	weather_file_name=G2500070.epw
county_id	G2500090	create_custom_building_from_spec	weather_file_name=G2500090.epw
county_id	G2500110	create_custom_building_from_spec	weather_file_name=G2500110.epw
county_id	G2500130	create_custom_building_from_spec	weather_file_name=G2500130.epw
county_id	G2500150	create_custom_building_from_spec	weather_file_name=G2500150.epw
county_id	G2500170	create_custom_building_from_spec	weather_file_name=G2500170.epw
county_id	G2500190	create_custom_building_from_spec	weather_file_name=G2500190.epw
county_id	G2500210	create_custom_building_from_spec	weather_file_name=G2500210.epw
county_id	G2500230	create_custom_building_from_spec	weather_file_name=G2500230.epw
county_id	G2500250	create_custom_building_from_spec	weather_file_name=G2500250.epw
county_id	G2500270	create_custom_building_from_spec	weather_file_name=G2500270.epw
county_id	G2600010	create_custom_building_from_spec	weather_file_name=G2600010.epw
county_id	G2600030	create_custom_building_from_spec	weather_file_name=G2600030.epw
county_id	G2600050	create_custom_building_from_spec	weather_file_name=G2600050.epw
county_id	G2600070	create_custom_building_from_spec	weather_file_name=G2600070.epw
county_id	G2600090	create_custom_building_from_spec	weather_file_name=G2600090.epw
county_id	G2600110	create_custom_building_from_spec	weather_file_name=G2600110.epw
county_id	G2600130	create_custom_building_from_spec	weather_file_name=G2600130.epw
county_id	G2600150	create_custom_building_from_spec	weather_file_name=G2600150.epw
county_id	G2600170	create_custom_building_from_spec	weather_file_name=G2600170.epw
county_id	G2600190	create_custom_building_from_spec	weather_file_name=G2600190.epw
county_id	G2600210	create_custom_building_from_spec	weather_file_name=G2600210.epw
county_id	G2600230	create_custom_building_from_spec	weather_file_name=G2600230.epw
county_id	G2600250	create_custom_building_from_spec	weather_file_name=G2600250.epw
county_id	G2600270	create_custom_building_from_spec	weather_file_name=G2600270.epw
county_id	G2600290	create_custom_building_from_spec	weather_file_name=G2600290.epw
county_id	G2600310	create_custom_building_from_spec	weather_file_name=G2600310.epw
county_id	G2600330	create_custom_building_from_spec	weather_file_name=G2600330.epw
county_id	G2600350	create_custom_building_from_spec	weather_file_name=G2600350.epw
county_id	G2600370	create_custom_building_from_spec	weather_file_name=G2600370.epw
county_id	G2600390	create_custom_building_from_spec	weather_file_name=G2600390.epw
county_id	G2600410	create_custom_building_from_spec	weather_file_name=G2600410.epw
county_id	G2600430	create_custom_building_from_spec	weather_file_name=G2600430.epw
county_id	G2600450	create_custom_building_from_spec	weather_file_name=G2600450.epw
county_id	G2600470	create_custom_building_from_spec	weather_file_name=G2600470.epw
county_id	G2600490	create_custom_building_from_spec	weather_file_name=G2600490.epw
county_id	G2600510	create_custom_building_from_spec	weather_file_name=G2600510.epw
county_id	G2600530	create_custom_building_from_spec	weather_file_name=G2600530.epw
county_id	G2600550	create_custom_building_from_spec	weather_file_name=G2600550.epw
county_id	G2600570	create_custom_building_from_spec	weather_file_name=G2600570.epw
county_id	G2600590	create_custom_building_from_spec	weather_file_name=G2600590.epw
county_id	G2600610	create_custom_building_from_spec	weather_file_name=G2600610.epw
county_id	G2600630	create_custom_building_from_spec	weather_file_name=G2600630.epw
county_id	G2600650	create_custom_building_from_spec	weather_file_name=G2600650.epw
county_id	G2600670	create_custom_building_from_spec	weather_file_name=G2600670.epw
county_id	G2600690	create_custom_building_from_spec	weather_file_name=G2600690.epw
county_id	G2600710	create_custom_building_from_spec	weather_file_name=G2600710.epw
county_id	G2600730	create_custom_building_from_spec	weather_file_name=G2600730.epw
county_id	G2600750	create_custom_building_from_spec	weather_file_name=G2600750.epw
county_id	G2600770	create_custom_building_from_spec	weather_file_name=G2600770.epw
county_id	G2600790	create_custom_building_from_spec	weather_file_name=G2600790.epw
county_id	G2600810	create_custom_building_from_spec	weather_file_name=G2600810.epw
county_id	G2600830	create_custom_building_from_spec	weather_file_name=G2600830.epw
county_id	G2600850	create_custom_building_from_spec	weather_file_name=G2600850.epw
county_id	G2600870	create_custom_building_from_spec	weather_file_name=G2600870.epw
county_id	G2600890	create_custom_building_from_spec	weather_file_name=G2600890.epw
county_id	G2600910	create_custom_building_from_spec	weather_file_name=G2600910.epw
county_id	G2600930	create_custom_building_from_spec	weather_file_name=G2600930.epw
county_id	G2600950	create_custom_building_from_spec	weather_file_name=G2600950.epw
county_id	G2600970	create_custom_building_from_spec	weather_file_name=G2600970.epw
county_id	G2600990	create_custom_building_from_spec	weather_file_name=G2600990.epw
county_id	G2601010	create_custom_building_from_spec	weather_file_name=G2601010.epw
county_id	G2601030	create_custom_building_from_spec	weather_file_name=G2601030.epw
county_id	G2601050	create_custom_building_from_spec	weather_file_name=G2601050.epw
county_id	G2601070	create_custom_building_from_spec	weather_file_name=G2601070.epw
county_id	G2601090	create_custom_building_from_spec	weather_file_name=G2601090.epw
county_id	G2601110	create_custom_building_from_spec	weather_file_name=G2601110.epw
county_id	G2601130	create_custom_building_from_spec	weather_file_name=G2601130.epw
county_id	G2601150	create_custom_building_from_spec	weather_file_name=G2601150.epw
county_id	G2601170	create_custom_building_from_spec	weather_file_name=G2601170.epw
county_id	G2601190	create_custom_building_from_spec	weather_file_name=G2601190.epw
county_id	G2601210	create_custom_building_from_spec	weather_file_name=G2601210.epw
county_id	G2601230	create_custom_building_from_spec	weather_file_name=G2601230.epw
county_id	G2601250	create_custom_building_from_spec	weather_file_name=G2601250.epw
county_id	G2601270	create_custom_building_from_spec	weather_file_name=G2601270.epw
county_id	G2601290	create_custom_building_from_spec	weather_file_name=G2601290.epw
county_id	G2601310	create_custom_building_from_spec	weather_file_name=G2601310.epw
county_id	G2601330	create_custom_building_from_spec	weather_file_name=G2601330.epw
county_id	G2601350	create_custom_building_from_spec	weather_file_name=G2601350.epw
county_id	G2601370	create_custom_building_from_spec	weather_file_name=G2601370.epw
county_id	G2601390	create_custom_building_from_spec	weather_file_name=G2601390.epw
county_id	G2601410	create_custom_building_from_spec	weather_file_name=G2601410.epw
county_id	G2601430	create_custom_building_from_spec	weather_file_name=G2601430.epw
county_id	G2601450	create_custom_building_from_spec	weather_file_name=G2601450.epw
county_id	G2601470	create_custom_building_from_spec	weather_file_name=G2601470.epw
county_id	G2601490	create_custom_building_from_spec	weather_file_name=G2601490.epw
county_id	G2601510	create_custom_building_from_spec	weather_file_name=G2601510.epw
county_id	G2601530	create_custom_building_from_spec	weather_file_name=G2601530.epw
county_id	G2601550	create_custom_building_from_spec	weather_file_name=G2601550.epw
county_id	G2601570	create_custom_building_from_spec	weather_file_name=G2601570.epw
county_id	G2601590	create_custom_building_from_spec	weather_file_name=G2601590.epw
county_id	G2601610	create_custom_building_from_spec	weather_file_name=G2601610.epw
county_id	G2601630	create_custom_building_from_spec	weather_file_name=G2601630.epw
county_id	G2601650	create_custom_building_from_spec	weather_file_name=G2601650.epw
county_id	G2700010	create_custom_building_from_spec	weather_file_name=G2700010.epw
county_id	G2700030	create_custom_building_from_spec	weather_file_name=G2700030.epw
county_id	G2700050	create_custom_building_from_spec	weather_file_name=G2700050.epw
county_id	G2700070	create_custom_building_from_spec	weather_file_name=G2700070.epw
county_id	G2700090	create_custom_building_from_spec	weather_file_name=G2700090.epw
county_id	G2700110	create_custom_building_from_spec	weather_file_name=G2700110.epw
county_id	G2700130	create_custom_building_from_spec	weather_file_name=G2700130.epw
county_id	G2700150	create_custom_building_from_spec	weather_file_name=G2700150.epw
county_id	G2700170	create_custom_building_from_spec	weather_file_name=G2700170.epw
county_id	G2700190	create_custom_building_from_spec	weather_file_name=G2700190.epw
county_id	G2700210	create_custom_building_from_spec	weather_file_name=G2700210.epw
county_id	G2700230	create_custom_building_from_spec	weather_file_name=G2700230.epw
county_id	G2700250	create_custom_building_from_spec	weather_file_name=G2700250.epw
county_id	G2700270	create_custom_building_from_spec	weather_file_name=G2700270.epw
county_id	G2700290	create_custom_building_from_spec	weather_file_name=G2700290.epw
county_id	G2700310	create_custom_building_from_spec	weather_file_name=G2700310.epw
county_id	G2700330	create_custom_building_from_spec	weather_file_name=G2700330.epw
county_id	G2700350	create_custom_building_from_spec	weather_file_name=G2700350.epw
county_id	G2700370	create_custom_building_from_spec	weather_file_name=G2700370.epw
county_id	G2700390	create_custom_building_from_spec	weather_file_name=G2700390.epw
county_id	G2700410	create_custom_building_from_spec	weather_file_name=G2700410.epw
county_id	G2700430	create_custom_building_from_spec	weather_file_name=G2700430.epw
county_id	G2700450	create_custom_building_from_spec	weather_file_name=G2700450.epw
county_id	G2700470	create_custom_building_from_spec	weather_file_name=G2700470.epw
county_id	G2700490	create_custom_building_from_spec	weather_file_name=G2700490.epw
county_id	G2700510	create_custom_building_from_spec	weather_file_name=G2700510.epw
county_id	G2700530	create_custom_building_from_spec	weather_file_name=G2700530.epw
county_id	G2700550	create_custom_building_from_spec	weather_file_name=G2700550.epw
county_id	G2700570	create_custom_building_from_spec	weather_file_name=G2700570.epw
county_id	G2700590	create_custom_building_from_spec	weather_file_name=G2700590.epw
county_id	G2700610	create_custom_building_from_spec	weather_file_name=G2700610.epw
county_id	G2700630	create_custom_building_from_spec	weather_file_name=G2700630.epw
county_id	G2700650	create_custom_building_from_spec	weather_file_name=G2700650.epw
county_id	G2700670	create_custom_building_from_spec	weather_file_name=G2700670.epw
county_id	G2700690	create_custom_building_from_spec	weather_file_name=G2700690.epw
county_id	G2700710	create_custom_building_from_spec	weather_file_name=G2700710.epw
county_id	G2700730	create_custom_building_from_spec	weather_file_name=G2700730.epw
county_id	G2700750	create_custom_building_from_spec	weather_file_name=G2700750.epw
county_id	G2700770	create_custom_building_from_spec	weather_file_name=G2700770.epw
county_id	G2700790	create_custom_building_from_spec	weather_file_name=G2700790.epw
county_id	G2700810	create_custom_building_from_spec	weather_file_name=G2700810.epw
county_id	G2700830	create_custom_building_from_spec	weather_file_name=G2700830.epw
county_id	G2700850	create_custom_building_from_spec	weather_file_name=G2700850.epw
county_id	G2700870	create_custom_building_from_spec	weather_file_name=G2700870.epw
county_id	G2700890	create_custom_building_from_spec	weather_file_name=G2700890.epw
county_id	G2700910	create_custom_building_from_spec	weather_file_name=G2700910.epw
county_id	G2700930	create_custom_building_from_spec	weather_file_name=G2700930.epw
county_id	G2700950	create_custom_building_from_spec	weather_file_name=G2700950.epw
county_id	G2700970	create_custom_building_from_spec	weather_file_name=G2700970.epw
county_id	G2700990	create_custom_building_from_spec	weather_file_name=G2700990.epw
county_id	G2701010	create_custom_building_from_spec	weather_file_name=G2701010.epw
county_id	G2701030	create_custom_building_from_spec	weather_file_name=G2701030.epw
county_id	G2701050	create_custom_building_from_spec	weather_file_name=G2701050.epw
county_id	G2701070	create_custom_building_from_spec	weather_file_name=G2701070.epw
county_id	G2701090	create_custom_building_from_spec	weather_file_name=G2701090.epw
county_id	G2701110	create_custom_building_from_spec	weather_file_name=G2701110.epw
county_id	G2701130	create_custom_building_from_spec	weather_file_name=G2701130.epw
county_id	G2701150	create_custom_building_from_spec	weather_file_name=G2701150.epw
county_id	G2701170	create_custom_building_from_spec	weather_file_name=G2701170.epw
county_id	G2701190	create_custom_building_from_spec	weather_file_name=G2701190.epw
county_id	G2701210	create_custom_building_from_spec	weather_file_name=G2701210.epw
county_id	G2701230	create_custom_building_from_spec	weather_file_name=G2701230.epw
county_id	G2701250	create_custom_building_from_spec	weather_file_name=G2701250.epw
county_id	G2701270	create_custom_building_from_spec	weather_file_name=G2701270.epw
county_id	G2701290	create_custom_building_from_spec	weather_file_name=G2701290.epw
county_id	G2701310	create_custom_building_from_spec	weather_file_name=G2701310.epw
county_id	G2701330	create_custom_building_from_spec	weather_file_name=G2701330.epw
county_id	G2701350	create_custom_building_from_spec	weather_file_name=G2701350.epw
county_id	G2701370	create_custom_building_from_spec	weather_file_name=G2701370.epw
county_id	G2701390	create_custom_building_from_spec	weather_file_name=G2701390.epw
county_id	G2701410	create_custom_building_from_spec	weather_file_name=G2701410.epw
county_id	G2701430	create_custom_building_from_spec	weather_file_name=G2701430.epw
county_id	G2701450	create_custom_building_from_spec	weather_file_name=G2701450.epw
county_id	G2701470	create_custom_building_from_spec	weather_file_name=G2701470.epw
county_id	G2701490	create_custom_building_from_spec	weather_file_name=G2701490.epw
county_id	G2701510	create_custom_building_from_spec	weather_file_name=G2701510.epw
county_id	G2701530	create_custom_building_from_spec	weather_file_name=G2701530.epw
county_id	G2701550	create_custom_building_from_spec	weather_file_name=G2701550.epw
county_id	G2701570	create_custom_building_from_spec	weather_file_name=G2701570.epw
county_id	G2701590	create_custom_building_from_spec	weather_file_name=G2701590.epw
county_id	G2701610	create_custom_building_from_spec	weather_file_name=G2701610.epw
county_id	G2701630	create_custom_building_from_spec	weather_file_name=G2701630.epw
county_id	G2701650	create_custom_building_from_spec	weather_file_name=G2701650.epw
county_id	G2701670	create_custom_building_from_spec	weather_file_name=G2701670.epw
county_id	G2701690	create_custom_building_from_spec	weather_file_name=G2701690.epw
county_id	G2701710	create_custom_building_from_spec	weather_file_name=G2701710.epw
county_id	G2701730	create_custom_building_from_spec	weather_file_name=G2701730.epw
county_id	G2800010	create_custom_building_from_spec	weather_file_name=G2800010.epw
county_id	G2800030	create_custom_building_from_spec	weather_file_name=G2800030.epw
county_id	G2800050	create_custom_building_from_spec	weather_file_name=G2800050.epw
county_id	G2800070	create_custom_building_from_spec	weather_file_name=G2800070.epw
county_id	G2800090	create_custom_building_from_spec	weather_file_name=G2800090.epw
county_id	G2800110	create_custom_building_from_spec	weather_file_name=G2800110.epw
county_id	G2800130	create_custom_building_from_spec	weather_file_name=G2800130.epw
county_id	G2800150	create_custom_building_from_spec	weather_file_name=G2800150.epw
county_id	G2800170	create_custom_building_from_spec	weather_file_name=G2800170.epw
county_id	G2800190	create_custom_building_from_spec	weather_file_name=G2800190.epw
county_id	G2800210	create_custom_building_from_spec	weather_file_name=G2800210.epw
county_id	G2800230	create_custom_building_from_spec	weather_file_name=G2800230.epw
county_id	G2800250	create_custom_building_from_spec	weather_file_name=G2800250.epw
county_id	G2800270	create_custom_building_from_spec	weather_file_name=G2800270.epw
county_id	G2800290	create_custom_building_from_spec	weather_file_name=G2800290.epw
county_id	G2800310	create_custom_building_from_spec	weather_file_name=G2800310.epw
county_id	G2800330	create_custom_building_from_spec	weather_file_name=G2800330.epw
county_id	G2800350	create_custom_building_from_spec	weather_file_name=G2800350.epw
county_id	G2800370	create_custom_building_from_spec	weather_file_name=G2800370.epw
county_id	G2800390	create_custom_building_from_spec	weather_file_name=G2800390.epw
county_id	G2800410	create_custom_building_from_spec	weather_file_name=G2800410.epw
county_id	G2800430	create_custom_building_from_spec	weather_file_name=G2800430.epw
county_id	G2800450	create_custom_building_from_spec	weather_file_name=G2800450.epw
county_id	G2800470	create_custom_building_from_spec	weather_file_name=G2800470.epw
county_id	G2800490	create_custom_building_from_spec	weather_file_name=G2800490.epw
county_id	G2800510	create_custom_building_from_spec	weather_file_name=G2800510.epw
county_id	G2800530	create_custom_building_from_spec	weather_file_name=G2800530.epw
county_id	G2800550	create_custom_building_from_spec	weather_file_name=G2800570.epw
county_id	G2800570	create_custom_building_from_spec	weather_file_name=G2800570.epw
county_id	G2800590	create_custom_building_from_spec	weather_file_name=G2800590.epw
county_id	G2800610	create_custom_building_from_spec	weather_file_name=G2800610.epw
county_id	G2800630	create_custom_building_from_spec	weather_file_name=G2800630.epw
county_id	G2800650	create_custom_building_from_spec	weather_file_name=G2800650.epw
county_id	G2800670	create_custom_building_from_spec	weather_file_name=G2800670.epw
county_id	G2800690	create_custom_building_from_spec	weather_file_name=G2800690.epw
county_id	G2800710	create_custom_building_from_spec	weather_file_name=G2800710.epw
county_id	G2800730	create_custom_building_from_spec	weather_file_name=G2800730.epw
county_id	G2800750	create_custom_building_from_spec	weather_file_name=G2800750.epw
county_id	G2800770	create_custom_building_from_spec	weather_file_name=G2800770.epw
county_id	G2800790	create_custom_building_from_spec	weather_file_name=G2800790.epw
county_id	G2800810	create_custom_building_from_spec	weather_file_name=G2800810.epw
county_id	G2800830	create_custom_building_from_spec	weather_file_name=G2800830.epw
county_id	G2800850	create_custom_building_from_spec	weather_file_name=G2800850.epw
county_id	G2800870	create_custom_building_from_spec	weather_file_name=G2800870.epw
county_id	G2800890	create_custom_building_from_spec	weather_file_name=G2800890.epw
county_id	G2800910	create_custom_building_from_spec	weather_file_name=G2800910.epw
county_id	G2800930	create_custom_building_from_spec	weather_file_name=G2800930.epw
county_id	G2800950	create_custom_building_from_spec	weather_file_name=G2800950.epw
county_id	G2800970	create_custom_building_from_spec	weather_file_name=G2800970.epw
county_id	G2800990	create_custom_building_from_spec	weather_file_name=G2800990.epw
county_id	G2801010	create_custom_building_from_spec	weather_file_name=G2801010.epw
county_id	G2801030	create_custom_building_from_spec	weather_file_name=G2801030.epw
county_id	G2801050	create_custom_building_from_spec	weather_file_name=G2801050.epw
county_id	G2801070	create_custom_building_from_spec	weather_file_name=G2801070.epw
county_id	G2801090	create_custom_building_from_spec	weather_file_name=G2801090.epw
county_id	G2801110	create_custom_building_from_spec	weather_file_name=G2801110.epw
county_id	G2801130	create_custom_building_from_spec	weather_file_name=G2801130.epw
county_id	G2801150	create_custom_building_from_spec	weather_file_name=G2801150.epw
county_id	G2801170	create_custom_building_from_spec	weather_file_name=G2801170.epw
county_id	G2801190	create_custom_building_from_spec	weather_file_name=G2801190.epw
county_id	G2801210	create_custom_building_from_spec	weather_file_name=G2801210.epw
county_id	G2801230	create_custom_building_from_spec	weather_file_name=G2801230.epw
county_id	G2801250	create_custom_building_from_spec	weather_file_name=G2801250.epw
county_id	G2801270	create_custom_building_from_spec	weather_file_name=G2801270.epw
county_id	G2801290	create_custom_building_from_spec	weather_file_name=G2801290.epw
county_id	G2801310	create_custom_building_from_spec	weather_file_name=G2801310.epw
county_id	G2801330	create_custom_building_from_spec	weather_file_name=G2801330.epw
county_id	G2801350	create_custom_building_from_spec	weather_file_name=G2801350.epw
county_id	G2801370	create_custom_building_from_spec	weather_file_name=G2801370.epw
county_id	G2801390	create_custom_building_from_spec	weather_file_name=G2801390.epw
county_id	G2801410	create_custom_building_from_spec	weather_file_name=G2801410.epw
county_id	G2801430	create_custom_building_from_spec	weather_file_name=G2801430.epw
county_id	G2801450	create_custom_building_from_spec	weather_file_name=G2801450.epw
county_id	G2801470	create_custom_building_from_spec	weather_file_name=G2801470.epw
county_id	G2801490	create_custom_building_from_spec	weather_file_name=G2801490.epw
county_id	G2801510	create_custom_building_from_spec	weather_file_name=G2801510.epw
county_id	G2801530	create_custom_building_from_spec	weather_file_name=G2801530.epw
county_id	G2801550	create_custom_building_from_spec	weather_file_name=G2801550.epw
county_id	G2801570	create_custom_building_from_spec	weather_file_name=G2801570.epw
county_id	G2801590	create_custom_building_from_spec	weather_file_name=G2801590.epw
county_id	G2801610	create_custom_building_from_spec	weather_file_name=G2801610.epw
county_id	G2801630	create_custom_building_from_spec	weather_file_name=G2801630.epw
county_id	G2900010	create_custom_building_from_spec	weather_file_name=G2900010.epw
county_id	G2900030	create_custom_building_from_spec	weather_file_name=G2900030.epw
county_id	G2900050	create_custom_building_from_spec	weather_file_name=G2900050.epw
county_id	G2900070	create_custom_building_from_spec	weather_file_name=G2900070.epw
county_id	G2900090	create_custom_building_from_spec	weather_file_name=G2900090.epw
county_id	G2900110	create_custom_building_from_spec	weather_file_name=G2900110.epw
county_id	G2900130	create_custom_building_from_spec	weather_file_name=G2900130.epw
county_id	G2900150	create_custom_building_from_spec	weather_file_name=G2900150.epw
county_id	G2900170	create_custom_building_from_spec	weather_file_name=G2900170.epw
county_id	G2900190	create_custom_building_from_spec	weather_file_name=G2900190.epw
county_id	G2900210	create_custom_building_from_spec	weather_file_name=G2900210.epw
county_id	G2900230	create_custom_building_from_spec	weather_file_name=G2900230.epw
county_id	G2900250	create_custom_building_from_spec	weather_file_name=G2900250.epw
county_id	G2900270	create_custom_building_from_spec	weather_file_name=G2900270.epw
county_id	G2900290	create_custom_building_from_spec	weather_file_name=G2900290.epw
county_id	G2900310	create_custom_building_from_spec	weather_file_name=G2900310.epw
county_id	G2900330	create_custom_building_from_spec	weather_file_name=G2900330.epw
county_id	G2900350	create_custom_building_from_spec	weather_file_name=G2900350.epw
county_id	G2900370	create_custom_building_from_spec	weather_file_name=G2900370.epw
county_id	G2900390	create_custom_building_from_spec	weather_file_name=G2900390.epw
county_id	G2900410	create_custom_building_from_spec	weather_file_name=G2900410.epw
county_id	G2900430	create_custom_building_from_spec	weather_file_name=G2900430.epw
county_id	G2900450	create_custom_building_from_spec	weather_file_name=G2900450.epw
county_id	G2900470	create_custom_building_from_spec	weather_file_name=G2900470.epw
county_id	G2900490	create_custom_building_from_spec	weather_file_name=G2900490.epw
county_id	G2900510	create_custom_building_from_spec	weather_file_name=G2900510.epw
county_id	G2900530	create_custom_building_from_spec	weather_file_name=G2900530.epw
county_id	G2900550	create_custom_building_from_spec	weather_file_name=G2900550.epw
county_id	G2900570	create_custom_building_from_spec	weather_file_name=G2900570.epw
county_id	G2900590	create_custom_building_from_spec	weather_file_name=G2900590.epw
county_id	G2900610	create_custom_building_from_spec	weather_file_name=G2900610.epw
county_id	G2900630	create_custom_building_from_spec	weather_file_name=G2900630.epw
county_id	G2900650	create_custom_building_from_spec	weather_file_name=G2900650.epw
county_id	G2900670	create_custom_building_from_spec	weather_file_name=G2900670.epw
county_id	G2900690	create_custom_building_from_spec	weather_file_name=G2900690.epw
county_id	G2900710	create_custom_building_from_spec	weather_file_name=G2900710.epw
county_id	G2900730	create_custom_building_from_spec	weather_file_name=G2900730.epw
county_id	G2900750	create_custom_building_from_spec	weather_file_name=G2900750.epw
county_id	G2900770	create_custom_building_from_spec	weather_file_name=G2900770.epw
county_id	G2900790	create_custom_building_from_spec	weather_file_name=G2900790.epw
county_id	G2900810	create_custom_building_from_spec	weather_file_name=G2900810.epw
county_id	G2900830	create_custom_building_from_spec	weather_file_name=G2900830.epw
county_id	G2900850	create_custom_building_from_spec	weather_file_name=G2900850.epw
county_id	G2900870	create_custom_building_from_spec	weather_file_name=G2900870.epw
county_id	G2900890	create_custom_building_from_spec	weather_file_name=G2900890.epw
county_id	G2900910	create_custom_building_from_spec	weather_file_name=G2900910.epw
county_id	G2900930	create_custom_building_from_spec	weather_file_name=G2900930.epw
county_id	G2900950	create_custom_building_from_spec	weather_file_name=G2900950.epw
county_id	G2900970	create_custom_building_from_spec	weather_file_name=G2900970.epw
county_id	G2900990	create_custom_building_from_spec	weather_file_name=G2900990.epw
county_id	G2901010	create_custom_building_from_spec	weather_file_name=G2901010.epw
county_id	G2901030	create_custom_building_from_spec	weather_file_name=G2901030.epw
county_id	G2901050	create_custom_building_from_spec	weather_file_name=G2901050.epw
county_id	G2901070	create_custom_building_from_spec	weather_file_name=G2901070.epw
county_id	G2901090	create_custom_building_from_spec	weather_file_name=G2901090.epw
county_id	G2901110	create_custom_building_from_spec	weather_file_name=G2901110.epw
county_id	G2901130	create_custom_building_from_spec	weather_file_name=G2901130.epw
county_id	G2901150	create_custom_building_from_spec	weather_file_name=G2901150.epw
county_id	G2901170	create_custom_building_from_spec	weather_file_name=G2901170.epw
county_id	G2901190	create_custom_building_from_spec	weather_file_name=G2901190.epw
county_id	G2901210	create_custom_building_from_spec	weather_file_name=G2901210.epw
county_id	G2901230	create_custom_building_from_spec	weather_file_name=G2901230.epw
county_id	G2901250	create_custom_building_from_spec	weather_file_name=G2901250.epw
county_id	G2901270	create_custom_building_from_spec	weather_file_name=G2901270.epw
county_id	G2901290	create_custom_building_from_spec	weather_file_name=G2901290.epw
county_id	G2901310	create_custom_building_from_spec	weather_file_name=G2901310.epw
county_id	G2901330	create_custom_building_from_spec	weather_file_name=G2901330.epw
county_id	G2901350	create_custom_building_from_spec	weather_file_name=G2901350.epw
county_id	G2901370	create_custom_building_from_spec	weather_file_name=G2901370.epw
county_id	G2901390	create_custom_building_from_spec	weather_file_name=G2901390.epw
county_id	G2901410	create_custom_building_from_spec	weather_file_name=G2901410.epw
county_id	G2901430	create_custom_building_from_spec	weather_file_name=G2901430.epw
county_id	G2901450	create_custom_building_from_spec	weather_file_name=G2901450.epw
county_id	G2901470	create_custom_building_from_spec	weather_file_name=G2901470.epw
county_id	G2901490	create_custom_building_from_spec	weather_file_name=G2901490.epw
county_id	G2901510	create_custom_building_from_spec	weather_file_name=G2901510.epw
county_id	G2901530	create_custom_building_from_spec	weather_file_name=G2901530.epw
county_id	G2901550	create_custom_building_from_spec	weather_file_name=G2901550.epw
county_id	G2901570	create_custom_building_from_spec	weather_file_name=G2901570.epw
county_id	G2901590	create_custom_building_from_spec	weather_file_name=G2901590.epw
county_id	G2901610	create_custom_building_from_spec	weather_file_name=G2901610.epw
county_id	G2901630	create_custom_building_from_spec	weather_file_name=G2901630.epw
county_id	G2901650	create_custom_building_from_spec	weather_file_name=G2901650.epw
county_id	G2901670	create_custom_building_from_spec	weather_file_name=G2901670.epw
county_id	G2901690	create_custom_building_from_spec	weather_file_name=G2901690.epw
county_id	G2901710	create_custom_building_from_spec	weather_file_name=G2901710.epw
county_id	G2901730	create_custom_building_from_spec	weather_file_name=G2901730.epw
county_id	G2901750	create_custom_building_from_spec	weather_file_name=G2901750.epw
county_id	G2901770	create_custom_building_from_spec	weather_file_name=G2901770.epw
county_id	G2901790	create_custom_building_from_spec	weather_file_name=G2901790.epw
county_id	G2901810	create_custom_building_from_spec	weather_file_name=G2901810.epw
county_id	G2901830	create_custom_building_from_spec	weather_file_name=G2901830.epw
county_id	G2901850	create_custom_building_from_spec	weather_file_name=G2901850.epw
county_id	G2901860	create_custom_building_from_spec	weather_file_name=G2901860.epw
county_id	G2901870	create_custom_building_from_spec	weather_file_name=G2901870.epw
county_id	G2901890	create_custom_building_from_spec	weather_file_name=G2901890.epw
county_id	G2901950	create_custom_building_from_spec	weather_file_name=G2901950.epw
county_id	G2901970	create_custom_building_from_spec	weather_file_name=G2901970.epw
county_id	G2901990	create_custom_building_from_spec	weather_file_name=G2901990.epw
county_id	G2902010	create_custom_building_from_spec	weather_file_name=G2902010.epw
county_id	G2902030	create_custom_building_from_spec	weather_file_name=G2902030.epw
county_id	G2902050	create_custom_building_from_spec	weather_file_name=G2902050.epw
county_id	G2902070	create_custom_building_from_spec	weather_file_name=G2902070.epw
county_id	G2902090	create_custom_building_from_spec	weather_file_name=G2902090.epw
county_id	G2902110	create_custom_building_from_spec	weather_file_name=G2902110.epw
county_id	G2902130	create_custom_building_from_spec	weather_file_name=G2902130.epw
county_id	G2902150	create_custom_building_from_spec	weather_file_name=G2902150.epw
county_id	G2902170	create_custom_building_from_spec	weather_file_name=G2902170.epw
county_id	G2902190	create_custom_building_from_spec	weather_file_name=G2902190.epw
county_id	G2902210	create_custom_building_from_spec	weather_file_name=G2902210.epw
county_id	G2902230	create_custom_building_from_spec	weather_file_name=G2902230.epw
county_id	G2902250	create_custom_building_from_spec	weather_file_name=G2902250.epw
county_id	G2902270	create_custom_building_from_spec	weather_file_name=G2902270.epw
county_id	G2902290	create_custom_building_from_spec	weather_file_name=G2902290.epw
county_id	G2905100	create_custom_building_from_spec	weather_file_name=G2905100.epw
county_id	G3000010	create_custom_building_from_spec	weather_file_name=G3000010.epw
county_id	G3000030	create_custom_building_from_spec	weather_file_name=G3000030.epw
county_id	G3000050	create_custom_building_from_spec	weather_file_name=G3000050.epw
county_id	G3000070	create_custom_building_from_spec	weather_file_name=G3000070.epw
county_id	G3000090	create_custom_building_from_spec	weather_file_name=G3000090.epw
county_id	G3000110	create_custom_building_from_spec	weather_file_name=G3000130.epw
county_id	G3000130	create_custom_building_from_spec	weather_file_name=G3000130.epw
county_id	G3000150	create_custom_building_from_spec	weather_file_name=G3000150.epw
county_id	G3000170	create_custom_building_from_spec	weather_file_name=G3000170.epw
county_id	G3000190	create_custom_building_from_spec	weather_file_name=G3000190.epw
county_id	G3000210	create_custom_building_from_spec	weather_file_name=G3000210.epw
county_id	G3000230	create_custom_building_from_spec	weather_file_name=G3000230.epw
county_id	G3000250	create_custom_building_from_spec	weather_file_name=G3000250.epw
county_id	G3000270	create_custom_building_from_spec	weather_file_name=G3000270.epw
county_id	G3000290	create_custom_building_from_spec	weather_file_name=G3000290.epw
county_id	G3000310	create_custom_building_from_spec	weather_file_name=G3000310.epw
county_id	G3000330	create_custom_building_from_spec	weather_file_name=G3000310.epw
county_id	G3000350	create_custom_building_from_spec	weather_file_name=G3000350.epw
county_id	G3000370	create_custom_building_from_spec	weather_file_name=G3000370.epw
county_id	G3000390	create_custom_building_from_spec	weather_file_name=G3000390.epw
county_id	G3000410	create_custom_building_from_spec	weather_file_name=G3000410.epw
county_id	G3000430	create_custom_building_from_spec	weather_file_name=G3000430.epw
county_id	G3000450	create_custom_building_from_spec	weather_file_name=G3000450.epw
county_id	G3000470	create_custom_building_from_spec	weather_file_name=G3000470.epw
county_id	G3000490	create_custom_building_from_spec	weather_file_name=G3000490.epw
county_id	G3000510	create_custom_building_from_spec	weather_file_name=G3000510.epw
county_id	G3000530	create_custom_building_from_spec	weather_file_name=G3000530.epw
county_id	G3000550	create_custom_building_from_spec	weather_file_name=G3000550.epw
county_id	G3000570	create_custom_building_from_spec	weather_file_name=G3000570.epw
county_id	G3000590	create_custom_building_from_spec	weather_file_name=G3000590.epw
county_id	G3000610	create_custom_building_from_spec	weather_file_name=G3000610.epw
county_id	G3000630	create_custom_building_from_spec	weather_file_name=G3000630.epw
county_id	G3000650	create_custom_building_from_spec	weather_file_name=G3000650.epw
county_id	G3000670	create_custom_building_from_spec	weather_file_name=G3000670.epw
county_id	G3000690	create_custom_building_from_spec	weather_file_name=G3000670.epw
county_id	G3000710	create_custom_building_from_spec	weather_file_name=G3000710.epw
county_id	G3000730	create_custom_building_from_spec	weather_file_name=G3000730.epw
county_id	G3000750	create_custom_building_from_spec	weather_file_name=G3000750.epw
county_id	G3000770	create_custom_building_from_spec	weather_file_name=G3000770.epw
county_id	G3000790	create_custom_building_from_spec	weather_file_name=G3000770.epw
county_id	G3000810	create_custom_building_from_spec	weather_file_name=G3000810.epw
county_id	G3000830	create_custom_building_from_spec	weather_file_name=G3000830.epw
county_id	G3000850	create_custom_building_from_spec	weather_file_name=G3000850.epw
county_id	G3000870	create_custom_building_from_spec	weather_file_name=G3000870.epw
county_id	G3000890	create_custom_building_from_spec	weather_file_name=G3000890.epw
county_id	G3000910	create_custom_building_from_spec	weather_file_name=G3000910.epw
county_id	G3000930	create_custom_building_from_spec	weather_file_name=G3000930.epw
county_id	G3000950	create_custom_building_from_spec	weather_file_name=G3000950.epw
county_id	G3000970	create_custom_building_from_spec	weather_file_name=G3000970.epw
county_id	G3000990	create_custom_building_from_spec	weather_file_name=G3000990.epw
county_id	G3001010	create_custom_building_from_spec	weather_file_name=G3001010.epw
county_id	G3001030	create_custom_building_from_spec	weather_file_name=G3001010.epw
county_id	G3001050	create_custom_building_from_spec	weather_file_name=G3001050.epw
county_id	G3001070	create_custom_building_from_spec	weather_file_name=G3001070.epw
county_id	G3001090	create_custom_building_from_spec	weather_file_name=G3001090.epw
county_id	G3001110	create_custom_building_from_spec	weather_file_name=G3001110.epw
county_id	G3100010	create_custom_building_from_spec	weather_file_name=G3100010.epw
county_id	G3100030	create_custom_building_from_spec	weather_file_name=G3100030.epw
county_id	G3100050	create_custom_building_from_spec	weather_file_name=G3100030.epw
county_id	G3100070	create_custom_building_from_spec	weather_file_name=G3100030.epw
county_id	G3100090	create_custom_building_from_spec	weather_file_name=G3100030.epw
county_id	G3100110	create_custom_building_from_spec	weather_file_name=G3100110.epw
county_id	G3100130	create_custom_building_from_spec	weather_file_name=G3100130.epw
county_id	G3100150	create_custom_building_from_spec	weather_file_name=G3100150.epw
county_id	G3100170	create_custom_building_from_spec	weather_file_name=G3100170.epw
county_id	G3100190	create_custom_building_from_spec	weather_file_name=G3100190.epw
county_id	G3100210	create_custom_building_from_spec	weather_file_name=G3100210.epw
county_id	G3100230	create_custom_building_from_spec	weather_file_name=G3100230.epw
county_id	G3100250	create_custom_building_from_spec	weather_file_name=G3100250.epw
county_id	G3100270	create_custom_building_from_spec	weather_file_name=G3100270.epw
county_id	G3100290	create_custom_building_from_spec	weather_file_name=G3100290.epw
county_id	G3100310	create_custom_building_from_spec	weather_file_name=G3100310.epw
county_id	G3100330	create_custom_building_from_spec	weather_file_name=G3100330.epw
county_id	G3100350	create_custom_building_from_spec	weather_file_name=G3100350.epw
county_id	G3100370	create_custom_building_from_spec	weather_file_name=G3100370.epw
county_id	G3100390	create_custom_building_from_spec	weather_file_name=G3100390.epw
county_id	G3100410	create_custom_building_from_spec	weather_file_name=G3100410.epw
county_id	G3100430	create_custom_building_from_spec	weather_file_name=G3100430.epw
county_id	G3100450	create_custom_building_from_spec	weather_file_name=G3100450.epw
county_id	G3100470	create_custom_building_from_spec	weather_file_name=G3100470.epw
county_id	G3100490	create_custom_building_from_spec	weather_file_name=G3100470.epw
county_id	G3100510	create_custom_building_from_spec	weather_file_name=G3100510.epw
county_id	G3100530	create_custom_building_from_spec	weather_file_name=G3100530.epw
county_id	G3100550	create_custom_building_from_spec	weather_file_name=G3100550.epw
county_id	G3100570	create_custom_building_from_spec	weather_file_name=G3100570.epw
county_id	G3100590	create_custom_building_from_spec	weather_file_name=G3100590.epw
county_id	G3100610	create_custom_building_from_spec	weather_file_name=G3100590.epw
county_id	G3100630	create_custom_building_from_spec	weather_file_name=G3100630.epw
county_id	G3100650	create_custom_building_from_spec	weather_file_name=G3100650.epw
county_id	G3100670	create_custom_building_from_spec	weather_file_name=G3100670.epw
county_id	G3100690	create_custom_building_from_spec	weather_file_name=G3100690.epw
county_id	G3100710	create_custom_building_from_spec	weather_file_name=G3100710.epw
county_id	G3100730	create_custom_building_from_spec	weather_file_name=G3100710.epw
county_id	G3100750	create_custom_building_from_spec	weather_file_name=G3100710.epw
county_id	G3100770	create_custom_building_from_spec	weather_file_name=G3100770.epw
county_id	G3100790	create_custom_building_from_spec	weather_file_name=G3100790.epw
county_id	G3100810	create_custom_building_from_spec	weather_file_name=G3100810.epw
county_id	G3100830	create_custom_building_from_spec	weather_file_name=G3100830.epw
county_id	G3100850	create_custom_building_from_spec	weather_file_name=G3100830.epw
county_id	G3100870	create_custom_building_from_spec	weather_file_name=G3100870.epw
county_id	G3100890	create_custom_building_from_spec	weather_file_name=G3100890.epw
county_id	G3100910	create_custom_building_from_spec	weather_file_name=G3100930.epw
county_id	G3100930	create_custom_building_from_spec	weather_file_name=G3100930.epw
county_id	G3100950	create_custom_building_from_spec	weather_file_name=G3100950.epw
county_id	G3100970	create_custom_building_from_spec	weather_file_name=G3100970.epw
county_id	G3100990	create_custom_building_from_spec	weather_file_name=G3100990.epw
county_id	G3101010	create_custom_building_from_spec	weather_file_name=G3101010.epw
county_id	G3101030	create_custom_building_from_spec	weather_file_name=G3101010.epw
county_id	G3101050	create_custom_building_from_spec	weather_file_name=G3101050.epw
county_id	G3101070	create_custom_building_from_spec	weather_file_name=G3101070.epw
county_id	G3101090	create_custom_building_from_spec	weather_file_name=G3101090.epw
county_id	G3101110	create_custom_building_from_spec	weather_file_name=G3101110.epw
county_id	G3101130	create_custom_building_from_spec	weather_file_name=G3101130.epw
county_id	G3101150	create_custom_building_from_spec	weather_file_name=G3101190.epw
county_id	G3101170	create_custom_building_from_spec	weather_file_name=G3101190.epw
county_id	G3101190	create_custom_building_from_spec	weather_file_name=G3101190.epw
county_id	G3101210	create_custom_building_from_spec	weather_file_name=G3101210.epw
county_id	G3101230	create_custom_building_from_spec	weather_file_name=G3101230.epw
county_id	G3101250	create_custom_building_from_spec	weather_file_name=G3101250.epw
county_id	G3101270	create_custom_building_from_spec	weather_file_name=G3101270.epw
county_id	G3101290	create_custom_building_from_spec	weather_file_name=G3101290.epw
county_id	G3101310	create_custom_building_from_spec	weather_file_name=G3101310.epw
county_id	G3101330	create_custom_building_from_spec	weather_file_name=G3101310.epw
county_id	G3101350	create_custom_building_from_spec	weather_file_name=G3101350.epw
county_id	G3101370	create_custom_building_from_spec	weather_file_name=G3101370.epw
county_id	G3101390	create_custom_building_from_spec	weather_file_name=G3101390.epw
county_id	G3101410	create_custom_building_from_spec	weather_file_name=G3101410.epw
county_id	G3101430	create_custom_building_from_spec	weather_file_name=G3101430.epw
county_id	G3101450	create_custom_building_from_spec	weather_file_name=G3101450.epw
county_id	G3101470	create_custom_building_from_spec	weather_file_name=G3101470.epw
county_id	G3101490	create_custom_building_from_spec	weather_file_name=G3101490.epw
county_id	G3101510	create_custom_building_from_spec	weather_file_name=G3101510.epw
county_id	G3101530	create_custom_building_from_spec	weather_file_name=G3101530.epw
county_id	G3101550	create_custom_building_from_spec	weather_file_name=G3101550.epw
county_id	G3101570	create_custom_building_from_spec	weather_file_name=G3101570.epw
county_id	G3101590	create_custom_building_from_spec	weather_file_name=G3101590.epw
county_id	G3101610	create_custom_building_from_spec	weather_file_name=G3101610.epw
county_id	G3101630	create_custom_building_from_spec	weather_file_name=G3101630.epw
county_id	G3101650	create_custom_building_from_spec	weather_file_name=G3101650.epw
county_id	G3101670	create_custom_building_from_spec	weather_file_name=G3101670.epw
county_id	G3101690	create_custom_building_from_spec	weather_file_name=G3101690.epw
county_id	G3101710	create_custom_building_from_spec	weather_file_name=G3101710.epw
county_id	G3101730	create_custom_building_from_spec	weather_file_name=G3101730.epw
county_id	G3101750	create_custom_building_from_spec	weather_file_name=G3101750.epw
county_id	G3101770	create_custom_building_from_spec	weather_file_name=G3101770.epw
county_id	G3101790	create_custom_building_from_spec	weather_file_name=G3101790.epw
county_id	G3101810	create_custom_building_from_spec	weather_file_name=G3101810.epw
county_id	G3101830	create_custom_building_from_spec	weather_file_name=G3101830.epw
county_id	G3101850	create_custom_building_from_spec	weather_file_name=G3101850.epw
county_id	G3200010	create_custom_building_from_spec	weather_file_name=G3200010.epw
county_id	G3200030	create_custom_building_from_spec	weather_file_name=G3200030.epw
county_id	G3200050	create_custom_building_from_spec	weather_file_name=G3200050.epw
county_id	G3200070	create_custom_building_from_spec	weather_file_name=G3200070.epw
county_id	G3200090	create_custom_building_from_spec	weather_file_name=G3200070.epw
county_id	G3200110	create_custom_building_from_spec	weather_file_name=G3200110.epw
county_id	G3200130	create_custom_building_from_spec	weather_file_name=G3200130.epw
county_id	G3200150	create_custom_building_from_spec	weather_file_name=G3200150.epw
county_id	G3200170	create_custom_building_from_spec	weather_file_name=G3200170.epw
county_id	G3200190	create_custom_building_from_spec	weather_file_name=G3200190.epw
county_id	G3200210	create_custom_building_from_spec	weather_file_name=G3200210.epw
county_id	G3200230	create_custom_building_from_spec	weather_file_name=G3200230.epw
county_id	G3200270	create_custom_building_from_spec	weather_file_name=G3200270.epw
county_id	G3200290	create_custom_building_from_spec	weather_file_name=G3200290.epw
county_id	G3200310	create_custom_building_from_spec	weather_file_name=G3200310.epw
county_id	G3200330	create_custom_building_from_spec	weather_file_name=G3200330.epw
county_id	G3205100	create_custom_building_from_spec	weather_file_name=G3205100.epw
county_id	G3300010	create_custom_building_from_spec	weather_file_name=G3300010.epw
county_id	G3300030	create_custom_building_from_spec	weather_file_name=G3300030.epw
county_id	G3300050	create_custom_building_from_spec	weather_file_name=G3300050.epw
county_id	G3300070	create_custom_building_from_spec	weather_file_name=G3300070.epw
county_id	G3300090	create_custom_building_from_spec	weather_file_name=G3300090.epw
county_id	G3300110	create_custom_building_from_spec	weather_file_name=G3300110.epw
county_id	G3300130	create_custom_building_from_spec	weather_file_name=G3300130.epw
county_id	G3300150	create_custom_building_from_spec	weather_file_name=G3300150.epw
county_id	G3300170	create_custom_building_from_spec	weather_file_name=G3300170.epw
county_id	G3300190	create_custom_building_from_spec	weather_file_name=G3300190.epw
county_id	G3400010	create_custom_building_from_spec	weather_file_name=G3400010.epw
county_id	G3400030	create_custom_building_from_spec	weather_file_name=G3400030.epw
county_id	G3400050	create_custom_building_from_spec	weather_file_name=G3400050.epw
county_id	G3400070	create_custom_building_from_spec	weather_file_name=G3400070.epw
county_id	G3400090	create_custom_building_from_spec	weather_file_name=G3400090.epw
county_id	G3400110	create_custom_building_from_spec	weather_file_name=G3400110.epw
county_id	G3400130	create_custom_building_from_spec	weather_file_name=G3400130.epw
county_id	G3400150	create_custom_building_from_spec	weather_file_name=G3400150.epw
county_id	G3400170	create_custom_building_from_spec	weather_file_name=G3400170.epw
county_id	G3400190	create_custom_building_from_spec	weather_file_name=G3400190.epw
county_id	G3400210	create_custom_building_from_spec	weather_file_name=G3400210.epw
county_id	G3400230	create_custom_building_from_spec	weather_file_name=G3400230.epw
county_id	G3400250	create_custom_building_from_spec	weather_file_name=G3400250.epw
county_id	G3400270	create_custom_building_from_spec	weather_file_name=G3400270.epw
county_id	G3400290	create_custom_building_from_spec	weather_file_name=G3400290.epw
county_id	G3400310	create_custom_building_from_spec	weather_file_name=G3400310.epw
county_id	G3400330	create_custom_building_from_spec	weather_file_name=G3400330.epw
county_id	G3400350	create_custom_building_from_spec	weather_file_name=G3400350.epw
county_id	G3400370	create_custom_building_from_spec	weather_file_name=G3400370.epw
county_id	G3400390	create_custom_building_from_spec	weather_file_name=G3400390.epw
county_id	G3400410	create_custom_building_from_spec	weather_file_name=G3400410.epw
county_id	G3500010	create_custom_building_from_spec	weather_file_name=G3500010.epw
county_id	G3500030	create_custom_building_from_spec	weather_file_name=G3500050.epw
county_id	G3500050	create_custom_building_from_spec	weather_file_name=G3500050.epw
county_id	G3500060	create_custom_building_from_spec	weather_file_name=G3500060.epw
county_id	G3500070	create_custom_building_from_spec	weather_file_name=G3500070.epw
county_id	G3500090	create_custom_building_from_spec	weather_file_name=G3500090.epw
county_id	G3500110	create_custom_building_from_spec	weather_file_name=G3500110.epw
county_id	G3500130	create_custom_building_from_spec	weather_file_name=G3500130.epw
county_id	G3500150	create_custom_building_from_spec	weather_file_name=G3500150.epw
county_id	G3500170	create_custom_building_from_spec	weather_file_name=G3500170.epw
county_id	G3500190	create_custom_building_from_spec	weather_file_name=G3500190.epw
county_id	G3500210	create_custom_building_from_spec	weather_file_name=G3500230.epw
county_id	G3500230	create_custom_building_from_spec	weather_file_name=G3500230.epw
county_id	G3500250	create_custom_building_from_spec	weather_file_name=G3500250.epw
county_id	G3500270	create_custom_building_from_spec	weather_file_name=G3500270.epw
county_id	G3500280	create_custom_building_from_spec	weather_file_name=G3500280.epw
county_id	G3500290	create_custom_building_from_spec	weather_file_name=G3500290.epw
county_id	G3500310	create_custom_building_from_spec	weather_file_name=G3500310.epw
county_id	G3500330	create_custom_building_from_spec	weather_file_name=G3500330.epw
county_id	G3500350	create_custom_building_from_spec	weather_file_name=G3500350.epw
county_id	G3500370	create_custom_building_from_spec	weather_file_name=G3500370.epw
county_id	G3500390	create_custom_building_from_spec	weather_file_name=G3500390.epw
county_id	G3500410	create_custom_building_from_spec	weather_file_name=G3500410.epw
county_id	G3500430	create_custom_building_from_spec	weather_file_name=G3500430.epw
county_id	G3500450	create_custom_building_from_spec	weather_file_name=G3500450.epw
county_id	G3500470	create_custom_building_from_spec	weather_file_name=G3500470.epw
county_id	G3500490	create_custom_building_from_spec	weather_file_name=G3500490.epw
county_id	G3500510	create_custom_building_from_spec	weather_file_name=G3500510.epw
county_id	G3500530	create_custom_building_from_spec	weather_file_name=G3500530.epw
county_id	G3500550	create_custom_building_from_spec	weather_file_name=G3500550.epw
county_id	G3500570	create_custom_building_from_spec	weather_file_name=G3500570.epw
county_id	G3500590	create_custom_building_from_spec	weather_file_name=G3500590.epw
county_id	G3500610	create_custom_building_from_spec	weather_file_name=G3500610.epw
county_id	G3600010	create_custom_building_from_spec	weather_file_name=G3600010.epw
county_id	G3600030	create_custom_building_from_spec	weather_file_name=G3600030.epw
county_id	G3600050	create_custom_building_from_spec	weather_file_name=G3600050.epw
county_id	G3600070	create_custom_building_from_spec	weather_file_name=G3600070.epw
county_id	G3600090	create_custom_building_from_spec	weather_file_name=G3600090.epw
county_id	G3600110	create_custom_building_from_spec	weather_file_name=G3600110.epw
county_id	G3600130	create_custom_building_from_spec	weather_file_name=G3600130.epw
county_id	G3600150	create_custom_building_from_spec	weather_file_name=G3600150.epw
county_id	G3600170	create_custom_building_from_spec	weather_file_name=G3600170.epw
county_id	G3600190	create_custom_building_from_spec	weather_file_name=G3600190.epw
county_id	G3600210	create_custom_building_from_spec	weather_file_name=G3600210.epw
county_id	G3600230	create_custom_building_from_spec	weather_file_name=G3600230.epw
county_id	G3600250	create_custom_building_from_spec	weather_file_name=G3600250.epw
county_id	G3600270	create_custom_building_from_spec	weather_file_name=G3600270.epw
county_id	G3600290	create_custom_building_from_spec	weather_file_name=G3600290.epw
county_id	G3600310	create_custom_building_from_spec	weather_file_name=G3600310.epw
county_id	G3600330	create_custom_building_from_spec	weather_file_name=G3600330.epw
county_id	G3600350	create_custom_building_from_spec	weather_file_name=G3600350.epw
county_id	G3600370	create_custom_building_from_spec	weather_file_name=G3600370.epw
county_id	G3600390	create_custom_building_from_spec	weather_file_name=G3600390.epw
county_id	G3600410	create_custom_building_from_spec	weather_file_name=G3600410.epw
county_id	G3600430	create_custom_building_from_spec	weather_file_name=G3600430.epw
county_id	G3600450	create_custom_building_from_spec	weather_file_name=G3600450.epw
county_id	G3600470	create_custom_building_from_spec	weather_file_name=G3600470.epw
county_id	G3600490	create_custom_building_from_spec	weather_file_name=G3600490.epw
county_id	G3600510	create_custom_building_from_spec	weather_file_name=G3600510.epw
county_id	G3600530	create_custom_building_from_spec	weather_file_name=G3600530.epw
county_id	G3600550	create_custom_building_from_spec	weather_file_name=G3600550.epw
county_id	G3600570	create_custom_building_from_spec	weather_file_name=G3600570.epw
county_id	G3600590	create_custom_building_from_spec	weather_file_name=G3600590.epw
county_id	G3600610	create_custom_building_from_spec	weather_file_name=G3600610.epw
county_id	G3600630	create_custom_building_from_spec	weather_file_name=G3600630.epw
county_id	G3600650	create_custom_building_from_spec	weather_file_name=G3600650.epw
county_id	G3600670	create_custom_building_from_spec	weather_file_name=G3600670.epw
county_id	G3600690	create_custom_building_from_spec	weather_file_name=G3600690.epw
county_id	G3600710	create_custom_building_from_spec	weather_file_name=G3600710.epw
county_id	G3600730	create_custom_building_from_spec	weather_file_name=G3600730.epw
county_id	G3600750	create_custom_building_from_spec	weather_file_name=G3600750.epw
county_id	G3600770	create_custom_building_from_spec	weather_file_name=G3600770.epw
county_id	G3600790	create_custom_building_from_spec	weather_file_name=G3600790.epw
county_id	G3600810	create_custom_building_from_spec	weather_file_name=G3600810.epw
county_id	G3600830	create_custom_building_from_spec	weather_file_name=G3600830.epw
county_id	G3600850	create_custom_building_from_spec	weather_file_name=G3600850.epw
county_id	G3600870	create_custom_building_from_spec	weather_file_name=G3600870.epw
county_id	G3600890	create_custom_building_from_spec	weather_file_name=G3600890.epw
county_id	G3600910	create_custom_building_from_spec	weather_file_name=G3600910.epw
county_id	G3600930	create_custom_building_from_spec	weather_file_name=G3600930.epw
county_id	G3600950	create_custom_building_from_spec	weather_file_name=G3600950.epw
county_id	G3600970	create_custom_building_from_spec	weather_file_name=G3600970.epw
county_id	G3600990	create_custom_building_from_spec	weather_file_name=G3600990.epw
county_id	G3601010	create_custom_building_from_spec	weather_file_name=G3601010.epw
county_id	G3601030	create_custom_building_from_spec	weather_file_name=G3601030.epw
county_id	G3601050	create_custom_building_from_spec	weather_file_name=G3601050.epw
county_id	G3601070	create_custom_building_from_spec	weather_file_name=G3601070.epw
county_id	G3601090	create_custom_building_from_spec	weather_file_name=G3601090.epw
county_id	G3601110	create_custom_building_from_spec	weather_file_name=G3601110.epw
county_id	G3601130	create_custom_building_from_spec	weather_file_name=G3601130.epw
county_id	G3601150	create_custom_building_from_spec	weather_file_name=G3601150.epw
county_id	G3601170	create_custom_building_from_spec	weather_file_name=G3601170.epw
county_id	G3601190	create_custom_building_from_spec	weather_file_name=G3601190.epw
county_id	G3601210	create_custom_building_from_spec	weather_file_name=G3601210.epw
county_id	G3601230	create_custom_building_from_spec	weather_file_name=G3601230.epw
county_id	G3700010	create_custom_building_from_spec	weather_file_name=G3700010.epw
county_id	G3700030	create_custom_building_from_spec	weather_file_name=G3700030.epw
county_id	G3700050	create_custom_building_from_spec	weather_file_name=G3700050.epw
county_id	G3700070	create_custom_building_from_spec	weather_file_name=G3700070.epw
county_id	G3700090	create_custom_building_from_spec	weather_file_name=G3700090.epw
county_id	G3700110	create_custom_building_from_spec	weather_file_name=G3700110.epw
county_id	G3700130	create_custom_building_from_spec	weather_file_name=G3700130.epw
county_id	G3700150	create_custom_building_from_spec	weather_file_name=G3700150.epw
county_id	G3700170	create_custom_building_from_spec	weather_file_name=G3700170.epw
county_id	G3700190	create_custom_building_from_spec	weather_file_name=G3700190.epw
county_id	G3700210	create_custom_building_from_spec	weather_file_name=G3700210.epw
county_id	G3700230	create_custom_building_from_spec	weather_file_name=G3700230.epw
county_id	G3700250	create_custom_building_from_spec	weather_file_name=G3700250.epw
county_id	G3700270	create_custom_building_from_spec	weather_file_name=G3700270.epw
county_id	G3700290	create_custom_building_from_spec	weather_file_name=G3700290.epw
county_id	G3700310	create_custom_building_from_spec	weather_file_name=G3700310.epw
county_id	G3700330	create_custom_building_from_spec	weather_file_name=G3700330.epw
county_id	G3700350	create_custom_building_from_spec	weather_file_name=G3700350.epw
county_id	G3700370	create_custom_building_from_spec	weather_file_name=G3700370.epw
county_id	G3700390	create_custom_building_from_spec	weather_file_name=G3700390.epw
county_id	G3700410	create_custom_building_from_spec	weather_file_name=G3700410.epw
county_id	G3700430	create_custom_building_from_spec	weather_file_name=G3700430.epw
county_id	G3700450	create_custom_building_from_spec	weather_file_name=G3700450.epw
county_id	G3700470	create_custom_building_from_spec	weather_file_name=G3700470.epw
county_id	G3700490	create_custom_building_from_spec	weather_file_name=G3700490.epw
county_id	G3700510	create_custom_building_from_spec	weather_file_name=G3700510.epw
county_id	G3700530	create_custom_building_from_spec	weather_file_name=G3700530.epw
county_id	G3700550	create_custom_building_from_spec	weather_file_name=G3700550.epw
county_id	G3700570	create_custom_building_from_spec	weather_file_name=G3700570.epw
county_id	G3700590	create_custom_building_from_spec	weather_file_name=G3700590.epw
county_id	G3700610	create_custom_building_from_spec	weather_file_name=G3700610.epw
county_id	G3700630	create_custom_building_from_spec	weather_file_name=G3700630.epw
county_id	G3700650	create_custom_building_from_spec	weather_file_name=G3700650.epw
county_id	G3700670	create_custom_building_from_spec	weather_file_name=G3700670.epw
county_id	G3700690	create_custom_building_from_spec	weather_file_name=G3700690.epw
county_id	G3700710	create_custom_building_from_spec	weather_file_name=G3700710.epw
county_id	G3700730	create_custom_building_from_spec	weather_file_name=G3700730.epw
county_id	G3700750	create_custom_building_from_spec	weather_file_name=G3700750.epw
county_id	G3700770	create_custom_building_from_spec	weather_file_name=G3700770.epw
county_id	G3700790	create_custom_building_from_spec	weather_file_name=G3700790.epw
county_id	G3700810	create_custom_building_from_spec	weather_file_name=G3700810.epw
county_id	G3700830	create_custom_building_from_spec	weather_file_name=G3700830.epw
county_id	G3700850	create_custom_building_from_spec	weather_file_name=G3700850.epw
county_id	G3700870	create_custom_building_from_spec	weather_file_name=G3700870.epw
county_id	G3700890	create_custom_building_from_spec	weather_file_name=G3700890.epw
county_id	G3700910	create_custom_building_from_spec	weather_file_name=G3700910.epw
county_id	G3700930	create_custom_building_from_spec	weather_file_name=G3700930.epw
county_id	G3700950	create_custom_building_from_spec	weather_file_name=G3700950.epw
county_id	G3700970	create_custom_building_from_spec	weather_file_name=G3700970.epw
county_id	G3700990	create_custom_building_from_spec	weather_file_name=G3700990.epw
county_id	G3701010	create_custom_building_from_spec	weather_file_name=G3701010.epw
county_id	G3701030	create_custom_building_from_spec	weather_file_name=G3701030.epw
county_id	G3701050	create_custom_building_from_spec	weather_file_name=G3701050.epw
county_id	G3701070	create_custom_building_from_spec	weather_file_name=G3701070.epw
county_id	G3701090	create_custom_building_from_spec	weather_file_name=G3701090.epw
county_id	G3701110	create_custom_building_from_spec	weather_file_name=G3701110.epw
county_id	G3701130	create_custom_building_from_spec	weather_file_name=G3701130.epw
county_id	G3701150	create_custom_building_from_spec	weather_file_name=G3701150.epw
county_id	G3701170	create_custom_building_from_spec	weather_file_name=G3701170.epw
county_id	G3701190	create_custom_building_from_spec	weather_file_name=G3701190.epw
county_id	G3701210	create_custom_building_from_spec	weather_file_name=G3701210.epw
county_id	G3701230	create_custom_building_from_spec	weather_file_name=G3701230.epw
county_id	G3701250	create_custom_building_from_spec	weather_file_name=G3701250.epw
county_id	G3701270	create_custom_building_from_spec	weather_file_name=G3701270.epw
county_id	G3701290	create_custom_building_from_spec	weather_file_name=G3701290.epw
county_id	G3701310	create_custom_building_from_spec	weather_file_name=G3701310.epw
county_id	G3701330	create_custom_building_from_spec	weather_file_name=G3701330.epw
county_id	G3701350	create_custom_building_from_spec	weather_file_name=G3701350.epw
county_id	G3701370	create_custom_building_from_spec	weather_file_name=G3701370.epw
county_id	G3701390	create_custom_building_from_spec	weather_file_name=G3701390.epw
county_id	G3701410	create_custom_building_from_spec	weather_file_name=G3701410.epw
county_id	G3701430	create_custom_building_from_spec	weather_file_name=G3701430.epw
county_id	G3701450	create_custom_building_from_spec	weather_file_name=G3701450.epw
county_id	G3701470	create_custom_building_from_spec	weather_file_name=G3701470.epw
county_id	G3701490	create_custom_building_from_spec	weather_file_name=G3701490.epw
county_id	G3701510	create_custom_building_from_spec	weather_file_name=G3701510.epw
county_id	G3701530	create_custom_building_from_spec	weather_file_name=G3701530.epw
county_id	G3701550	create_custom_building_from_spec	weather_file_name=G3701550.epw
county_id	G3701570	create_custom_building_from_spec	weather_file_name=G3701570.epw
county_id	G3701590	create_custom_building_from_spec	weather_file_name=G3701590.epw
county_id	G3701610	create_custom_building_from_spec	weather_file_name=G3701610.epw
county_id	G3701630	create_custom_building_from_spec	weather_file_name=G3701630.epw
county_id	G3701650	create_custom_building_from_spec	weather_file_name=G3701650.epw
county_id	G3701670	create_custom_building_from_spec	weather_file_name=G3701670.epw
county_id	G3701690	create_custom_building_from_spec	weather_file_name=G3701690.epw
county_id	G3701710	create_custom_building_from_spec	weather_file_name=G3701710.epw
county_id	G3701730	create_custom_building_from_spec	weather_file_name=G3701730.epw
county_id	G3701750	create_custom_building_from_spec	weather_file_name=G3701750.epw
county_id	G3701770	create_custom_building_from_spec	weather_file_name=G3701790.epw
county_id	G3701790	create_custom_building_from_spec	weather_file_name=G3701790.epw
county_id	G3701810	create_custom_building_from_spec	weather_file_name=G3701810.epw
county_id	G3701830	create_custom_building_from_spec	weather_file_name=G3701830.epw
county_id	G3701850	create_custom_building_from_spec	weather_file_name=G3701850.epw
county_id	G3701870	create_custom_building_from_spec	weather_file_name=G3701870.epw
county_id	G3701890	create_custom_building_from_spec	weather_file_name=G3701890.epw
county_id	G3701910	create_custom_building_from_spec	weather_file_name=G3701910.epw
county_id	G3701930	create_custom_building_from_spec	weather_file_name=G3701930.epw
county_id	G3701950	create_custom_building_from_spec	weather_file_name=G3701950.epw
county_id	G3701970	create_custom_building_from_spec	weather_file_name=G3701970.epw
county_id	G3701990	create_custom_building_from_spec	weather_file_name=G3701990.epw
county_id	G3800010	create_custom_building_from_spec	weather_file_name=G3800010.epw
county_id	G3800030	create_custom_building_from_spec	weather_file_name=G3800030.epw
county_id	G3800050	create_custom_building_from_spec	weather_file_name=G3800050.epw
county_id	G3800070	create_custom_building_from_spec	weather_file_name=G3800090.epw
county_id	G3800090	create_custom_building_from_spec	weather_file_name=G3800090.epw
county_id	G3800110	create_custom_building_from_spec	weather_file_name=G3800110.epw
county_id	G3800130	create_custom_building_from_spec	weather_file_name=G3800130.epw
county_id	G3800150	create_custom_building_from_spec	weather_file_name=G3800150.epw
county_id	G3800170	create_custom_building_from_spec	weather_file_name=G3800170.epw
county_id	G3800190	create_custom_building_from_spec	weather_file_name=G3800190.epw
county_id	G3800210	create_custom_building_from_spec	weather_file_name=G3800210.epw
county_id	G3800230	create_custom_building_from_spec	weather_file_name=G3800230.epw
county_id	G3800250	create_custom_building_from_spec	weather_file_name=G3800250.epw
county_id	G3800270	create_custom_building_from_spec	weather_file_name=G3800270.epw
county_id	G3800290	create_custom_building_from_spec	weather_file_name=G3800290.epw
county_id	G3800310	create_custom_building_from_spec	weather_file_name=G3800310.epw
county_id	G3800330	create_custom_building_from_spec	weather_file_name=G3800330.epw
county_id	G3800350	create_custom_building_from_spec	weather_file_name=G3800350.epw
county_id	G3800370	create_custom_building_from_spec	weather_file_name=G3800370.epw
county_id	G3800390	create_custom_building_from_spec	weather_file_name=G3800390.epw
county_id	G3800410	create_custom_building_from_spec	weather_file_name=G3800410.epw
county_id	G3800430	create_custom_building_from_spec	weather_file_name=G3800430.epw
county_id	G3800450	create_custom_building_from_spec	weather_file_name=G3800450.epw
county_id	G3800470	create_custom_building_from_spec	weather_file_name=G3800490.epw
county_id	G3800490	create_custom_building_from_spec	weather_file_name=G3800490.epw
county_id	G3800510	create_custom_building_from_spec	weather_file_name=G3800510.epw
county_id	G3800530	create_custom_building_from_spec	weather_file_name=G3800530.epw
county_id	G3800550	create_custom_building_from_spec	weather_file_name=G3800550.epw
county_id	G3800570	create_custom_building_from_spec	weather_file_name=G3800570.epw
county_id	G3800590	create_custom_building_from_spec	weather_file_name=G3800590.epw
county_id	G3800610	create_custom_building_from_spec	weather_file_name=G3800610.epw
county_id	G3800630	create_custom_building_from_spec	weather_file_name=G3800630.epw
county_id	G3800650	create_custom_building_from_spec	weather_file_name=G3800670.epw
county_id	G3800670	create_custom_building_from_spec	weather_file_name=G3800670.epw
county_id	G3800690	create_custom_building_from_spec	weather_file_name=G3800690.epw
county_id	G3800710	create_custom_building_from_spec	weather_file_name=G3800710.epw
county_id	G3800730	create_custom_building_from_spec	weather_file_name=G3800730.epw
county_id	G3800750	create_custom_building_from_spec	weather_file_name=G3800750.epw
county_id	G3800770	create_custom_building_from_spec	weather_file_name=G3800770.epw
county_id	G3800790	create_custom_building_from_spec	weather_file_name=G3800790.epw
county_id	G3800810	create_custom_building_from_spec	weather_file_name=G3800810.epw
county_id	G3800830	create_custom_building_from_spec	weather_file_name=G3800830.epw
county_id	G3800850	create_custom_building_from_spec	weather_file_name=G3800850.epw
county_id	G3800870	create_custom_building_from_spec	weather_file_name=G3800110.epw
county_id	G3800890	create_custom_building_from_spec	weather_file_name=G3800890.epw
county_id	G3800910	create_custom_building_from_spec	weather_file_name=G3800910.epw
county_id	G3800930	create_custom_building_from_spec	weather_file_name=G3800930.epw
county_id	G3800950	create_custom_building_from_spec	weather_file_name=G3800950.epw
county_id	G3800970	create_custom_building_from_spec	weather_file_name=G3800970.epw
county_id	G3800990	create_custom_building_from_spec	weather_file_name=G3800990.epw
county_id	G3801010	create_custom_building_from_spec	weather_file_name=G3801010.epw
county_id	G3801030	create_custom_building_from_spec	weather_file_name=G3801030.epw
county_id	G3801050	create_custom_building_from_spec	weather_file_name=G3801050.epw
county_id	G3900010	create_custom_building_from_spec	weather_file_name=G3900010.epw
county_id	G3900030	create_custom_building_from_spec	weather_file_name=G3900030.epw
county_id	G3900050	create_custom_building_from_spec	weather_file_name=G3900050.epw
county_id	G3900070	create_custom_building_from_spec	weather_file_name=G3900070.epw
county_id	G3900090	create_custom_building_from_spec	weather_file_name=G3900090.epw
county_id	G3900110	create_custom_building_from_spec	weather_file_name=G3900110.epw
county_id	G3900130	create_custom_building_from_spec	weather_file_name=G3900130.epw
county_id	G3900150	create_custom_building_from_spec	weather_file_name=G3900150.epw
county_id	G3900170	create_custom_building_from_spec	weather_file_name=G3900170.epw
county_id	G3900190	create_custom_building_from_spec	weather_file_name=G3900190.epw
county_id	G3900210	create_custom_building_from_spec	weather_file_name=G3900210.epw
county_id	G3900230	create_custom_building_from_spec	weather_file_name=G3900230.epw
county_id	G3900250	create_custom_building_from_spec	weather_file_name=G3900250.epw
county_id	G3900270	create_custom_building_from_spec	weather_file_name=G3900270.epw
county_id	G3900290	create_custom_building_from_spec	weather_file_name=G3900290.epw
county_id	G3900310	create_custom_building_from_spec	weather_file_name=G3900310.epw
county_id	G3900330	create_custom_building_from_spec	weather_file_name=G3900330.epw
county_id	G3900350	create_custom_building_from_spec	weather_file_name=G3900350.epw
county_id	G3900370	create_custom_building_from_spec	weather_file_name=G3900370.epw
county_id	G3900390	create_custom_building_from_spec	weather_file_name=G3900390.epw
county_id	G3900410	create_custom_building_from_spec	weather_file_name=G3900410.epw
county_id	G3900430	create_custom_building_from_spec	weather_file_name=G3900430.epw
county_id	G3900450	create_custom_building_from_spec	weather_file_name=G3900450.epw
county_id	G3900470	create_custom_building_from_spec	weather_file_name=G3900470.epw
county_id	G3900490	create_custom_building_from_spec	weather_file_name=G3900490.epw
county_id	G3900510	create_custom_building_from_spec	weather_file_name=G3900510.epw
county_id	G3900530	create_custom_building_from_spec	weather_file_name=G3900530.epw
county_id	G3900550	create_custom_building_from_spec	weather_file_name=G3900550.epw
county_id	G3900570	create_custom_building_from_spec	weather_file_name=G3900570.epw
county_id	G3900590	create_custom_building_from_spec	weather_file_name=G3900590.epw
county_id	G3900610	create_custom_building_from_spec	weather_file_name=G3900610.epw
county_id	G3900630	create_custom_building_from_spec	weather_file_name=G3900630.epw
county_id	G3900650	create_custom_building_from_spec	weather_file_name=G3900650.epw
county_id	G3900670	create_custom_building_from_spec	weather_file_name=G3900670.epw
county_id	G3900690	create_custom_building_from_spec	weather_file_name=G3900690.epw
county_id	G3900710	create_custom_building_from_spec	weather_file_name=G3900710.epw
county_id	G3900730	create_custom_building_from_spec	weather_file_name=G3900730.epw
county_id	G3900750	create_custom_building_from_spec	weather_file_name=G3900750.epw
county_id	G3900770	create_custom_building_from_spec	weather_file_name=G3900770.epw
county_id	G3900790	create_custom_building_from_spec	weather_file_name=G3900790.epw
county_id	G3900810	create_custom_building_from_spec	weather_file_name=G3900810.epw
county_id	G3900830	create_custom_building_from_spec	weather_file_name=G3900830.epw
county_id	G3900850	create_custom_building_from_spec	weather_file_name=G3900850.epw
county_id	G3900870	create_custom_building_from_spec	weather_file_name=G3900870.epw
county_id	G3900890	create_custom_building_from_spec	weather_file_name=G3900890.epw
county_id	G3900910	create_custom_building_from_spec	weather_file_name=G3900910.epw
county_id	G3900930	create_custom_building_from_spec	weather_file_name=G3900930.epw
county_id	G3900950	create_custom_building_from_spec	weather_file_name=G3900950.epw
county_id	G3900970	create_custom_building_from_spec	weather_file_name=G3900970.epw
county_id	G3900990	create_custom_building_from_spec	weather_file_name=G3900990.epw
county_id	G3901010	create_custom_building_from_spec	weather_file_name=G3901010.epw
county_id	G3901030	create_custom_building_from_spec	weather_file_name=G3901030.epw
county_id	G3901050	create_custom_building_from_spec	weather_file_name=G3901050.epw
county_id	G3901070	create_custom_building_from_spec	weather_file_name=G3901070.epw
county_id	G3901090	create_custom_building_from_spec	weather_file_name=G3901090.epw
county_id	G3901110	create_custom_building_from_spec	weather_file_name=G3901110.epw
county_id	G3901130	create_custom_building_from_spec	weather_file_name=G3901130.epw
county_id	G3901150	create_custom_building_from_spec	weather_file_name=G3901150.epw
county_id	G3901170	create_custom_building_from_spec	weather_file_name=G3901170.epw
county_id	G3901190	create_custom_building_from_spec	weather_file_name=G3901190.epw
county_id	G3901210	create_custom_building_from_spec	weather_file_name=G3901210.epw
county_id	G3901230	create_custom_building_from_spec	weather_file_name=G3901230.epw
county_id	G3901250	create_custom_building_from_spec	weather_file_name=G3901250.epw
county_id	G3901270	create_custom_building_from_spec	weather_file_name=G3901270.epw
county_id	G3901290	create_custom_building_from_spec	weather_file_name=G3901290.epw
county_id	G3901310	create_custom_building_from_spec	weather_file_name=G3901310.epw
county_id	G3901330	create_custom_building_from_spec	weather_file_name=G3901330.epw
county_id	G3901350	create_custom_building_from_spec	weather_file_name=G3901350.epw
county_id	G3901370	create_custom_building_from_spec	weather_file_name=G3901370.epw
county_id	G3901390	create_custom_building_from_spec	weather_file_name=G3901390.epw
county_id	G3901410	create_custom_building_from_spec	weather_file_name=G3901410.epw
county_id	G3901430	create_custom_building_from_spec	weather_file_name=G3901430.epw
county_id	G3901450	create_custom_building_from_spec	weather_file_name=G3901450.epw
county_id	G3901470	create_custom_building_from_spec	weather_file_name=G3901470.epw
county_id	G3901490	create_custom_building_from_spec	weather_file_name=G3901490.epw
county_id	G3901510	create_custom_building_from_spec	weather_file_name=G3901510.epw
county_id	G3901530	create_custom_building_from_spec	weather_file_name=G3901530.epw
county_id	G3901550	create_custom_building_from_spec	weather_file_name=G3901550.epw
county_id	G3901570	create_custom_building_from_spec	weather_file_name=G3901570.epw
county_id	G3901590	create_custom_building_from_spec	weather_file_name=G3901590.epw
county_id	G3901610	create_custom_building_from_spec	weather_file_name=G3901610.epw
county_id	G3901630	create_custom_building_from_spec	weather_file_name=G3901630.epw
county_id	G3901650	create_custom_building_from_spec	weather_file_name=G3901650.epw
county_id	G3901670	create_custom_building_from_spec	weather_file_name=G3901670.epw
county_id	G3901690	create_custom_building_from_spec	weather_file_name=G3901690.epw
county_id	G3901710	create_custom_building_from_spec	weather_file_name=G3901710.epw
county_id	G3901730	create_custom_building_from_spec	weather_file_name=G3901730.epw
county_id	G3901750	create_custom_building_from_spec	weather_file_name=G3901750.epw
county_id	G4000010	create_custom_building_from_spec	weather_file_name=G4000010.epw
county_id	G4000030	create_custom_building_from_spec	weather_file_name=G4000050.epw
county_id	G4000050	create_custom_building_from_spec	weather_file_name=G4000050.epw
county_id	G4000070	create_custom_building_from_spec	weather_file_name=G4000070.epw
county_id	G4000090	create_custom_building_from_spec	weather_file_name=G4000090.epw
county_id	G4000110	create_custom_building_from_spec	weather_file_name=G4000110.epw
county_id	G4000130	create_custom_building_from_spec	weather_file_name=G4000130.epw
county_id	G4000150	create_custom_building_from_spec	weather_file_name=G4000150.epw
county_id	G4000170	create_custom_building_from_spec	weather_file_name=G4000170.epw
county_id	G4000190	create_custom_building_from_spec	weather_file_name=G4000190.epw
county_id	G4000210	create_custom_building_from_spec	weather_file_name=G4000210.epw
county_id	G4000230	create_custom_building_from_spec	weather_file_name=G4000230.epw
county_id	G4000250	create_custom_building_from_spec	weather_file_name=G4000270.epw
county_id	G4000270	create_custom_building_from_spec	weather_file_name=G4000270.epw
county_id	G4000290	create_custom_building_from_spec	weather_file_name=G4000290.epw
county_id	G4000310	create_custom_building_from_spec	weather_file_name=G4000310.epw
county_id	G4000330	create_custom_building_from_spec	weather_file_name=G4000330.epw
county_id	G4000350	create_custom_building_from_spec	weather_file_name=G4000350.epw
county_id	G4000370	create_custom_building_from_spec	weather_file_name=G4000370.epw
county_id	G4000390	create_custom_building_from_spec	weather_file_name=G4000390.epw
county_id	G4000410	create_custom_building_from_spec	weather_file_name=G4000410.epw
county_id	G4000430	create_custom_building_from_spec	weather_file_name=G4000430.epw
county_id	G4000450	create_custom_building_from_spec	weather_file_name=G4000450.epw
county_id	G4000470	create_custom_building_from_spec	weather_file_name=G4000470.epw
county_id	G4000490	create_custom_building_from_spec	weather_file_name=G4000490.epw
county_id	G4000510	create_custom_building_from_spec	weather_file_name=G4000510.epw
county_id	G4000530	create_custom_building_from_spec	weather_file_name=G4000530.epw
county_id	G4000550	create_custom_building_from_spec	weather_file_name=G4000550.epw
county_id	G4000570	create_custom_building_from_spec	weather_file_name=G4000570.epw
county_id	G4000590	create_custom_building_from_spec	weather_file_name=G4000590.epw
county_id	G4000610	create_custom_building_from_spec	weather_file_name=G4000610.epw
county_id	G4000630	create_custom_building_from_spec	weather_file_name=G4000630.epw
county_id	G4000650	create_custom_building_from_spec	weather_file_name=G4000650.epw
county_id	G4000670	create_custom_building_from_spec	weather_file_name=G4000670.epw
county_id	G4000690	create_custom_building_from_spec	weather_file_name=G4000690.epw
county_id	G4000710	create_custom_building_from_spec	weather_file_name=G4000710.epw
county_id	G4000730	create_custom_building_from_spec	weather_file_name=G4000730.epw
county_id	G4000750	create_custom_building_from_spec	weather_file_name=G4000750.epw
county_id	G4000770	create_custom_building_from_spec	weather_file_name=G4000770.epw
county_id	G4000790	create_custom_building_from_spec	weather_file_name=G4000790.epw
county_id	G4000810	create_custom_building_from_spec	weather_file_name=G4000810.epw
county_id	G4000830	create_custom_building_from_spec	weather_file_name=G4000830.epw
county_id	G4000850	create_custom_building_from_spec	weather_file_name=G4000850.epw
county_id	G4000870	create_custom_building_from_spec	weather_file_name=G4000870.epw
county_id	G4000890	create_custom_building_from_spec	weather_file_name=G4000890.epw
county_id	G4000910	create_custom_building_from_spec	weather_file_name=G4000910.epw
county_id	G4000930	create_custom_building_from_spec	weather_file_name=G4000930.epw
county_id	G4000950	create_custom_building_from_spec	weather_file_name=G4000950.epw
county_id	G4000970	create_custom_building_from_spec	weather_file_name=G4000970.epw
county_id	G4000990	create_custom_building_from_spec	weather_file_name=G4000990.epw
county_id	G4001010	create_custom_building_from_spec	weather_file_name=G4001010.epw
county_id	G4001030	create_custom_building_from_spec	weather_file_name=G4001030.epw
county_id	G4001050	create_custom_building_from_spec	weather_file_name=G4001050.epw
county_id	G4001070	create_custom_building_from_spec	weather_file_name=G4001070.epw
county_id	G4001090	create_custom_building_from_spec	weather_file_name=G4001090.epw
county_id	G4001110	create_custom_building_from_spec	weather_file_name=G4001110.epw
county_id	G4001130	create_custom_building_from_spec	weather_file_name=G4001130.epw
county_id	G4001150	create_custom_building_from_spec	weather_file_name=G4001150.epw
county_id	G4001170	create_custom_building_from_spec	weather_file_name=G4001170.epw
county_id	G4001190	create_custom_building_from_spec	weather_file_name=G4001190.epw
county_id	G4001210	create_custom_building_from_spec	weather_file_name=G4001210.epw
county_id	G4001230	create_custom_building_from_spec	weather_file_name=G4001230.epw
county_id	G4001250	create_custom_building_from_spec	weather_file_name=G4001250.epw
county_id	G4001270	create_custom_building_from_spec	weather_file_name=G4001270.epw
county_id	G4001290	create_custom_building_from_spec	weather_file_name=G4001310.epw
county_id	G4001310	create_custom_building_from_spec	weather_file_name=G4001310.epw
county_id	G4001330	create_custom_building_from_spec	weather_file_name=G4001330.epw
county_id	G4001350	create_custom_building_from_spec	weather_file_name=G4001350.epw
county_id	G4001370	create_custom_building_from_spec	weather_file_name=G4001370.epw
county_id	G4001390	create_custom_building_from_spec	weather_file_name=G4001390.epw
county_id	G4001410	create_custom_building_from_spec	weather_file_name=G4001410.epw
county_id	G4001430	create_custom_building_from_spec	weather_file_name=G4001430.epw
county_id	G4001450	create_custom_building_from_spec	weather_file_name=G4001450.epw
county_id	G4001470	create_custom_building_from_spec	weather_file_name=G4001470.epw
county_id	G4001490	create_custom_building_from_spec	weather_file_name=G4001490.epw
county_id	G4001510	create_custom_building_from_spec	weather_file_name=G4001510.epw
county_id	G4001530	create_custom_building_from_spec	weather_file_name=G4001530.epw
county_id	G4100010	create_custom_building_from_spec	weather_file_name=G4100010.epw
county_id	G4100030	create_custom_building_from_spec	weather_file_name=G4100030.epw
county_id	G4100050	create_custom_building_from_spec	weather_file_name=G4100050.epw
county_id	G4100070	create_custom_building_from_spec	weather_file_name=G4100070.epw
county_id	G4100090	create_custom_building_from_spec	weather_file_name=G4100090.epw
county_id	G4100110	create_custom_building_from_spec	weather_file_name=G4100110.epw
county_id	G4100130	create_custom_building_from_spec	weather_file_name=G4100130.epw
county_id	G4100150	create_custom_building_from_spec	weather_file_name=G4100150.epw
county_id	G4100170	create_custom_building_from_spec	weather_file_name=G4100170.epw
county_id	G4100190	create_custom_building_from_spec	weather_file_name=G4100190.epw
county_id	G4100210	create_custom_building_from_spec	weather_file_name=G4100210.epw
county_id	G4100230	create_custom_building_from_spec	weather_file_name=G4100230.epw
county_id	G4100250	create_custom_building_from_spec	weather_file_name=G4100250.epw
county_id	G4100270	create_custom_building_from_spec	weather_file_name=G4100270.epw
county_id	G4100290	create_custom_building_from_spec	weather_file_name=G4100290.epw
county_id	G4100310	create_custom_building_from_spec	weather_file_name=G4100310.epw
county_id	G4100330	create_custom_building_from_spec	weather_file_name=G4100330.epw
county_id	G4100350	create_custom_building_from_spec	weather_file_name=G4100350.epw
county_id	G4100370	create_custom_building_from_spec	weather_file_name=G4100370.epw
county_id	G4100390	create_custom_building_from_spec	weather_file_name=G4100390.epw
county_id	G4100410	create_custom_building_from_spec	weather_file_name=G4100410.epw
county_id	G4100430	create_custom_building_from_spec	weather_file_name=G4100430.epw
county_id	G4100450	create_custom_building_from_spec	weather_file_name=G4100450.epw
county_id	G4100470	create_custom_building_from_spec	weather_file_name=G4100470.epw
county_id	G4100490	create_custom_building_from_spec	weather_file_name=G4100490.epw
county_id	G4100510	create_custom_building_from_spec	weather_file_name=G4100510.epw
county_id	G4100530	create_custom_building_from_spec	weather_file_name=G4100530.epw
county_id	G4100550	create_custom_building_from_spec	weather_file_name=G4100550.epw
county_id	G4100570	create_custom_building_from_spec	weather_file_name=G4100570.epw
county_id	G4100590	create_custom_building_from_spec	weather_file_name=G4100590.epw
county_id	G4100610	create_custom_building_from_spec	weather_file_name=G4100610.epw
county_id	G4100630	create_custom_building_from_spec	weather_file_name=G4100630.epw
county_id	G4100650	create_custom_building_from_spec	weather_file_name=G4100650.epw
county_id	G4100670	create_custom_building_from_spec	weather_file_name=G4100670.epw
county_id	G4100690	create_custom_building_from_spec	weather_file_name=G4100690.epw
county_id	G4100710	create_custom_building_from_spec	weather_file_name=G4100710.epw
county_id	G4200010	create_custom_building_from_spec	weather_file_name=G4200010.epw
county_id	G4200030	create_custom_building_from_spec	weather_file_name=G4200030.epw
county_id	G4200050	create_custom_building_from_spec	weather_file_name=G4200050.epw
county_id	G4200070	create_custom_building_from_spec	weather_file_name=G4200070.epw
county_id	G4200090	create_custom_building_from_spec	weather_file_name=G4200090.epw
county_id	G4200110	create_custom_building_from_spec	weather_file_name=G4200110.epw
county_id	G4200130	create_custom_building_from_spec	weather_file_name=G4200130.epw
county_id	G4200150	create_custom_building_from_spec	weather_file_name=G4200150.epw
county_id	G4200170	create_custom_building_from_spec	weather_file_name=G4200170.epw
county_id	G4200190	create_custom_building_from_spec	weather_file_name=G4200190.epw
county_id	G4200210	create_custom_building_from_spec	weather_file_name=G4200210.epw
county_id	G4200230	create_custom_building_from_spec	weather_file_name=G4200230.epw
county_id	G4200250	create_custom_building_from_spec	weather_file_name=G4200250.epw
county_id	G4200270	create_custom_building_from_spec	weather_file_name=G4200270.epw
county_id	G4200290	create_custom_building_from_spec	weather_file_name=G4200290.epw
county_id	G4200310	create_custom_building_from_spec	weather_file_name=G4200310.epw
county_id	G4200330	create_custom_building_from_spec	weather_file_name=G4200330.epw
county_id	G4200350	create_custom_building_from_spec	weather_file_name=G4200350.epw
county_id	G4200370	create_custom_building_from_spec	weather_file_name=G4200370.epw
county_id	G4200390	create_custom_building_from_spec	weather_file_name=G4200390.epw
county_id	G4200410	create_custom_building_from_spec	weather_file_name=G4200410.epw
county_id	G4200430	create_custom_building_from_spec	weather_file_name=G4200430.epw
county_id	G4200450	create_custom_building_from_spec	weather_file_name=G4200450.epw
county_id	G4200470	create_custom_building_from_spec	weather_file_name=G4200470.epw
county_id	G4200490	create_custom_building_from_spec	weather_file_name=G4200490.epw
county_id	G4200510	create_custom_building_from_spec	weather_file_name=G4200510.epw
county_id	G4200530	create_custom_building_from_spec	weather_file_name=G4200530.epw
county_id	G4200550	create_custom_building_from_spec	weather_file_name=G4200550.epw
county_id	G4200570	create_custom_building_from_spec	weather_file_name=G4200570.epw
county_id	G4200590	create_custom_building_from_spec	weather_file_name=G4200590.epw
county_id	G4200610	create_custom_building_from_spec	weather_file_name=G4200610.epw
county_id	G4200630	create_custom_building_from_spec	weather_file_name=G4200630.epw
county_id	G4200650	create_custom_building_from_spec	weather_file_name=G4200650.epw
county_id	G4200670	create_custom_building_from_spec	weather_file_name=G4200670.epw
county_id	G4200690	create_custom_building_from_spec	weather_file_name=G4200690.epw
county_id	G4200710	create_custom_building_from_spec	weather_file_name=G4200710.epw
county_id	G4200730	create_custom_building_from_spec	weather_file_name=G4200730.epw
county_id	G4200750	create_custom_building_from_spec	weather_file_name=G4200750.epw
county_id	G4200770	create_custom_building_from_spec	weather_file_name=G4200770.epw
county_id	G4200790	create_custom_building_from_spec	weather_file_name=G4200790.epw
county_id	G4200810	create_custom_building_from_spec	weather_file_name=G4200810.epw
county_id	G4200830	create_custom_building_from_spec	weather_file_name=G4200830.epw
county_id	G4200850	create_custom_building_from_spec	weather_file_name=G4200850.epw
county_id	G4200870	create_custom_building_from_spec	weather_file_name=G4200870.epw
county_id	G4200890	create_custom_building_from_spec	weather_file_name=G4200890.epw
county_id	G4200910	create_custom_building_from_spec	weather_file_name=G4200910.epw
county_id	G4200930	create_custom_building_from_spec	weather_file_name=G4200930.epw
county_id	G4200950	create_custom_building_from_spec	weather_file_name=G4200950.epw
county_id	G4200970	create_custom_building_from_spec	weather_file_name=G4200970.epw
county_id	G4200990	create_custom_building_from_spec	weather_file_name=G4200990.epw
county_id	G4201010	create_custom_building_from_spec	weather_file_name=G4201010.epw
county_id	G4201030	create_custom_building_from_spec	weather_file_name=G4201030.epw
county_id	G4201050	create_custom_building_from_spec	weather_file_name=G4201050.epw
county_id	G4201070	create_custom_building_from_spec	weather_file_name=G4201070.epw
county_id	G4201090	create_custom_building_from_spec	weather_file_name=G4201090.epw
county_id	G4201110	create_custom_building_from_spec	weather_file_name=G4201110.epw
county_id	G4201130	create_custom_building_from_spec	weather_file_name=G4201130.epw
county_id	G4201150	create_custom_building_from_spec	weather_file_name=G4201150.epw
county_id	G4201170	create_custom_building_from_spec	weather_file_name=G4201170.epw
county_id	G4201190	create_custom_building_from_spec	weather_file_name=G4201190.epw
county_id	G4201210	create_custom_building_from_spec	weather_file_name=G4201210.epw
county_id	G4201230	create_custom_building_from_spec	weather_file_name=G4201230.epw
county_id	G4201250	create_custom_building_from_spec	weather_file_name=G4201250.epw
county_id	G4201270	create_custom_building_from_spec	weather_file_name=G4201270.epw
county_id	G4201290	create_custom_building_from_spec	weather_file_name=G4201290.epw
county_id	G4201310	create_custom_building_from_spec	weather_file_name=G4201310.epw
county_id	G4201330	create_custom_building_from_spec	weather_file_name=G4201330.epw
county_id	G4400010	create_custom_building_from_spec	weather_file_name=G4400010.epw
county_id	G4400030	create_custom_building_from_spec	weather_file_name=G4400030.epw
county_id	G4400050	create_custom_building_from_spec	weather_file_name=G4400050.epw
county_id	G4400070	create_custom_building_from_spec	weather_file_name=G4400070.epw
county_id	G4400090	create_custom_building_from_spec	weather_file_name=G4400090.epw
county_id	G4500010	create_custom_building_from_spec	weather_file_name=G4500010.epw
county_id	G4500030	create_custom_building_from_spec	weather_file_name=G4500030.epw
county_id	G4500050	create_custom_building_from_spec	weather_file_name=G4500050.epw
county_id	G4500070	create_custom_building_from_spec	weather_file_name=G4500070.epw
county_id	G4500090	create_custom_building_from_spec	weather_file_name=G4500090.epw
county_id	G4500110	create_custom_building_from_spec	weather_file_name=G4500110.epw
county_id	G4500130	create_custom_building_from_spec	weather_file_name=G4500130.epw
county_id	G4500150	create_custom_building_from_spec	weather_file_name=G4500150.epw
county_id	G4500170	create_custom_building_from_spec	weather_file_name=G4500170.epw
county_id	G4500190	create_custom_building_from_spec	weather_file_name=G4500190.epw
county_id	G4500210	create_custom_building_from_spec	weather_file_name=G4500210.epw
county_id	G4500230	create_custom_building_from_spec	weather_file_name=G4500230.epw
county_id	G4500250	create_custom_building_from_spec	weather_file_name=G4500250.epw
county_id	G4500270	create_custom_building_from_spec	weather_file_name=G4500270.epw
county_id	G4500290	create_custom_building_from_spec	weather_file_name=G4500290.epw
county_id	G4500310	create_custom_building_from_spec	weather_file_name=G4500310.epw
county_id	G4500330	create_custom_building_from_spec	weather_file_name=G4500330.epw
county_id	G4500350	create_custom_building_from_spec	weather_file_name=G4500350.epw
county_id	G4500370	create_custom_building_from_spec	weather_file_name=G4500370.epw
county_id	G4500390	create_custom_building_from_spec	weather_file_name=G4500390.epw
county_id	G4500410	create_custom_building_from_spec	weather_file_name=G4500410.epw
county_id	G4500430	create_custom_building_from_spec	weather_file_name=G4500430.epw
county_id	G4500450	create_custom_building_from_spec	weather_file_name=G4500450.epw
county_id	G4500470	create_custom_building_from_spec	weather_file_name=G4500470.epw
county_id	G4500490	create_custom_building_from_spec	weather_file_name=G4500490.epw
county_id	G4500510	create_custom_building_from_spec	weather_file_name=G4500510.epw
county_id	G4500530	create_custom_building_from_spec	weather_file_name=G4500530.epw
county_id	G4500550	create_custom_building_from_spec	weather_file_name=G4500550.epw
county_id	G4500570	create_custom_building_from_spec	weather_file_name=G4500570.epw
county_id	G4500590	create_custom_building_from_spec	weather_file_name=G4500590.epw
county_id	G4500610	create_custom_building_from_spec	weather_file_name=G4500610.epw
county_id	G4500630	create_custom_building_from_spec	weather_file_name=G4500630.epw
county_id	G4500650	create_custom_building_from_spec	weather_file_name=G4500650.epw
county_id	G4500670	create_custom_building_from_spec	weather_file_name=G4500670.epw
county_id	G4500690	create_custom_building_from_spec	weather_file_name=G4500690.epw
county_id	G4500710	create_custom_building_from_spec	weather_file_name=G4500710.epw
county_id	G4500730	create_custom_building_from_spec	weather_file_name=G4500730.epw
county_id	G4500750	create_custom_building_from_spec	weather_file_name=G4500750.epw
county_id	G4500770	create_custom_building_from_spec	weather_file_name=G4500770.epw
county_id	G4500790	create_custom_building_from_spec	weather_file_name=G4500790.epw
county_id	G4500810	create_custom_building_from_spec	weather_file_name=G4500810.epw
county_id	G4500830	create_custom_building_from_spec	weather_file_name=G4500830.epw
county_id	G4500850	create_custom_building_from_spec	weather_file_name=G4500850.epw
county_id	G4500870	create_custom_building_from_spec	weather_file_name=G4500870.epw
county_id	G4500890	create_custom_building_from_spec	weather_file_name=G4500890.epw
county_id	G4500910	create_custom_building_from_spec	weather_file_name=G4500910.epw
county_id	G4600030	create_custom_building_from_spec	weather_file_name=G4600030.epw
county_id	G4600050	create_custom_building_from_spec	weather_file_name=G4600050.epw
county_id	G4600070	create_custom_building_from_spec	weather_file_name=G4600070.epw
county_id	G4600090	create_custom_building_from_spec	weather_file_name=G4600090.epw
county_id	G4600110	create_custom_building_from_spec	weather_file_name=G4600110.epw
county_id	G4600130	create_custom_building_from_spec	weather_file_name=G4600130.epw
county_id	G4600150	create_custom_building_from_spec	weather_file_name=G4600150.epw
county_id	G4600170	create_custom_building_from_spec	weather_file_name=G4600150.epw
county_id	G4600190	create_custom_building_from_spec	weather_file_name=G4600190.epw
county_id	G4600210	create_custom_building_from_spec	weather_file_name=G4600230.epw
county_id	G4600230	create_custom_building_from_spec	weather_file_name=G4600230.epw
county_id	G4600250	create_custom_building_from_spec	weather_file_name=G4600250.epw
county_id	G4600270	create_custom_building_from_spec	weather_file_name=G4600270.epw
county_id	G4600290	create_custom_building_from_spec	weather_file_name=G4600290.epw
county_id	G4600310	create_custom_building_from_spec	weather_file_name=G4600310.epw
county_id	G4600330	create_custom_building_from_spec	weather_file_name=G4600330.epw
county_id	G4600350	create_custom_building_from_spec	weather_file_name=G4600350.epw
county_id	G4600370	create_custom_building_from_spec	weather_file_name=G4600370.epw
county_id	G4600390	create_custom_building_from_spec	weather_file_name=G4600390.epw
county_id	G4600410	create_custom_building_from_spec	weather_file_name=G4600410.epw
county_id	G4600430	create_custom_building_from_spec	weather_file_name=G4600430.epw
county_id	G4600450	create_custom_building_from_spec	weather_file_name=G4600450.epw
county_id	G4600470	create_custom_building_from_spec	weather_file_name=G4600470.epw
county_id	G4600490	create_custom_building_from_spec	weather_file_name=G4600490.epw
county_id	G4600510	create_custom_building_from_spec	weather_file_name=G4600510.epw
county_id	G4600530	create_custom_building_from_spec	weather_file_name=G4600530.epw
county_id	G4600550	create_custom_building_from_spec	weather_file_name=G4600550.epw
county_id	G4600570	create_custom_building_from_spec	weather_file_name=G4600570.epw
county_id	G4600590	create_custom_building_from_spec	weather_file_name=G4600590.epw
county_id	G4600610	create_custom_building_from_spec	weather_file_name=G4600650.epw
county_id	G4600630	create_custom_building_from_spec	weather_file_name=G4600650.epw
county_id	G4600650	create_custom_building_from_spec	weather_file_name=G4600650.epw
county_id	G4600670	create_custom_building_from_spec	weather_file_name=G4600670.epw
county_id	G4600690	create_custom_building_from_spec	weather_file_name=G4600670.epw
county_id	G4600710	create_custom_building_from_spec	weather_file_name=G4600730.epw
county_id	G4600730	create_custom_building_from_spec	weather_file_name=G4600730.epw
county_id	G4600750	create_custom_building_from_spec	weather_file_name=G4600750.epw
county_id	G4600770	create_custom_building_from_spec	weather_file_name=G4600770.epw
county_id	G4600790	create_custom_building_from_spec	weather_file_name=G4600790.epw
county_id	G4600810	create_custom_building_from_spec	weather_file_name=G4600810.epw
county_id	G4600830	create_custom_building_from_spec	weather_file_name=G4600830.epw
county_id	G4600850	create_custom_building_from_spec	weather_file_name=G4600830.epw
county_id	G4600870	create_custom_building_from_spec	weather_file_name=G4600870.epw
county_id	G4600890	create_custom_building_from_spec	weather_file_name=G4600890.epw
county_id	G4600910	create_custom_building_from_spec	weather_file_name=G4600910.epw
county_id	G4600930	create_custom_building_from_spec	weather_file_name=G4600930.epw
county_id	G4600950	create_custom_building_from_spec	weather_file_name=G4600930.epw
county_id	G4600970	create_custom_building_from_spec	weather_file_name=G4600970.epw
county_id	G4600990	create_custom_building_from_spec	weather_file_name=G4600990.epw
county_id	G4601010	create_custom_building_from_spec	weather_file_name=G4601010.epw
county_id	G4601030	create_custom_building_from_spec	weather_file_name=G4601030.epw
county_id	G4601050	create_custom_building_from_spec	weather_file_name=G4601050.epw
county_id	G4601070	create_custom_building_from_spec	weather_file_name=G4601070.epw
county_id	G4601090	create_custom_building_from_spec	weather_file_name=G4601090.epw
county_id	G4601110	create_custom_building_from_spec	weather_file_name=G4601110.epw
county_id	G4601130	create_custom_building_from_spec	weather_file_name=G4601150.epw
county_id	G4601150	create_custom_building_from_spec	weather_file_name=G4601150.epw
county_id	G4601170	create_custom_building_from_spec	weather_file_name=G4601170.epw
county_id	G4601190	create_custom_building_from_spec	weather_file_name=G4601190.epw
county_id	G4601210	create_custom_building_from_spec	weather_file_name=G4601210.epw
county_id	G4601230	create_custom_building_from_spec	weather_file_name=G4601230.epw
county_id	G4601250	create_custom_building_from_spec	weather_file_name=G4601250.epw
county_id	G4601270	create_custom_building_from_spec	weather_file_name=G4601270.epw
county_id	G4601290	create_custom_building_from_spec	weather_file_name=G4601290.epw
county_id	G4601350	create_custom_building_from_spec	weather_file_name=G4601350.epw
county_id	G4601370	create_custom_building_from_spec	weather_file_name=G4601350.epw
county_id	G4700010	create_custom_building_from_spec	weather_file_name=G4700010.epw
county_id	G4700030	create_custom_building_from_spec	weather_file_name=G4700030.epw
county_id	G4700050	create_custom_building_from_spec	weather_file_name=G4700050.epw
county_id	G4700070	create_custom_building_from_spec	weather_file_name=G4700070.epw
county_id	G4700090	create_custom_building_from_spec	weather_file_name=G4700090.epw
county_id	G4700110	create_custom_building_from_spec	weather_file_name=G4700110.epw
county_id	G4700130	create_custom_building_from_spec	weather_file_name=G4700130.epw
county_id	G4700150	create_custom_building_from_spec	weather_file_name=G4700150.epw
county_id	G4700170	create_custom_building_from_spec	weather_file_name=G4700170.epw
county_id	G4700190	create_custom_building_from_spec	weather_file_name=G4700190.epw
county_id	G4700210	create_custom_building_from_spec	weather_file_name=G4700210.epw
county_id	G4700230	create_custom_building_from_spec	weather_file_name=G4700230.epw
county_id	G4700250	create_custom_building_from_spec	weather_file_name=G4700250.epw
county_id	G4700270	create_custom_building_from_spec	weather_file_name=G4700270.epw
county_id	G4700290	create_custom_building_from_spec	weather_file_name=G4700290.epw
county_id	G4700310	create_custom_building_from_spec	weather_file_name=G4700310.epw
county_id	G4700330	create_custom_building_from_spec	weather_file_name=G4700330.epw
county_id	G4700350	create_custom_building_from_spec	weather_file_name=G4700350.epw
county_id	G4700370	create_custom_building_from_spec	weather_file_name=G4700370.epw
county_id	G4700390	create_custom_building_from_spec	weather_file_name=G4700390.epw
county_id	G4700410	create_custom_building_from_spec	weather_file_name=G4700410.epw
county_id	G4700430	create_custom_building_from_spec	weather_file_name=G4700430.epw
county_id	G4700450	create_custom_building_from_spec	weather_file_name=G4700450.epw
county_id	G4700470	create_custom_building_from_spec	weather_file_name=G4700470.epw
county_id	G4700490	create_custom_building_from_spec	weather_file_name=G4700490.epw
county_id	G4700510	create_custom_building_from_spec	weather_file_name=G4700510.epw
county_id	G4700530	create_custom_building_from_spec	weather_file_name=G4700530.epw
county_id	G4700550	create_custom_building_from_spec	weather_file_name=G4700550.epw
county_id	G4700570	create_custom_building_from_spec	weather_file_name=G4700570.epw
county_id	G4700590	create_custom_building_from_spec	weather_file_name=G4700590.epw
county_id	G4700610	create_custom_building_from_spec	weather_file_name=G4700610.epw
county_id	G4700630	create_custom_building_from_spec	weather_file_name=G4700630.epw
county_id	G4700650	create_custom_building_from_spec	weather_file_name=G4700650.epw
county_id	G4700670	create_custom_building_from_spec	weather_file_name=G4700670.epw
county_id	G4700690	create_custom_building_from_spec	weather_file_name=G4700690.epw
county_id	G4700710	create_custom_building_from_spec	weather_file_name=G4700710.epw
county_id	G4700730	create_custom_building_from_spec	weather_file_name=G4700730.epw
county_id	G4700750	create_custom_building_from_spec	weather_file_name=G4700750.epw
county_id	G4700770	create_custom_building_from_spec	weather_file_name=G4700770.epw
county_id	G4700790	create_custom_building_from_spec	weather_file_name=G4700790.epw
county_id	G4700810	create_custom_building_from_spec	weather_file_name=G4700810.epw
county_id	G4700830	create_custom_building_from_spec	weather_file_name=G4700830.epw
county_id	G4700850	create_custom_building_from_spec	weather_file_name=G4700850.epw
county_id	G4700870	create_custom_building_from_spec	weather_file_name=G4700870.epw
county_id	G4700890	create_custom_building_from_spec	weather_file_name=G4700890.epw
county_id	G4700910	create_custom_building_from_spec	weather_file_name=G4700910.epw
county_id	G4700930	create_custom_building_from_spec	weather_file_name=G4700930.epw
county_id	G4700950	create_custom_building_from_spec	weather_file_name=G4700950.epw
county_id	G4700970	create_custom_building_from_spec	weather_file_name=G4700970.epw
county_id	G4700990	create_custom_building_from_spec	weather_file_name=G4700990.epw
county_id	G4701010	create_custom_building_from_spec	weather_file_name=G4701010.epw
county_id	G4701030	create_custom_building_from_spec	weather_file_name=G4701030.epw
county_id	G4701050	create_custom_building_from_spec	weather_file_name=G4701050.epw
county_id	G4701070	create_custom_building_from_spec	weather_file_name=G4701070.epw
county_id	G4701090	create_custom_building_from_spec	weather_file_name=G4701090.epw
county_id	G4701110	create_custom_building_from_spec	weather_file_name=G4701110.epw
county_id	G4701130	create_custom_building_from_spec	weather_file_name=G4701130.epw
county_id	G4701150	create_custom_building_from_spec	weather_file_name=G4701150.epw
county_id	G4701170	create_custom_building_from_spec	weather_file_name=G4701170.epw
county_id	G4701190	create_custom_building_from_spec	weather_file_name=G4701190.epw
county_id	G4701210	create_custom_building_from_spec	weather_file_name=G4701210.epw
county_id	G4701230	create_custom_building_from_spec	weather_file_name=G4701230.epw
county_id	G4701250	create_custom_building_from_spec	weather_file_name=G4701250.epw
county_id	G4701270	create_custom_building_from_spec	weather_file_name=G4701270.epw
county_id	G4701290	create_custom_building_from_spec	weather_file_name=G4701290.epw
county_id	G4701310	create_custom_building_from_spec	weather_file_name=G4701310.epw
county_id	G4701330	create_custom_building_from_spec	weather_file_name=G4701330.epw
county_id	G4701350	create_custom_building_from_spec	weather_file_name=G4701350.epw
county_id	G4701370	create_custom_building_from_spec	weather_file_name=G4701370.epw
county_id	G4701390	create_custom_building_from_spec	weather_file_name=G4701390.epw
county_id	G4701410	create_custom_building_from_spec	weather_file_name=G4701410.epw
county_id	G4701430	create_custom_building_from_spec	weather_file_name=G4701430.epw
county_id	G4701450	create_custom_building_from_spec	weather_file_name=G4701450.epw
county_id	G4701470	create_custom_building_from_spec	weather_file_name=G4701470.epw
county_id	G4701490	create_custom_building_from_spec	weather_file_name=G4701490.epw
county_id	G4701510	create_custom_building_from_spec	weather_file_name=G4701510.epw
county_id	G4701530	create_custom_building_from_spec	weather_file_name=G4701530.epw
county_id	G4701550	create_custom_building_from_spec	weather_file_name=G4701550.epw
county_id	G4701570	create_custom_building_from_spec	weather_file_name=G4701570.epw
county_id	G4701590	create_custom_building_from_spec	weather_file_name=G4701590.epw
county_id	G4701610	create_custom_building_from_spec	weather_file_name=G4701610.epw
county_id	G4701630	create_custom_building_from_spec	weather_file_name=G4701630.epw
county_id	G4701650	create_custom_building_from_spec	weather_file_name=G4701650.epw
county_id	G4701670	create_custom_building_from_spec	weather_file_name=G4701670.epw
county_id	G4701690	create_custom_building_from_spec	weather_file_name=G4701690.epw
county_id	G4701710	create_custom_building_from_spec	weather_file_name=G4701710.epw
county_id	G4701730	create_custom_building_from_spec	weather_file_name=G4701730.epw
county_id	G4701750	create_custom_building_from_spec	weather_file_name=G4701750.epw
county_id	G4701770	create_custom_building_from_spec	weather_file_name=G4701770.epw
county_id	G4701790	create_custom_building_from_spec	weather_file_name=G4701790.epw
county_id	G4701810	create_custom_building_from_spec	weather_file_name=G4701810.epw
county_id	G4701830	create_custom_building_from_spec	weather_file_name=G4701830.epw
county_id	G4701850	create_custom_building_from_spec	weather_file_name=G4701850.epw
county_id	G4701870	create_custom_building_from_spec	weather_file_name=G4701870.epw
county_id	G4701890	create_custom_building_from_spec	weather_file_name=G4701890.epw
county_id	G4800010	create_custom_building_from_spec	weather_file_name=G4800010.epw
county_id	G4800030	create_custom_building_from_spec	weather_file_name=G4800030.epw
county_id	G4800050	create_custom_building_from_spec	weather_file_name=G4800050.epw
county_id	G4800070	create_custom_building_from_spec	weather_file_name=G4800070.epw
county_id	G4800090	create_custom_building_from_spec	weather_file_name=G4800090.epw
county_id	G4800110	create_custom_building_from_spec	weather_file_name=G4800130.epw
county_id	G4800130	create_custom_building_from_spec	weather_file_name=G4800130.epw
county_id	G4800150	create_custom_building_from_spec	weather_file_name=G4800150.epw
county_id	G4800170	create_custom_building_from_spec	weather_file_name=G4800170.epw
county_id	G4800190	create_custom_building_from_spec	weather_file_name=G4800190.epw
county_id	G4800210	create_custom_building_from_spec	weather_file_name=G4800210.epw
county_id	G4800230	create_custom_building_from_spec	weather_file_name=G4800230.epw
county_id	G4800250	create_custom_building_from_spec	weather_file_name=G4800250.epw
county_id	G4800270	create_custom_building_from_spec	weather_file_name=G4800270.epw
county_id	G4800290	create_custom_building_from_spec	weather_file_name=G4800290.epw
county_id	G4800310	create_custom_building_from_spec	weather_file_name=G4800310.epw
county_id	G4800330	create_custom_building_from_spec	weather_file_name=G4800310.epw
county_id	G4800350	create_custom_building_from_spec	weather_file_name=G4800350.epw
county_id	G4800370	create_custom_building_from_spec	weather_file_name=G4800370.epw
county_id	G4800390	create_custom_building_from_spec	weather_file_name=G4800390.epw
county_id	G4800410	create_custom_building_from_spec	weather_file_name=G4800410.epw
county_id	G4800430	create_custom_building_from_spec	weather_file_name=G4800430.epw
county_id	G4800450	create_custom_building_from_spec	weather_file_name=G4800450.epw
county_id	G4800470	create_custom_building_from_spec	weather_file_name=G4800470.epw
county_id	G4800490	create_custom_building_from_spec	weather_file_name=G4800490.epw
county_id	G4800510	create_custom_building_from_spec	weather_file_name=G4800510.epw
county_id	G4800530	create_custom_building_from_spec	weather_file_name=G4800530.epw
county_id	G4800550	create_custom_building_from_spec	weather_file_name=G4800550.epw
county_id	G4800570	create_custom_building_from_spec	weather_file_name=G4800570.epw
county_id	G4800590	create_custom_building_from_spec	weather_file_name=G4800590.epw
county_id	G4800610	create_custom_building_from_spec	weather_file_name=G4800610.epw
county_id	G4800630	create_custom_building_from_spec	weather_file_name=G4800630.epw
county_id	G4800650	create_custom_building_from_spec	weather_file_name=G4800650.epw
county_id	G4800670	create_custom_building_from_spec	weather_file_name=G4800670.epw
county_id	G4800690	create_custom_building_from_spec	weather_file_name=G4800690.epw
county_id	G4800710	create_custom_building_from_spec	weather_file_name=G4800710.epw
county_id	G4800730	create_custom_building_from_spec	weather_file_name=G4800730.epw
county_id	G4800750	create_custom_building_from_spec	weather_file_name=G4800750.epw
county_id	G4800770	create_custom_building_from_spec	weather_file_name=G4800770.epw
county_id	G4800790	create_custom_building_from_spec	weather_file_name=G4800790.epw
county_id	G4800810	create_custom_building_from_spec	weather_file_name=G4800810.epw
county_id	G4800830	create_custom_building_from_spec	weather_file_name=G4800830.epw
county_id	G4800850	create_custom_building_from_spec	weather_file_name=G4800850.epw
county_id	G4800870	create_custom_building_from_spec	weather_file_name=G4800870.epw
county_id	G4800890	create_custom_building_from_spec	weather_file_name=G4800890.epw
county_id	G4800910	create_custom_building_from_spec	weather_file_name=G4800910.epw
county_id	G4800930	create_custom_building_from_spec	weather_file_name=G4800930.epw
county_id	G4800950	create_custom_building_from_spec	weather_file_name=G4800950.epw
county_id	G4800970	create_custom_building_from_spec	weather_file_name=G4800970.epw
county_id	G4800990	create_custom_building_from_spec	weather_file_name=G4800990.epw
county_id	G4801010	create_custom_building_from_spec	weather_file_name=G4801010.epw
county_id	G4801030	create_custom_building_from_spec	weather_file_name=G4801030.epw
county_id	G4801050	create_custom_building_from_spec	weather_file_name=G4801050.epw
county_id	G4801070	create_custom_building_from_spec	weather_file_name=G4801070.epw
county_id	G4801090	create_custom_building_from_spec	weather_file_name=G4801090.epw
county_id	G4801110	create_custom_building_from_spec	weather_file_name=G4801110.epw
county_id	G4801130	create_custom_building_from_spec	weather_file_name=G4801130.epw
county_id	G4801150	create_custom_building_from_spec	weather_file_name=G4801150.epw
county_id	G4801170	create_custom_building_from_spec	weather_file_name=G4801170.epw
county_id	G4801190	create_custom_building_from_spec	weather_file_name=G4801190.epw
county_id	G4801210	create_custom_building_from_spec	weather_file_name=G4801210.epw
county_id	G4801230	create_custom_building_from_spec	weather_file_name=G4801230.epw
county_id	G4801250	create_custom_building_from_spec	weather_file_name=G4801250.epw
county_id	G4801270	create_custom_building_from_spec	weather_file_name=G4801270.epw
county_id	G4801290	create_custom_building_from_spec	weather_file_name=G4801290.epw
county_id	G4801310	create_custom_building_from_spec	weather_file_name=G4801310.epw
county_id	G4801330	create_custom_building_from_spec	weather_file_name=G4801330.epw
county_id	G4801350	create_custom_building_from_spec	weather_file_name=G4801350.epw
county_id	G4801370	create_custom_building_from_spec	weather_file_name=G4801350.epw
county_id	G4801390	create_custom_building_from_spec	weather_file_name=G4801390.epw
county_id	G4801410	create_custom_building_from_spec	weather_file_name=G4801410.epw
county_id	G4801430	create_custom_building_from_spec	weather_file_name=G4801430.epw
county_id	G4801450	create_custom_building_from_spec	weather_file_name=G4801450.epw
county_id	G4801470	create_custom_building_from_spec	weather_file_name=G4801470.epw
county_id	G4801490	create_custom_building_from_spec	weather_file_name=G4801490.epw
county_id	G4801510	create_custom_building_from_spec	weather_file_name=G4801510.epw
county_id	G4801530	create_custom_building_from_spec	weather_file_name=G4801530.epw
county_id	G4801550	create_custom_building_from_spec	weather_file_name=G4801550.epw
county_id	G4801570	create_custom_building_from_spec	weather_file_name=G4801570.epw
county_id	G4801590	create_custom_building_from_spec	weather_file_name=G4801590.epw
county_id	G4801610	create_custom_building_from_spec	weather_file_name=G4801610.epw
county_id	G4801630	create_custom_building_from_spec	weather_file_name=G4801630.epw
county_id	G4801650	create_custom_building_from_spec	weather_file_name=G4801650.epw
county_id	G4801670	create_custom_building_from_spec	weather_file_name=G4801670.epw
county_id	G4801690	create_custom_building_from_spec	weather_file_name=G4801690.epw
county_id	G4801710	create_custom_building_from_spec	weather_file_name=G4801710.epw
county_id	G4801730	create_custom_building_from_spec	weather_file_name=G4801730.epw
county_id	G4801750	create_custom_building_from_spec	weather_file_name=G4801750.epw
county_id	G4801770	create_custom_building_from_spec	weather_file_name=G4801770.epw
county_id	G4801790	create_custom_building_from_spec	weather_file_name=G4801790.epw
county_id	G4801810	create_custom_building_from_spec	weather_file_name=G4801810.epw
county_id	G4801830	create_custom_building_from_spec	weather_file_name=G4801830.epw
county_id	G4801850	create_custom_building_from_spec	weather_file_name=G4801850.epw
county_id	G4801870	create_custom_building_from_spec	weather_file_name=G4801870.epw
county_id	G4801890	create_custom_building_from_spec	weather_file_name=G4801890.epw
county_id	G4801910	create_custom_building_from_spec	weather_file_name=G4801910.epw
county_id	G4801930	create_custom_building_from_spec	weather_file_name=G4801930.epw
county_id	G4801950	create_custom_building_from_spec	weather_file_name=G4801950.epw
county_id	G4801970	create_custom_building_from_spec	weather_file_name=G4801970.epw
county_id	G4801990	create_custom_building_from_spec	weather_file_name=G4801990.epw
county_id	G4802010	create_custom_building_from_spec	weather_file_name=G4802010.epw
county_id	G4802030	create_custom_building_from_spec	weather_file_name=G4802030.epw
county_id	G4802050	create_custom_building_from_spec	weather_file_name=G4802050.epw
county_id	G4802070	create_custom_building_from_spec	weather_file_name=G4802070.epw
county_id	G4802090	create_custom_building_from_spec	weather_file_name=G4802090.epw
county_id	G4802110	create_custom_building_from_spec	weather_file_name=G4802110.epw
county_id	G4802130	create_custom_building_from_spec	weather_file_name=G4802130.epw
county_id	G4802150	create_custom_building_from_spec	weather_file_name=G4802150.epw
county_id	G4802170	create_custom_building_from_spec	weather_file_name=G4802170.epw
county_id	G4802190	create_custom_building_from_spec	weather_file_name=G4802190.epw
county_id	G4802210	create_custom_building_from_spec	weather_file_name=G4802210.epw
county_id	G4802230	create_custom_building_from_spec	weather_file_name=G4802230.epw
county_id	G4802250	create_custom_building_from_spec	weather_file_name=G4802250.epw
county_id	G4802270	create_custom_building_from_spec	weather_file_name=G4802270.epw
county_id	G4802290	create_custom_building_from_spec	weather_file_name=G4802290.epw
county_id	G4802310	create_custom_building_from_spec	weather_file_name=G4802310.epw
county_id	G4802330	create_custom_building_from_spec	weather_file_name=G4802330.epw
county_id	G4802350	create_custom_building_from_spec	weather_file_name=G4802350.epw
county_id	G4802370	create_custom_building_from_spec	weather_file_name=G4802370.epw
county_id	G4802390	create_custom_building_from_spec	weather_file_name=G4802390.epw
county_id	G4802410	create_custom_building_from_spec	weather_file_name=G4802410.epw
county_id	G4802430	create_custom_building_from_spec	weather_file_name=G4802430.epw
county_id	G4802450	create_custom_building_from_spec	weather_file_name=G4802450.epw
county_id	G4802470	create_custom_building_from_spec	weather_file_name=G4802470.epw
county_id	G4802490	create_custom_building_from_spec	weather_file_name=G4802490.epw
county_id	G4802510	create_custom_building_from_spec	weather_file_name=G4802510.epw
county_id	G4802530	create_custom_building_from_spec	weather_file_name=G4802530.epw
county_id	G4802550	create_custom_building_from_spec	weather_file_name=G4802550.epw
county_id	G4802570	create_custom_building_from_spec	weather_file_name=G4802570.epw
county_id	G4802590	create_custom_building_from_spec	weather_file_name=G4802590.epw
county_id	G4802610	create_custom_building_from_spec	weather_file_name=G4802630.epw
county_id	G4802630	create_custom_building_from_spec	weather_file_name=G4802630.epw
county_id	G4802650	create_custom_building_from_spec	weather_file_name=G4802650.epw
county_id	G4802670	create_custom_building_from_spec	weather_file_name=G4802670.epw
county_id	G4802690	create_custom_building_from_spec	weather_file_name=G4802670.epw
county_id	G4802710	create_custom_building_from_spec	weather_file_name=G4802710.epw
county_id	G4802730	create_custom_building_from_spec	weather_file_name=G4802730.epw
county_id	G4802750	create_custom_building_from_spec	weather_file_name=G4802750.epw
county_id	G4802770	create_custom_building_from_spec	weather_file_name=G4802770.epw
county_id	G4802790	create_custom_building_from_spec	weather_file_name=G4802790.epw
county_id	G4802810	create_custom_building_from_spec	weather_file_name=G4802810.epw
county_id	G4802830	create_custom_building_from_spec	weather_file_name=G4802830.epw
county_id	G4802850	create_custom_building_from_spec	weather_file_name=G4802850.epw
county_id	G4802870	create_custom_building_from_spec	weather_file_name=G4802870.epw
county_id	G4802890	create_custom_building_from_spec	weather_file_name=G4802890.epw
county_id	G4802910	create_custom_building_from_spec	weather_file_name=G4802910.epw
county_id	G4802930	create_custom_building_from_spec	weather_file_name=G4802930.epw
county_id	G4802950	create_custom_building_from_spec	weather_file_name=G4802930.epw
county_id	G4802970	create_custom_building_from_spec	weather_file_name=G4802970.epw
county_id	G4802990	create_custom_building_from_spec	weather_file_name=G4802990.epw
county_id	G4803030	create_custom_building_from_spec	weather_file_name=G4803030.epw
county_id	G4803050	create_custom_building_from_spec	weather_file_name=G4803050.epw
county_id	G4803070	create_custom_building_from_spec	weather_file_name=G4803070.epw
county_id	G4803090	create_custom_building_from_spec	weather_file_name=G4803090.epw
county_id	G4803110	create_custom_building_from_spec	weather_file_name=G4803130.epw
county_id	G4803130	create_custom_building_from_spec	weather_file_name=G4803130.epw
county_id	G4803150	create_custom_building_from_spec	weather_file_name=G4803150.epw
county_id	G4803170	create_custom_building_from_spec	weather_file_name=G4803170.epw
county_id	G4803190	create_custom_building_from_spec	weather_file_name=G4803190.epw
county_id	G4803210	create_custom_building_from_spec	weather_file_name=G4803210.epw
county_id	G4803230	create_custom_building_from_spec	weather_file_name=G4803230.epw
county_id	G4803250	create_custom_building_from_spec	weather_file_name=G4803250.epw
county_id	G4803270	create_custom_building_from_spec	weather_file_name=G4803270.epw
county_id	G4803290	create_custom_building_from_spec	weather_file_name=G4803290.epw
county_id	G4803310	create_custom_building_from_spec	weather_file_name=G4803310.epw
county_id	G4803330	create_custom_building_from_spec	weather_file_name=G4803330.epw
county_id	G4803350	create_custom_building_from_spec	weather_file_name=G4803350.epw
county_id	G4803370	create_custom_building_from_spec	weather_file_name=G4803370.epw
county_id	G4803390	create_custom_building_from_spec	weather_file_name=G4803390.epw
county_id	G4803410	create_custom_building_from_spec	weather_file_name=G4803410.epw
county_id	G4803430	create_custom_building_from_spec	weather_file_name=G4803430.epw
county_id	G4803450	create_custom_building_from_spec	weather_file_name=G4803430.epw
county_id	G4803470	create_custom_building_from_spec	weather_file_name=G4803470.epw
county_id	G4803490	create_custom_building_from_spec	weather_file_name=G4803490.epw
county_id	G4803510	create_custom_building_from_spec	weather_file_name=G4803510.epw
county_id	G4803530	create_custom_building_from_spec	weather_file_name=G4803530.epw
county_id	G4803550	create_custom_building_from_spec	weather_file_name=G4803550.epw
county_id	G4803570	create_custom_building_from_spec	weather_file_name=G4803570.epw
county_id	G4803590	create_custom_building_from_spec	weather_file_name=G4803590.epw
county_id	G4803610	create_custom_building_from_spec	weather_file_name=G4803610.epw
county_id	G4803630	create_custom_building_from_spec	weather_file_name=G4803630.epw
county_id	G4803650	create_custom_building_from_spec	weather_file_name=G4803650.epw
county_id	G4803670	create_custom_building_from_spec	weather_file_name=G4803670.epw
county_id	G4803690	create_custom_building_from_spec	weather_file_name=G4803690.epw
county_id	G4803710	create_custom_building_from_spec	weather_file_name=G4803710.epw
county_id	G4803730	create_custom_building_from_spec	weather_file_name=G4803730.epw
county_id	G4803750	create_custom_building_from_spec	weather_file_name=G4803750.epw
county_id	G4803770	create_custom_building_from_spec	weather_file_name=G4803770.epw
county_id	G4803790	create_custom_building_from_spec	weather_file_name=G4803790.epw
county_id	G4803810	create_custom_building_from_spec	weather_file_name=G4803810.epw
county_id	G4803830	create_custom_building_from_spec	weather_file_name=G4803830.epw
county_id	G4803850	create_custom_building_from_spec	weather_file_name=G4803850.epw
county_id	G4803870	create_custom_building_from_spec	weather_file_name=G4803870.epw
county_id	G4803890	create_custom_building_from_spec	weather_file_name=G4803890.epw
county_id	G4803910	create_custom_building_from_spec	weather_file_name=G4803910.epw
county_id	G4803930	create_custom_building_from_spec	weather_file_name=G4803950.epw
county_id	G4803950	create_custom_building_from_spec	weather_file_name=G4803950.epw
county_id	G4803970	create_custom_building_from_spec	weather_file_name=G4803970.epw
county_id	G4803990	create_custom_building_from_spec	weather_file_name=G4803990.epw
county_id	G4804010	create_custom_building_from_spec	weather_file_name=G4804010.epw
county_id	G4804030	create_custom_building_from_spec	weather_file_name=G4804030.epw
county_id	G4804050	create_custom_building_from_spec	weather_file_name=G4804050.epw
county_id	G4804070	create_custom_building_from_spec	weather_file_name=G4804070.epw
county_id	G4804090	create_custom_building_from_spec	weather_file_name=G4804090.epw
county_id	G4804110	create_custom_building_from_spec	weather_file_name=G4804110.epw
county_id	G4804130	create_custom_building_from_spec	weather_file_name=G4804150.epw
county_id	G4804150	create_custom_building_from_spec	weather_file_name=G4804150.epw
county_id	G4804170	create_custom_building_from_spec	weather_file_name=G4804170.epw
county_id	G4804190	create_custom_building_from_spec	weather_file_name=G4804190.epw
county_id	G4804210	create_custom_building_from_spec	weather_file_name=G4804230.epw
county_id	G4804230	create_custom_building_from_spec	weather_file_name=G4804230.epw
county_id	G4804250	create_custom_building_from_spec	weather_file_name=G4804250.epw
county_id	G4804270	create_custom_building_from_spec	weather_file_name=G4804270.epw
county_id	G4804290	create_custom_building_from_spec	weather_file_name=G4804290.epw
county_id	G4804310	create_custom_building_from_spec	weather_file_name=G4804310.epw
county_id	G4804330	create_custom_building_from_spec	weather_file_name=G4804350.epw
county_id	G4804350	create_custom_building_from_spec	weather_file_name=G4804350.epw
county_id	G4804370	create_custom_building_from_spec	weather_file_name=G4804370.epw
county_id	G4804390	create_custom_building_from_spec	weather_file_name=G4804390.epw
county_id	G4804410	create_custom_building_from_spec	weather_file_name=G4804410.epw
county_id	G4804430	create_custom_building_from_spec	weather_file_name=G4804450.epw
county_id	G4804450	create_custom_building_from_spec	weather_file_name=G4804450.epw
county_id	G4804470	create_custom_building_from_spec	weather_file_name=G4804450.epw
county_id	G4804490	create_custom_building_from_spec	weather_file_name=G4804490.epw
county_id	G4804510	create_custom_building_from_spec	weather_file_name=G4804510.epw
county_id	G4804530	create_custom_building_from_spec	weather_file_name=G4804530.epw
county_id	G4804550	create_custom_building_from_spec	weather_file_name=G4804550.epw
county_id	G4804570	create_custom_building_from_spec	weather_file_name=G4804570.epw
county_id	G4804590	create_custom_building_from_spec	weather_file_name=G4804590.epw
county_id	G4804610	create_custom_building_from_spec	weather_file_name=G4804610.epw
county_id	G4804630	create_custom_building_from_spec	weather_file_name=G4804630.epw
county_id	G4804650	create_custom_building_from_spec	weather_file_name=G4804650.epw
county_id	G4804670	create_custom_building_from_spec	weather_file_name=G4804670.epw
county_id	G4804690	create_custom_building_from_spec	weather_file_name=G4804690.epw
county_id	G4804710	create_custom_building_from_spec	weather_file_name=G4804710.epw
county_id	G4804730	create_custom_building_from_spec	weather_file_name=G4804730.epw
county_id	G4804750	create_custom_building_from_spec	weather_file_name=G4804750.epw
county_id	G4804770	create_custom_building_from_spec	weather_file_name=G4804770.epw
county_id	G4804790	create_custom_building_from_spec	weather_file_name=G4804790.epw
county_id	G4804810	create_custom_building_from_spec	weather_file_name=G4804810.epw
county_id	G4804830	create_custom_building_from_spec	weather_file_name=G4804830.epw
county_id	G4804850	create_custom_building_from_spec	weather_file_name=G4804850.epw
county_id	G4804870	create_custom_building_from_spec	weather_file_name=G4804870.epw
county_id	G4804890	create_custom_building_from_spec	weather_file_name=G4804890.epw
county_id	G4804910	create_custom_building_from_spec	weather_file_name=G4804910.epw
county_id	G4804930	create_custom_building_from_spec	weather_file_name=G4804930.epw
county_id	G4804950	create_custom_building_from_spec	weather_file_name=G4804950.epw
county_id	G4804970	create_custom_building_from_spec	weather_file_name=G4804970.epw
county_id	G4804990	create_custom_building_from_spec	weather_file_name=G4804990.epw
county_id	G4805010	create_custom_building_from_spec	weather_file_name=G4805010.epw
county_id	G4805030	create_custom_building_from_spec	weather_file_name=G4805030.epw
county_id	G4805050	create_custom_building_from_spec	weather_file_name=G4805050.epw
county_id	G4805070	create_custom_building_from_spec	weather_file_name=G4805070.epw
county_id	G4900010	create_custom_building_from_spec	weather_file_name=G4900010.epw
county_id	G4900030	create_custom_building_from_spec	weather_file_name=G4900030.epw
county_id	G4900050	create_custom_building_from_spec	weather_file_name=G4900050.epw
county_id	G4900070	create_custom_building_from_spec	weather_file_name=G4900070.epw
county_id	G4900090	create_custom_building_from_spec	weather_file_name=G4900090.epw
county_id	G4900110	create_custom_building_from_spec	weather_file_name=G4900110.epw
county_id	G4900130	create_custom_building_from_spec	weather_file_name=G4900130.epw
county_id	G4900150	create_custom_building_from_spec	weather_file_name=G4900150.epw
county_id	G4900170	create_custom_building_from_spec	weather_file_name=G4900170.epw
county_id	G4900190	create_custom_building_from_spec	weather_file_name=G4900190.epw
county_id	G4900210	create_custom_building_from_spec	weather_file_name=G4900210.epw
county_id	G4900230	create_custom_building_from_spec	weather_file_name=G4900230.epw
county_id	G4900250	create_custom_building_from_spec	weather_file_name=G4900250.epw
county_id	G4900270	create_custom_building_from_spec	weather_file_name=G4900270.epw
county_id	G4900290	create_custom_building_from_spec	weather_file_name=G4900290.epw
county_id	G4900310	create_custom_building_from_spec	weather_file_name=G4900310.epw
county_id	G4900330	create_custom_building_from_spec	weather_file_name=G4900330.epw
county_id	G4900350	create_custom_building_from_spec	weather_file_name=G4900350.epw
county_id	G4900370	create_custom_building_from_spec	weather_file_name=G4900370.epw
county_id	G4900390	create_custom_building_from_spec	weather_file_name=G4900390.epw
county_id	G4900410	create_custom_building_from_spec	weather_file_name=G4900410.epw
county_id	G4900430	create_custom_building_from_spec	weather_file_name=G4900430.epw
county_id	G4900450	create_custom_building_from_spec	weather_file_name=G4900450.epw
county_id	G4900470	create_custom_building_from_spec	weather_file_name=G4900470.epw
county_id	G4900490	create_custom_building_from_spec	weather_file_name=G4900490.epw
county_id	G4900510	create_custom_building_from_spec	weather_file_name=G4900510.epw
county_id	G4900530	create_custom_building_from_spec	weather_file_name=G4900530.epw
county_id	G4900550	create_custom_building_from_spec	weather_file_name=G4900550.epw
county_id	G4900570	create_custom_building_from_spec	weather_file_name=G4900570.epw
county_id	G5000010	create_custom_building_from_spec	weather_file_name=G5000010.epw
county_id	G5000030	create_custom_building_from_spec	weather_file_name=G5000030.epw
county_id	G5000050	create_custom_building_from_spec	weather_file_name=G5000050.epw
county_id	G5000070	create_custom_building_from_spec	weather_file_name=G5000070.epw
county_id	G5000090	create_custom_building_from_spec	weather_file_name=G5000090.epw
county_id	G5000110	create_custom_building_from_spec	weather_file_name=G5000110.epw
county_id	G5000130	create_custom_building_from_spec	weather_file_name=G5000130.epw
county_id	G5000150	create_custom_building_from_spec	weather_file_name=G5000150.epw
county_id	G5000170	create_custom_building_from_spec	weather_file_name=G5000170.epw
county_id	G5000190	create_custom_building_from_spec	weather_file_name=G5000190.epw
county_id	G5000210	create_custom_building_from_spec	weather_file_name=G5000210.epw
county_id	G5000230	create_custom_building_from_spec	weather_file_name=G5000230.epw
county_id	G5000250	create_custom_building_from_spec	weather_file_name=G5000250.epw
county_id	G5000270	create_custom_building_from_spec	weather_file_name=G5000270.epw
county_id	G5100010	create_custom_building_from_spec	weather_file_name=G5100010.epw
county_id	G5100030	create_custom_building_from_spec	weather_file_name=G5100030.epw
county_id	G5100050	create_custom_building_from_spec	weather_file_name=G5100050.epw
county_id	G5100070	create_custom_building_from_spec	weather_file_name=G5100070.epw
county_id	G5100090	create_custom_building_from_spec	weather_file_name=G5100090.epw
county_id	G5100110	create_custom_building_from_spec	weather_file_name=G5100110.epw
county_id	G5100130	create_custom_building_from_spec	weather_file_name=G5100130.epw
county_id	G5100150	create_custom_building_from_spec	weather_file_name=G5100150.epw
county_id	G5100170	create_custom_building_from_spec	weather_file_name=G5100170.epw
county_id	G5100190	create_custom_building_from_spec	weather_file_name=G5100190.epw
county_id	G5100210	create_custom_building_from_spec	weather_file_name=G5100210.epw
county_id	G5100230	create_custom_building_from_spec	weather_file_name=G5100230.epw
county_id	G5100250	create_custom_building_from_spec	weather_file_name=G5100250.epw
county_id	G5100270	create_custom_building_from_spec	weather_file_name=G5100270.epw
county_id	G5100290	create_custom_building_from_spec	weather_file_name=G5100290.epw
county_id	G5100310	create_custom_building_from_spec	weather_file_name=G5100310.epw
county_id	G5100330	create_custom_building_from_spec	weather_file_name=G5100330.epw
county_id	G5100350	create_custom_building_from_spec	weather_file_name=G5100350.epw
county_id	G5100360	create_custom_building_from_spec	weather_file_name=G5100360.epw
county_id	G5100370	create_custom_building_from_spec	weather_file_name=G5100370.epw
county_id	G5100410	create_custom_building_from_spec	weather_file_name=G5100410.epw
county_id	G5100430	create_custom_building_from_spec	weather_file_name=G5100430.epw
county_id	G5100450	create_custom_building_from_spec	weather_file_name=G5100450.epw
county_id	G5100470	create_custom_building_from_spec	weather_file_name=G5100470.epw
county_id	G5100490	create_custom_building_from_spec	weather_file_name=G5100490.epw
county_id	G5100510	create_custom_building_from_spec	weather_file_name=G5100510.epw
county_id	G5100530	create_custom_building_from_spec	weather_file_name=G5100530.epw
county_id	G5100570	create_custom_building_from_spec	weather_file_name=G5100570.epw
county_id	G5100590	create_custom_building_from_spec	weather_file_name=G5100590.epw
county_id	G5100610	create_custom_building_from_spec	weather_file_name=G5100610.epw
county_id	G5100630	create_custom_building_from_spec	weather_file_name=G5100630.epw
county_id	G5100650	create_custom_building_from_spec	weather_file_name=G5100650.epw
county_id	G5100670	create_custom_building_from_spec	weather_file_name=G5100670.epw
county_id	G5100690	create_custom_building_from_spec	weather_file_name=G5100690.epw
county_id	G5100710	create_custom_building_from_spec	weather_file_name=G5100710.epw
county_id	G5100730	create_custom_building_from_spec	weather_file_name=G5100730.epw
county_id	G5100750	create_custom_building_from_spec	weather_file_name=G5100750.epw
county_id	G5100770	create_custom_building_from_spec	weather_file_name=G5100770.epw
county_id	G5100790	create_custom_building_from_spec	weather_file_name=G5100790.epw
county_id	G5100810	create_custom_building_from_spec	weather_file_name=G5100810.epw
county_id	G5100830	create_custom_building_from_spec	weather_file_name=G5100830.epw
county_id	G5100850	create_custom_building_from_spec	weather_file_name=G5100850.epw
county_id	G5100870	create_custom_building_from_spec	weather_file_name=G5100870.epw
county_id	G5100890	create_custom_building_from_spec	weather_file_name=G5100890.epw
county_id	G5100910	create_custom_building_from_spec	weather_file_name=G5100910.epw
county_id	G5100930	create_custom_building_from_spec	weather_file_name=G5100930.epw
county_id	G5100950	create_custom_building_from_spec	weather_file_name=G5100950.epw
county_id	G5100970	create_custom_building_from_spec	weather_file_name=G5100970.epw
county_id	G5100990	create_custom_building_from_spec	weather_file_name=G5100990.epw
county_id	G5101010	create_custom_building_from_spec	weather_file_name=G5101010.epw
county_id	G5101030	create_custom_building_from_spec	weather_file_name=G5101030.epw
county_id	G5101050	create_custom_building_from_spec	weather_file_name=G5101050.epw
county_id	G5101070	create_custom_building_from_spec	weather_file_name=G5101070.epw
county_id	G5101090	create_custom_building_from_spec	weather_file_name=G5101090.epw
county_id	G5101110	create_custom_building_from_spec	weather_file_name=G5101110.epw
county_id	G5101130	create_custom_building_from_spec	weather_file_name=G5101130.epw
county_id	G5101150	create_custom_building_from_spec	weather_file_name=G5101150.epw
county_id	G5101170	create_custom_building_from_spec	weather_file_name=G5101170.epw
county_id	G5101190	create_custom_building_from_spec	weather_file_name=G5101190.epw
county_id	G5101210	create_custom_building_from_spec	weather_file_name=G5101210.epw
county_id	G5101250	create_custom_building_from_spec	weather_file_name=G5101250.epw
county_id	G5101270	create_custom_building_from_spec	weather_file_name=G5101270.epw
county_id	G5101310	create_custom_building_from_spec	weather_file_name=G5101310.epw
county_id	G5101330	create_custom_building_from_spec	weather_file_name=G5101330.epw
county_id	G5101350	create_custom_building_from_spec	weather_file_name=G5101350.epw
county_id	G5101370	create_custom_building_from_spec	weather_file_name=G5101370.epw
county_id	G5101390	create_custom_building_from_spec	weather_file_name=G5101390.epw
county_id	G5101410	create_custom_building_from_spec	weather_file_name=G5101410.epw
county_id	G5101430	create_custom_building_from_spec	weather_file_name=G5101430.epw
county_id	G5101450	create_custom_building_from_spec	weather_file_name=G5101450.epw
county_id	G5101470	create_custom_building_from_spec	weather_file_name=G5101470.epw
county_id	G5101490	create_custom_building_from_spec	weather_file_name=G5101490.epw
county_id	G5101530	create_custom_building_from_spec	weather_file_name=G5101530.epw
county_id	G5101550	create_custom_building_from_spec	weather_file_name=G5101550.epw
county_id	G5101570	create_custom_building_from_spec	weather_file_name=G5101570.epw
county_id	G5101590	create_custom_building_from_spec	weather_file_name=G5101590.epw
county_id	G5101610	create_custom_building_from_spec	weather_file_name=G5101610.epw
county_id	G5101630	create_custom_building_from_spec	weather_file_name=G5101630.epw
county_id	G5101650	create_custom_building_from_spec	weather_file_name=G5101650.epw
county_id	G5101670	create_custom_building_from_spec	weather_file_name=G5101670.epw
county_id	G5101690	create_custom_building_from_spec	weather_file_name=G5101690.epw
county_id	G5101710	create_custom_building_from_spec	weather_file_name=G5101710.epw
county_id	G5101730	create_custom_building_from_spec	weather_file_name=G5101730.epw
county_id	G5101750	create_custom_building_from_spec	weather_file_name=G5101750.epw
county_id	G5101770	create_custom_building_from_spec	weather_file_name=G5101770.epw
county_id	G5101790	create_custom_building_from_spec	weather_file_name=G5101790.epw
county_id	G5101810	create_custom_building_from_spec	weather_file_name=G5101810.epw
county_id	G5101830	create_custom_building_from_spec	weather_file_name=G5101830.epw
county_id	G5101850	create_custom_building_from_spec	weather_file_name=G5101850.epw
county_id	G5101870	create_custom_building_from_spec	weather_file_name=G5101870.epw
county_id	G5101910	create_custom_building_from_spec	weather_file_name=G5101910.epw
county_id	G5101930	create_custom_building_from_spec	weather_file_name=G5101930.epw
county_id	G5101950	create_custom_building_from_spec	weather_file_name=G5101950.epw
county_id	G5101970	create_custom_building_from_spec	weather_file_name=G5101970.epw
county_id	G5101990	create_custom_building_from_spec	weather_file_name=G5101990.epw
county_id	G5105100	create_custom_building_from_spec	weather_file_name=G5105100.epw
county_id	G5105150	create_custom_building_from_spec	weather_file_name=G5105100.epw
county_id	G5105200	create_custom_building_from_spec	weather_file_name=G5105200.epw
county_id	G5105300	create_custom_building_from_spec	weather_file_name=G5105300.epw
county_id	G5105400	create_custom_building_from_spec	weather_file_name=G5105400.epw
county_id	G5105500	create_custom_building_from_spec	weather_file_name=G5105500.epw
county_id	G5105700	create_custom_building_from_spec	weather_file_name=G5105700.epw
county_id	G5105800	create_custom_building_from_spec	weather_file_name=G5105800.epw
county_id	G5105900	create_custom_building_from_spec	weather_file_name=G5105900.epw
county_id	G5105950	create_custom_building_from_spec	weather_file_name=G5105900.epw
county_id	G5106000	create_custom_building_from_spec	weather_file_name=G5106000.epw
county_id	G5106100	create_custom_building_from_spec	weather_file_name=G5106100.epw
county_id	G5106200	create_custom_building_from_spec	weather_file_name=G5106200.epw
county_id	G5106300	create_custom_building_from_spec	weather_file_name=G5106300.epw
county_id	G5106400	create_custom_building_from_spec	weather_file_name=G5106400.epw
county_id	G5106500	create_custom_building_from_spec	weather_file_name=G5106500.epw
county_id	G5106600	create_custom_building_from_spec	weather_file_name=G5106600.epw
county_id	G5106700	create_custom_building_from_spec	weather_file_name=G5106700.epw
county_id	G5106780	create_custom_building_from_spec	weather_file_name=G5106780.epw
county_id	G5106800	create_custom_building_from_spec	weather_file_name=G5106800.epw
county_id	G5106830	create_custom_building_from_spec	weather_file_name=G5106830.epw
county_id	G5106850	create_custom_building_from_spec	weather_file_name=G5106850.epw
county_id	G5106900	create_custom_building_from_spec	weather_file_name=G5106900.epw
county_id	G5107000	create_custom_building_from_spec	weather_file_name=G5107000.epw
county_id	G5107100	create_custom_building_from_spec	weather_file_name=G5107100.epw
county_id	G5107200	create_custom_building_from_spec	weather_file_name=G5107200.epw
county_id	G5107300	create_custom_building_from_spec	weather_file_name=G5107300.epw
county_id	G5107350	create_custom_building_from_spec	weather_file_name=G5107350.epw
county_id	G5107400	create_custom_building_from_spec	weather_file_name=G5107400.epw
county_id	G5107500	create_custom_building_from_spec	weather_file_name=G5107500.epw
county_id	G5107600	create_custom_building_from_spec	weather_file_name=G5107600.epw
county_id	G5107700	create_custom_building_from_spec	weather_file_name=G5107700.epw
county_id	G5107750	create_custom_building_from_spec	weather_file_name=G5107750.epw
county_id	G5107900	create_custom_building_from_spec	weather_file_name=G5107900.epw
county_id	G5108000	create_custom_building_from_spec	weather_file_name=G5108000.epw
county_id	G5108100	create_custom_building_from_spec	weather_file_name=G5108100.epw
county_id	G5108200	create_custom_building_from_spec	weather_file_name=G5108200.epw
county_id	G5108300	create_custom_building_from_spec	weather_file_name=G5108300.epw
county_id	G5108400	create_custom_building_from_spec	weather_file_name=G5108400.epw
county_id	G5300010	create_custom_building_from_spec	weather_file_name=G5300010.epw
county_id	G5300030	create_custom_building_from_spec	weather_file_name=G5300030.epw
county_id	G5300050	create_custom_building_from_spec	weather_file_name=G5300050.epw
county_id	G5300070	create_custom_building_from_spec	weather_file_name=G5300070.epw
county_id	G5300090	create_custom_building_from_spec	weather_file_name=G5300090.epw
county_id	G5300110	create_custom_building_from_spec	weather_file_name=G5300110.epw
county_id	G5300130	create_custom_building_from_spec	weather_file_name=G5300130.epw
county_id	G5300150	create_custom_building_from_spec	weather_file_name=G5300150.epw
county_id	G5300170	create_custom_building_from_spec	weather_file_name=G5300170.epw
county_id	G5300190	create_custom_building_from_spec	weather_file_name=G5300190.epw
county_id	G5300210	create_custom_building_from_spec	weather_file_name=G5300210.epw
county_id	G5300230	create_custom_building_from_spec	weather_file_name=G5300250.epw
county_id	G5300250	create_custom_building_from_spec	weather_file_name=G5300250.epw
county_id	G5300270	create_custom_building_from_spec	weather_file_name=G5300270.epw
county_id	G5300290	create_custom_building_from_spec	weather_file_name=G5300290.epw
county_id	G5300310	create_custom_building_from_spec	weather_file_name=G5300310.epw
county_id	G5300330	create_custom_building_from_spec	weather_file_name=G5300330.epw
county_id	G5300350	create_custom_building_from_spec	weather_file_name=G5300350.epw
county_id	G5300370	create_custom_building_from_spec	weather_file_name=G5300370.epw
county_id	G5300390	create_custom_building_from_spec	weather_file_name=G5300390.epw
county_id	G5300410	create_custom_building_from_spec	weather_file_name=G5300410.epw
county_id	G5300430	create_custom_building_from_spec	weather_file_name=G5300430.epw
county_id	G5300450	create_custom_building_from_spec	weather_file_name=G5300450.epw
county_id	G5300470	create_custom_building_from_spec	weather_file_name=G5300470.epw
county_id	G5300490	create_custom_building_from_spec	weather_file_name=G5300490.epw
county_id	G5300510	create_custom_building_from_spec	weather_file_name=G5300510.epw
county_id	G5300530	create_custom_building_from_spec	weather_file_name=G5300530.epw
county_id	G5300550	create_custom_building_from_spec	weather_file_name=G5300550.epw
county_id	G5300570	create_custom_building_from_spec	weather_file_name=G5300570.epw
county_id	G5300590	create_custom_building_from_spec	weather_file_name=G5300590.epw
county_id	G5300610	create_custom_building_from_spec	weather_file_name=G5300610.epw
county_id	G5300630	create_custom_building_from_spec	weather_file_name=G5300630.epw
county_id	G5300650	create_custom_building_from_spec	weather_file_name=G5300650.epw
county_id	G5300670	create_custom_building_from_spec	weather_file_name=G5300670.epw
county_id	G5300690	create_custom_building_from_spec	weather_file_name=G5300690.epw
county_id	G5300710	create_custom_building_from_spec	weather_file_name=G5300710.epw
county_id	G5300730	create_custom_building_from_spec	weather_file_name=G5300730.epw
county_id	G5300750	create_custom_building_from_spec	weather_file_name=G5300750.epw
county_id	G5300770	create_custom_building_from_spec	weather_file_name=G5300770.epw
county_id	G5400010	create_custom_building_from_spec	weather_file_name=G5400010.epw
county_id	G5400030	create_custom_building_from_spec	weather_file_name=G5400030.epw
county_id	G5400050	create_custom_building_from_spec	weather_file_name=G5400050.epw
county_id	G5400070	create_custom_building_from_spec	weather_file_name=G5400070.epw
county_id	G5400090	create_custom_building_from_spec	weather_file_name=G5400090.epw
county_id	G5400110	create_custom_building_from_spec	weather_file_name=G5400110.epw
county_id	G5400130	create_custom_building_from_spec	weather_file_name=G5400130.epw
county_id	G5400150	create_custom_building_from_spec	weather_file_name=G5400150.epw
county_id	G5400170	create_custom_building_from_spec	weather_file_name=G5400170.epw
county_id	G5400190	create_custom_building_from_spec	weather_file_name=G5400190.epw
county_id	G5400210	create_custom_building_from_spec	weather_file_name=G5400210.epw
county_id	G5400230	create_custom_building_from_spec	weather_file_name=G5400230.epw
county_id	G5400250	create_custom_building_from_spec	weather_file_name=G5400250.epw
county_id	G5400270	create_custom_building_from_spec	weather_file_name=G5400270.epw
county_id	G5400290	create_custom_building_from_spec	weather_file_name=G5400290.epw
county_id	G5400310	create_custom_building_from_spec	weather_file_name=G5400310.epw
county_id	G5400330	create_custom_building_from_spec	weather_file_name=G5400330.epw
county_id	G5400350	create_custom_building_from_spec	weather_file_name=G5400350.epw
county_id	G5400370	create_custom_building_from_spec	weather_file_name=G5400370.epw
county_id	G5400390	create_custom_building_from_spec	weather_file_name=G5400390.epw
county_id	G5400410	create_custom_building_from_spec	weather_file_name=G5400410.epw
county_id	G5400430	create_custom_building_from_spec	weather_file_name=G5400430.epw
county_id	G5400450	create_custom_building_from_spec	weather_file_name=G5400450.epw
county_id	G5400470	create_custom_building_from_spec	weather_file_name=G5400470.epw
county_id	G5400490	create_custom_building_from_spec	weather_file_name=G5400490.epw
county_id	G5400510	create_custom_building_from_spec	weather_file_name=G5400510.epw
county_id	G5400530	create_custom_building_from_spec	weather_file_name=G5400530.epw
county_id	G5400550	create_custom_building_from_spec	weather_file_name=G5400550.epw
county_id	G5400570	create_custom_building_from_spec	weather_file_name=G5400570.epw
county_id	G5400590	create_custom_building_from_spec	weather_file_name=G5400590.epw
county_id	G5400610	create_custom_building_from_spec	weather_file_name=G5400610.epw
county_id	G5400630	create_custom_building_from_spec	weather_file_name=G5400630.epw
county_id	G5400650	create_custom_building_from_spec	weather_file_name=G5400650.epw
county_id	G5400670	create_custom_building_from_spec	weather_file_name=G5400670.epw
county_id	G5400690	create_custom_building_from_spec	weather_file_name=G5400690.epw
county_id	G5400710	create_custom_building_from_spec	weather_file_name=G5400710.epw
county_id	G5400730	create_custom_building_from_spec	weather_file_name=G5400730.epw
county_id	G5400750	create_custom_building_from_spec	weather_file_name=G5400750.epw
county_id	G5400770	create_custom_building_from_spec	weather_file_name=G5400770.epw
county_id	G5400790	create_custom_building_from_spec	weather_file_name=G5400790.epw
county_id	G5400810	create_custom_building_from_spec	weather_file_name=G5400810.epw
county_id	G5400830	create_custom_building_from_spec	weather_file_name=G5400830.epw
county_id	G5400850	create_custom_building_from_spec	weather_file_name=G5400850.epw
county_id	G5400870	create_custom_building_from_spec	weather_file_name=G5400870.epw
county_id	G5400890	create_custom_building_from_spec	weather_file_name=G5400890.epw
county_id	G5400910	create_custom_building_from_spec	weather_file_name=G5400910.epw
county_id	G5400930	create_custom_building_from_spec	weather_file_name=G5400930.epw
county_id	G5400950	create_custom_building_from_spec	weather_file_name=G5400950.epw
county_id	G5400970	create_custom_building_from_spec	weather_file_name=G5400970.epw
county_id	G5400990	create_custom_building_from_spec	weather_file_name=G5400990.epw
county_id	G5401010	create_custom_building_from_spec	weather_file_name=G5401010.epw
county_id	G5401030	create_custom_building_from_spec	weather_file_name=G5401030.epw
county_id	G5401050	create_custom_building_from_spec	weather_file_name=G5401050.epw
county_id	G5401070	create_custom_building_from_spec	weather_file_name=G5401070.epw
county_id	G5401090	create_custom_building_from_spec	weather_file_name=G5401090.epw
county_id	G5500010	create_custom_building_from_spec	weather_file_name=G5500010.epw
county_id	G5500030	create_custom_building_from_spec	weather_file_name=G5500030.epw
county_id	G5500050	create_custom_building_from_spec	weather_file_name=G5500050.epw
county_id	G5500070	create_custom_building_from_spec	weather_file_name=G5500070.epw
county_id	G5500090	create_custom_building_from_spec	weather_file_name=G5500090.epw
county_id	G5500110	create_custom_building_from_spec	weather_file_name=G5500110.epw
county_id	G5500130	create_custom_building_from_spec	weather_file_name=G5500130.epw
county_id	G5500150	create_custom_building_from_spec	weather_file_name=G5500150.epw
county_id	G5500170	create_custom_building_from_spec	weather_file_name=G5500170.epw
county_id	G5500190	create_custom_building_from_spec	weather_file_name=G5500190.epw
county_id	G5500210	create_custom_building_from_spec	weather_file_name=G5500210.epw
county_id	G5500230	create_custom_building_from_spec	weather_file_name=G5500230.epw
county_id	G5500250	create_custom_building_from_spec	weather_file_name=G5500250.epw
county_id	G5500270	create_custom_building_from_spec	weather_file_name=G5500270.epw
county_id	G5500290	create_custom_building_from_spec	weather_file_name=G5500290.epw
county_id	G5500310	create_custom_building_from_spec	weather_file_name=G5500310.epw
county_id	G5500330	create_custom_building_from_spec	weather_file_name=G5500330.epw
county_id	G5500350	create_custom_building_from_spec	weather_file_name=G5500350.epw
county_id	G5500370	create_custom_building_from_spec	weather_file_name=G5500370.epw
county_id	G5500390	create_custom_building_from_spec	weather_file_name=G5500390.epw
county_id	G5500410	create_custom_building_from_spec	weather_file_name=G5500410.epw
county_id	G5500430	create_custom_building_from_spec	weather_file_name=G5500430.epw
county_id	G5500450	create_custom_building_from_spec	weather_file_name=G5500450.epw
county_id	G5500470	create_custom_building_from_spec	weather_file_name=G5500470.epw
county_id	G5500490	create_custom_building_from_spec	weather_file_name=G5500490.epw
county_id	G5500510	create_custom_building_from_spec	weather_file_name=G5500510.epw
county_id	G5500530	create_custom_building_from_spec	weather_file_name=G5500530.epw
county_id	G5500550	create_custom_building_from_spec	weather_file_name=G5500550.epw
county_id	G5500570	create_custom_building_from_spec	weather_file_name=G5500570.epw
county_id	G5500590	create_custom_building_from_spec	weather_file_name=G5500590.epw
county_id	G5500610	create_custom_building_from_spec	weather_file_name=G5500610.epw
county_id	G5500630	create_custom_building_from_spec	weather_file_name=G5500630.epw
county_id	G5500650	create_custom_building_from_spec	weather_file_name=G5500650.epw
county_id	G5500670	create_custom_building_from_spec	weather_file_name=G5500670.epw
county_id	G5500690	create_custom_building_from_spec	weather_file_name=G5500690.epw
county_id	G5500710	create_custom_building_from_spec	weather_file_name=G5500710.epw
county_id	G5500730	create_custom_building_from_spec	weather_file_name=G5500730.epw
county_id	G5500750	create_custom_building_from_spec	weather_file_name=G5500750.epw
county_id	G5500770	create_custom_building_from_spec	weather_file_name=G5500770.epw
county_id	G5500780	create_custom_building_from_spec	weather_file_name=G5500770.epw
county_id	G5500790	create_custom_building_from_spec	weather_file_name=G5500790.epw
county_id	G5500810	create_custom_building_from_spec	weather_file_name=G5500810.epw
county_id	G5500830	create_custom_building_from_spec	weather_file_name=G5500830.epw
county_id	G5500850	create_custom_building_from_spec	weather_file_name=G5500850.epw
county_id	G5500870	create_custom_building_from_spec	weather_file_name=G5500870.epw
county_id	G5500890	create_custom_building_from_spec	weather_file_name=G5500890.epw
county_id	G5500910	create_custom_building_from_spec	weather_file_name=G5500910.epw
county_id	G5500930	create_custom_building_from_spec	weather_file_name=G5500930.epw
county_id	G5500950	create_custom_building_from_spec	weather_file_name=G5500950.epw
county_id	G5500970	create_custom_building_from_spec	weather_file_name=G5500970.epw
county_id	G5500990	create_custom_building_from_spec	weather_file_name=G5500990.epw
county_id	G5501010	create_custom_building_from_spec	weather_file_name=G5501010.epw
county_id	G5501030	create_custom_building_from_spec	weather_file_name=G5501030.epw
county_id	G5501050	create_custom_building_from_spec	weather_file_name=G5501050.epw
county_id	G5501070	create_custom_building_from_spec	weather_file_name=G5501070.epw
county_id	G5501090	create_custom_building_from_spec	weather_file_name=G5501090.epw
county_id	G5501110	create_custom_building_from_spec	weather_file_name=G5501110.epw
county_id	G5501130	create_custom_building_from_spec	weather_file_name=G5501130.epw
county_id	G5501150	create_custom_building_from_spec	weather_file_name=G5501150.epw
county_id	G5501170	create_custom_building_from_spec	weather_file_name=G5501170.epw
county_id	G5501190	create_custom_building_from_spec	weather_file_name=G5501190.epw
county_id	G5501210	create_custom_building_from_spec	weather_file_name=G5501210.epw
county_id	G5501230	create_custom_building_from_spec	weather_file_name=G5501230.epw
county_id	G5501250	create_custom_building_from_spec	weather_file_name=G5501250.epw
county_id	G5501270	create_custom_building_from_spec	weather_file_name=G5501270.epw
county_id	G5501290	create_custom_building_from_spec	weather_file_name=G5501290.epw
county_id	G5501310	create_custom_building_from_spec	weather_file_name=G5501310.epw
county_id	G5501330	create_custom_building_from_spec	weather_file_name=G5501330.epw
county_id	G5501350	create_custom_building_from_spec	weather_file_name=G5501350.epw
county_id	G5501370	create_custom_building_from_spec	weather_file_name=G5501370.epw
county_id	G5501390	create_custom_building_from_spec	weather_file_name=G5501390.epw
county_id	G5501410	create_custom_building_from_spec	weather_file_name=G5501410.epw
county_id	G5600010	create_custom_building_from_spec	weather_file_name=G5600010.epw
county_id	G5600030	create_custom_building_from_spec	weather_file_name=G5600030.epw
county_id	G5600050	create_custom_building_from_spec	weather_file_name=G5600050.epw
county_id	G5600070	create_custom_building_from_spec	weather_file_name=G5600070.epw
county_id	G5600090	create_custom_building_from_spec	weather_file_name=G5600090.epw
county_id	G5600110	create_custom_building_from_spec	weather_file_name=G5600110.epw
county_id	G5600130	create_custom_building_from_spec	weather_file_name=G5600130.epw
county_id	G5600150	create_custom_building_from_spec	weather_file_name=G5600150.epw
county_id	G5600170	create_custom_building_from_spec	weather_file_name=G5600170.epw
county_id	G5600190	create_custom_building_from_spec	weather_file_name=G5600190.epw
county_id	G5600210	create_custom_building_from_spec	weather_file_name=G5600210.epw
county_id	G5600230	create_custom_building_from_spec	weather_file_name=G5600230.epw
county_id	G5600250	create_custom_building_from_spec	weather_file_name=G5600250.epw
county_id	G5600270	create_custom_building_from_spec	weather_file_name=G5600270.epw
county_id	G5600290	create_custom_building_from_spec	weather_file_name=G5600290.epw
county_id	G5600310	create_custom_building_from_spec	weather_file_name=G5600310.epw
county_id	G5600330	create_custom_building_from_spec	weather_file_name=G5600330.epw
county_id	G5600350	create_custom_building_from_spec	weather_file_name=G5600350.epw
county_id	G5600370	create_custom_building_from_spec	weather_file_name=G5600370.epw
county_id	G5600390	create_custom_building_from_spec	weather_file_name=G5600390.epw
county_id	G5600410	create_custom_building_from_spec	weather_file_name=G5600410.epw
county_id	G5600430	create_custom_building_from_spec	weather_file_name=G5600430.epw
county_id	G5600450	create_custom_building_from_spec	weather_file_name=G5600450.epw
year_of_simulation	2012	simulation_settings	calendar_year=2012	jan_first_day_of_wk=Sunday	end_day=30
		create_custom_building_from_spec	year=12
		add_blinds_to_selected_windows	add_blinds=true
		set_space_type_load_subcategories
year_of_simulation	2015	simulation_settings	calendar_year=2015	jan_first_day_of_wk=Thursday	end_day=31
		create_custom_building_from_spec	year=15
		add_blinds_to_selected_windows	add_blinds=true
		set_space_type_load_subcategories
year_of_simulation	2016	simulation_settings	calendar_year=2016	jan_first_day_of_wk=Friday	end_day=30
		create_custom_building_from_spec	year=16
		add_blinds_to_selected_windows	add_blinds=true
		set_space_type_load_subcategories
year_of_simulation	2017	simulation_settings	calendar_year=2017	jan_first_day_of_wk=Sunday	end_day=31
		create_custom_building_from_spec	year=17
		add_blinds_to_selected_windows	add_blinds=true
		set_space_type_load_subcategories
year_of_simulation	2018	simulation_settings	calendar_year=2018	jan_first_day_of_wk=Monday	end_day=31
		create_custom_building_from_spec	year=18
		add_blinds_to_selected_windows	add_blinds=true
		set_space_type_load_subcategories
year_of_simulation	2019	simulation_settings	calendar_year=2019	jan_first_day_of_wk=Tuesday	end_day=31
		create_custom_building_from_spec	year=19
		add_blinds_to_selected_windows	add_blinds=true
		set_space_type_load_subcategories
year_of_simulation	2020	simulation_settings	calendar_year=2020	jan_first_day_of_wk=Wednesday	end_day=30
		create_custom_building_from_spec	year=20
		add_blinds_to_selected_windows	add_blinds=true
		set_space_type_load_subcategories
building_type	secondary_school	create_custom_building_from_spec	bldg_type_a=SecondarySchool	bldg_type_a_num_units=1	bldg_type_b=SecondarySchool	bldg_subtype_b=NA	bldg_type_b_fract_bldg_area=0	bldg_type_b_num_units=1	bldg_type_c=SecondarySchool	bldg_subtype_c=NA	bldg_type_c_fract_bldg_area=0	bldg_type_c_num_units=1	bldg_type_d=SecondarySchool	bldg_subtype_d=NA	bldg_type_d_fract_bldg_area=0	bldg_type_d_num_units=1	num_stories_below_grade=0	party_wall_fraction=0	story_multiplier=None	bar_division_method=Multiple Space Types - Individual Stories Sliced	party_wall_stories_north=0	party_wall_stories_south=0	party_wall_stories_east=0	party_wall_stories_west=0	bottom_story_ground_exposed_floor=true	top_story_exterior_exposed_roof=true	make_mid_story_surfaces_adiabatic=true	single_floor_area=0	use_upstream_args=false	neighbor_height_north=0	neighbor_height_south=0	neighbor_height_east=0	neighbor_height_west=0	floor_height=0	neighbor_height_method=Absolute	building_height_relative_to_neighbors=0	neighbor_offset_north=0	neighbor_offset_south=0	neighbor_offset_east=0	neighbor_offset_west=0	custom_height_bar=true	perim_mult=0.0	bar_width=0.0	bar_sep_dist_mult=10.0	double_loaded_corridor=Primary Space Type	space_type_sort_logic=Building Type > Size
building_type	primary_school	create_custom_building_from_spec	bldg_type_a=PrimarySchool	bldg_type_a_num_units=1	bldg_type_b=PrimarySchool	bldg_subtype_b=NA	bldg_type_b_fract_bldg_area=0	bldg_type_b_num_units=1	bldg_type_c=PrimarySchool	bldg_subtype_c=NA	bldg_type_c_fract_bldg_area=0	bldg_type_c_num_units=1	bldg_type_d=PrimarySchool	bldg_subtype_d=NA	bldg_type_d_fract_bldg_area=0	bldg_type_d_num_units=1	num_stories_below_grade=0	party_wall_fraction=0	story_multiplier=None	bar_division_method=Multiple Space Types - Individual Stories Sliced	party_wall_stories_north=0	party_wall_stories_south=0	party_wall_stories_east=0	party_wall_stories_west=0	bottom_story_ground_exposed_floor=true	top_story_exterior_exposed_roof=true	make_mid_story_surfaces_adiabatic=true	single_floor_area=0	use_upstream_args=false	neighbor_height_north=0	neighbor_height_south=0	neighbor_height_east=0	neighbor_height_west=0	floor_height=0	neighbor_height_method=Absolute	building_height_relative_to_neighbors=0	neighbor_offset_north=0	neighbor_offset_south=0	neighbor_offset_east=0	neighbor_offset_west=0	custom_height_bar=true	perim_mult=0.0	bar_width=0.0	bar_sep_dist_mult=10.0	double_loaded_corridor=Primary Space Type	space_type_sort_logic=Building Type > Size
building_type	small_office	create_custom_building_from_spec	bldg_type_a=SmallOffice	bldg_type_a_num_units=1	bldg_type_b=SmallOffice	bldg_subtype_b=NA	bldg_type_b_fract_bldg_area=0	bldg_type_b_num_units=1	bldg_type_c=SmallOffice	bldg_subtype_c=NA	bldg_type_c_fract_bldg_area=0	bldg_type_c_num_units=1	bldg_type_d=SmallOffice	bldg_subtype_d=NA	bldg_type_d_fract_bldg_area=0	bldg_type_d_num_units=1	num_stories_below_grade=0	party_wall_fraction=0	story_multiplier=None	bar_division_method=Multiple Space Types - Individual Stories Sliced	party_wall_stories_north=0	party_wall_stories_south=0	party_wall_stories_east=0	party_wall_stories_west=0	bottom_story_ground_exposed_floor=true	top_story_exterior_exposed_roof=true	make_mid_story_surfaces_adiabatic=true	single_floor_area=0	use_upstream_args=false	neighbor_height_north=0	neighbor_height_south=0	neighbor_height_east=0	neighbor_height_west=0	floor_height=0	neighbor_height_method=Absolute	building_height_relative_to_neighbors=0	neighbor_offset_north=0	neighbor_offset_south=0	neighbor_offset_east=0	neighbor_offset_west=0	custom_height_bar=true	perim_mult=0.0	bar_width=0.0	bar_sep_dist_mult=10.0	double_loaded_corridor=Primary Space Type	space_type_sort_logic=Building Type > Size
building_type	medium_office	create_custom_building_from_spec	bldg_type_a=MediumOffice	bldg_subtype_a=NA	bldg_type_a_num_units=1	bldg_type_b_num_units=1	bldg_type_c=MediumOffice	bldg_subtype_c=NA	bldg_type_c_fract_bldg_area=0	bldg_type_c_num_units=1	bldg_type_d=MediumOffice	bldg_subtype_d=NA	bldg_type_d_fract_bldg_area=0	bldg_type_d_num_units=1	num_stories_below_grade=0	party_wall_fraction=0	story_multiplier=None	bar_division_method=Multiple Space Types - Individual Stories Sliced	party_wall_stories_north=0	party_wall_stories_south=0	party_wall_stories_east=0	party_wall_stories_west=0	bottom_story_ground_exposed_floor=true	top_story_exterior_exposed_roof=true	make_mid_story_surfaces_adiabatic=true	single_floor_area=0	use_upstream_args=false	neighbor_height_north=0	neighbor_height_south=0	neighbor_height_east=0	neighbor_height_west=0	floor_height=0	neighbor_height_method=Absolute	building_height_relative_to_neighbors=0	neighbor_offset_north=0	neighbor_offset_south=0	neighbor_offset_east=0	neighbor_offset_west=0	custom_height_bar=true	perim_mult=0.0	bar_width=0.0	bar_sep_dist_mult=10.0	double_loaded_corridor=Primary Space Type	space_type_sort_logic=Building Type > Size
building_type	large_office	create_custom_building_from_spec	bldg_type_a=LargeOffice	bldg_type_a_num_units=1	bldg_type_b=LargeOffice	bldg_subtype_b=NA	bldg_type_b_fract_bldg_area=0	bldg_type_b_num_units=1	bldg_type_c=LargeOffice	bldg_subtype_c=NA	bldg_type_c_fract_bldg_area=0	bldg_type_c_num_units=1	bldg_type_d=LargeOffice	bldg_subtype_d=NA	bldg_type_d_fract_bldg_area=0	bldg_type_d_num_units=1	num_stories_below_grade=0	party_wall_fraction=0	story_multiplier=None	bar_division_method=Multiple Space Types - Individual Stories Sliced	party_wall_stories_north=0	party_wall_stories_south=0	party_wall_stories_east=0	party_wall_stories_west=0	bottom_story_ground_exposed_floor=true	top_story_exterior_exposed_roof=true	make_mid_story_surfaces_adiabatic=true	single_floor_area=0	use_upstream_args=false	neighbor_height_north=0	neighbor_height_south=0	neighbor_height_east=0	neighbor_height_west=0	floor_height=0	neighbor_height_method=Absolute	building_height_relative_to_neighbors=0	neighbor_offset_north=0	neighbor_offset_south=0	neighbor_offset_east=0	neighbor_offset_west=0	custom_height_bar=true	perim_mult=0.0	bar_width=0.0	bar_sep_dist_mult=10.0	double_loaded_corridor=Primary Space Type	space_type_sort_logic=Building Type > Size
building_type	small_hotel	create_custom_building_from_spec	bldg_type_a=SmallHotel	bldg_type_a_num_units=1	bldg_type_b=SmallHotel	bldg_subtype_b=NA	bldg_type_b_fract_bldg_area=0	bldg_type_b_num_units=1	bldg_type_c=SmallHotel	bldg_subtype_c=NA	bldg_type_c_fract_bldg_area=0	bldg_type_c_num_units=1	bldg_type_d=SmallHotel	bldg_subtype_d=NA	bldg_type_d_fract_bldg_area=0	bldg_type_d_num_units=1	num_stories_below_grade=0	party_wall_fraction=0	story_multiplier=None	bar_division_method=Multiple Space Types - Individual Stories Sliced	party_wall_stories_north=0	party_wall_stories_south=0	party_wall_stories_east=0	party_wall_stories_west=0	bottom_story_ground_exposed_floor=true	top_story_exterior_exposed_roof=true	make_mid_story_surfaces_adiabatic=true	single_floor_area=0	use_upstream_args=false	neighbor_height_north=0	neighbor_height_south=0	neighbor_height_east=0	neighbor_height_west=0	floor_height=0	neighbor_height_method=Absolute	building_height_relative_to_neighbors=0	neighbor_offset_north=0	neighbor_offset_south=0	neighbor_offset_east=0	neighbor_offset_west=0	custom_height_bar=true	perim_mult=0.0	bar_width=0.0	bar_sep_dist_mult=10.0	double_loaded_corridor=Primary Space Type	space_type_sort_logic=Building Type > Size
building_type	large_hotel	create_custom_building_from_spec	bldg_type_a=LargeHotel	bldg_type_a_num_units=1	bldg_type_b=LargeHotel	bldg_subtype_b=NA	bldg_type_b_fract_bldg_area=0	bldg_type_b_num_units=1	bldg_type_c=LargeHotel	bldg_subtype_c=NA	bldg_type_c_fract_bldg_area=0	bldg_type_c_num_units=1	bldg_type_d=LargeHotel	bldg_subtype_d=NA	bldg_type_d_fract_bldg_area=0	bldg_type_d_num_units=1	num_stories_below_grade=0	party_wall_fraction=0	story_multiplier=None	bar_division_method=Multiple Space Types - Individual Stories Sliced	party_wall_stories_north=0	party_wall_stories_south=0	party_wall_stories_east=0	party_wall_stories_west=0	bottom_story_ground_exposed_floor=true	top_story_exterior_exposed_roof=true	make_mid_story_surfaces_adiabatic=true	single_floor_area=0	use_upstream_args=false	neighbor_height_north=0	neighbor_height_south=0	neighbor_height_east=0	neighbor_height_west=0	floor_height=0	neighbor_height_method=Absolute	building_height_relative_to_neighbors=0	neighbor_offset_north=0	neighbor_offset_south=0	neighbor_offset_east=0	neighbor_offset_west=0	custom_height_bar=true	perim_mult=0.0	bar_width=0.0	bar_sep_dist_mult=10.0	double_loaded_corridor=Primary Space Type	space_type_sort_logic=Building Type > Size
building_type	warehouse	create_custom_building_from_spec	bldg_type_a=Warehouse	bldg_type_a_num_units=1	bldg_type_b=Warehouse	bldg_subtype_b=NA	bldg_type_b_fract_bldg_area=0	bldg_type_b_num_units=1	bldg_type_c=Warehouse	bldg_subtype_c=NA	bldg_type_c_fract_bldg_area=0	bldg_type_c_num_units=1	bldg_type_d=Warehouse	bldg_subtype_d=NA	bldg_type_d_fract_bldg_area=0	bldg_type_d_num_units=1	num_stories_below_grade=0	party_wall_fraction=0	story_multiplier=None	bar_division_method=Multiple Space Types - Individual Stories Sliced	party_wall_stories_north=0	party_wall_stories_south=0	party_wall_stories_east=0	party_wall_stories_west=0	bottom_story_ground_exposed_floor=true	top_story_exterior_exposed_roof=true	make_mid_story_surfaces_adiabatic=true	single_floor_area=0	use_upstream_args=false	neighbor_height_north=0	neighbor_height_south=0	neighbor_height_east=0	neighbor_height_west=0	floor_height=0	neighbor_height_method=Absolute	building_height_relative_to_neighbors=0	neighbor_offset_north=0	neighbor_offset_south=0	neighbor_offset_east=0	neighbor_offset_west=0	custom_height_bar=true	perim_mult=0.0	bar_width=0.0	bar_sep_dist_mult=10.0	double_loaded_corridor=Primary Space Type	space_type_sort_logic=Building Type > Size
building_type	retail	create_custom_building_from_spec	bldg_type_a=RetailStandalone	bldg_type_a_num_units=1	bldg_type_b=RetailStandalone	bldg_subtype_b=NA	bldg_type_b_fract_bldg_area=0	bldg_type_b_num_units=1	bldg_type_c=RetailStandalone	bldg_subtype_c=NA	bldg_type_c_fract_bldg_area=0	bldg_type_c_num_units=1	bldg_type_d=RetailStandalone	bldg_subtype_d=NA	bldg_type_d_fract_bldg_area=0	bldg_type_d_num_units=1	num_stories_below_grade=0	party_wall_fraction=0	story_multiplier=None	bar_division_method=Multiple Space Types - Individual Stories Sliced	party_wall_stories_north=0	party_wall_stories_south=0	party_wall_stories_east=0	party_wall_stories_west=0	bottom_story_ground_exposed_floor=true	top_story_exterior_exposed_roof=true	make_mid_story_surfaces_adiabatic=true	single_floor_area=0	use_upstream_args=false	neighbor_height_north=0	neighbor_height_south=0	neighbor_height_east=0	neighbor_height_west=0	floor_height=0	neighbor_height_method=Absolute	building_height_relative_to_neighbors=0	neighbor_offset_north=0	neighbor_offset_south=0	neighbor_offset_east=0	neighbor_offset_west=0	custom_height_bar=true	perim_mult=0.0	bar_width=0.0	bar_sep_dist_mult=10.0	double_loaded_corridor=Primary Space Type	space_type_sort_logic=Building Type > Size
building_type	strip_mall	create_custom_building_from_spec	bldg_type_a=RetailStripmall	bldg_subtype_a=NA	bldg_type_a_num_units=1	bldg_subtype_b=NA	bldg_type_b_num_units=1	bldg_type_c=RetailStripmall	bldg_subtype_c=NA	bldg_type_c_fract_bldg_area=0	bldg_type_c_num_units=1	bldg_type_d=RetailStripmall	bldg_subtype_d=NA	bldg_type_d_fract_bldg_area=0	bldg_type_d_num_units=1	num_stories_below_grade=0	party_wall_fraction=0	story_multiplier=None	bar_division_method=Multiple Space Types - Individual Stories Sliced	party_wall_stories_north=0	party_wall_stories_south=0	party_wall_stories_east=0	party_wall_stories_west=0	bottom_story_ground_exposed_floor=true	top_story_exterior_exposed_roof=true	make_mid_story_surfaces_adiabatic=true	single_floor_area=0	use_upstream_args=false	neighbor_height_north=0	neighbor_height_south=0	neighbor_height_east=0	neighbor_height_west=0	floor_height=0	neighbor_height_method=Absolute	building_height_relative_to_neighbors=0	neighbor_offset_north=0	neighbor_offset_south=0	neighbor_offset_east=0	neighbor_offset_west=0	custom_height_bar=true	perim_mult=0.0	bar_width=0.0	bar_sep_dist_mult=10.0	double_loaded_corridor=Primary Space Type	space_type_sort_logic=Building Type > Size
building_type	quick_service_restaurant	create_custom_building_from_spec	bldg_type_a=QuickServiceRestaurant	bldg_type_a_num_units=1	bldg_type_b=QuickServiceRestaurant	bldg_subtype_b=NA	bldg_type_b_fract_bldg_area=0	bldg_type_b_num_units=1	bldg_type_c=QuickServiceRestaurant	bldg_subtype_c=NA	bldg_type_c_fract_bldg_area=0	bldg_type_c_num_units=1	bldg_type_d=QuickServiceRestaurant	bldg_subtype_d=NA	bldg_type_d_fract_bldg_area=0	bldg_type_d_num_units=1	num_stories_below_grade=0	party_wall_fraction=0	story_multiplier=None	bar_division_method=Multiple Space Types - Individual Stories Sliced	party_wall_stories_north=0	party_wall_stories_south=0	party_wall_stories_east=0	party_wall_stories_west=0	bottom_story_ground_exposed_floor=true	top_story_exterior_exposed_roof=true	make_mid_story_surfaces_adiabatic=true	single_floor_area=0	use_upstream_args=false	neighbor_height_north=0	neighbor_height_south=0	neighbor_height_east=0	neighbor_height_west=0	floor_height=0	neighbor_height_method=Absolute	building_height_relative_to_neighbors=0	neighbor_offset_north=0	neighbor_offset_south=0	neighbor_offset_east=0	neighbor_offset_west=0	custom_height_bar=true	perim_mult=0.0	bar_width=0.0	bar_sep_dist_mult=10.0	double_loaded_corridor=Primary Space Type	space_type_sort_logic=Building Type > Size
building_type	full_service_restaurant	create_custom_building_from_spec	bldg_type_a=FullServiceRestaurant	bldg_type_a_num_units=1	bldg_type_b=FullServiceRestaurant	bldg_subtype_b=NA	bldg_type_b_fract_bldg_area=0	bldg_type_b_num_units=1	bldg_type_c=FullServiceRestaurant	bldg_subtype_c=NA	bldg_type_c_fract_bldg_area=0	bldg_type_c_num_units=1	bldg_type_d=FullServiceRestaurant	bldg_subtype_d=NA	bldg_type_d_fract_bldg_area=0	bldg_type_d_num_units=1	num_stories_below_grade=0	party_wall_fraction=0	story_multiplier=None	bar_division_method=Multiple Space Types - Individual Stories Sliced	party_wall_stories_north=0	party_wall_stories_south=0	party_wall_stories_east=0	party_wall_stories_west=0	bottom_story_ground_exposed_floor=true	top_story_exterior_exposed_roof=true	make_mid_story_surfaces_adiabatic=true	single_floor_area=0	use_upstream_args=false	neighbor_height_north=0	neighbor_height_south=0	neighbor_height_east=0	neighbor_height_west=0	floor_height=0	neighbor_height_method=Absolute	building_height_relative_to_neighbors=0	neighbor_offset_north=0	neighbor_offset_south=0	neighbor_offset_east=0	neighbor_offset_west=0	custom_height_bar=true	perim_mult=0.0	bar_width=0.0	bar_sep_dist_mult=10.0	double_loaded_corridor=Primary Space Type	space_type_sort_logic=Building Type > Size
building_type	midrise_apartment	create_custom_building_from_spec	bldg_type_a=MidriseApartment	bldg_type_a_num_units=1	bldg_type_b=MidriseApartment	bldg_subtype_b=NA	bldg_type_b_fract_bldg_area=0	bldg_type_b_num_units=1	bldg_type_c=MidriseApartment	bldg_subtype_c=NA	bldg_type_c_fract_bldg_area=0	bldg_type_c_num_units=1	bldg_type_d=MidriseApartment	bldg_subtype_d=NA	bldg_type_d_fract_bldg_area=0	bldg_type_d_num_units=1	num_stories_below_grade=0	party_wall_fraction=0	story_multiplier=None	bar_division_method=Multiple Space Types - Individual Stories Sliced	party_wall_stories_north=0	party_wall_stories_south=0	party_wall_stories_east=0	party_wall_stories_west=0	bottom_story_ground_exposed_floor=true	top_story_exterior_exposed_roof=true	make_mid_story_surfaces_adiabatic=true	single_floor_area=0	use_upstream_args=false	neighbor_height_north=0	neighbor_height_south=0	neighbor_height_east=0	neighbor_height_west=0	floor_height=0	neighbor_height_method=Absolute	building_height_relative_to_neighbors=0	neighbor_offset_north=0	neighbor_offset_south=0	neighbor_offset_east=0	neighbor_offset_west=0	custom_height_bar=true	perim_mult=0.0	bar_width=0.0	bar_sep_dist_mult=10.0	double_loaded_corridor=Primary Space Type	space_type_sort_logic=Building Type > Size
building_type	highrise_apartment	create_custom_building_from_spec	bldg_type_a=HighriseApartment	bldg_type_a_num_units=1	bldg_type_b=HighriseApartment	bldg_subtype_b=NA	bldg_type_b_fract_bldg_area=0	bldg_type_b_num_units=1	bldg_type_c=HighriseApartment	bldg_subtype_c=NA	bldg_type_c_fract_bldg_area=0	bldg_type_c_num_units=1	bldg_type_d=HighriseApartment	bldg_subtype_d=NA	bldg_type_d_fract_bldg_area=0	bldg_type_d_num_units=1	num_stories_below_grade=0	party_wall_fraction=0	story_multiplier=None	bar_division_method=Multiple Space Types - Individual Stories Sliced	party_wall_stories_north=0	party_wall_stories_south=0	party_wall_stories_east=0	party_wall_stories_west=0	bottom_story_ground_exposed_floor=true	top_story_exterior_exposed_roof=true	make_mid_story_surfaces_adiabatic=true	single_floor_area=0	use_upstream_args=false	neighbor_height_north=0	neighbor_height_south=0	neighbor_height_east=0	neighbor_height_west=0	floor_height=0	neighbor_height_method=Absolute	building_height_relative_to_neighbors=0	neighbor_offset_north=0	neighbor_offset_south=0	neighbor_offset_east=0	neighbor_offset_west=0	custom_height_bar=true	perim_mult=0.0	bar_width=0.0	bar_sep_dist_mult=10.0	double_loaded_corridor=Primary Space Type	space_type_sort_logic=Building Type > Size
building_type	hospital	create_custom_building_from_spec	bldg_type_a=Hospital	bldg_type_a_num_units=1	bldg_type_b=Hospital	bldg_subtype_b=NA	bldg_type_b_fract_bldg_area=0	bldg_type_b_num_units=1	bldg_type_c=Hospital	bldg_subtype_c=NA	bldg_type_c_fract_bldg_area=0	bldg_type_c_num_units=1	bldg_type_d=Hospital	bldg_subtype_d=NA	bldg_type_d_fract_bldg_area=0	bldg_type_d_num_units=1	num_stories_below_grade=0	party_wall_fraction=0	story_multiplier=None	bar_division_method=Multiple Space Types - Individual Stories Sliced	party_wall_stories_north=0	party_wall_stories_south=0	party_wall_stories_east=0	party_wall_stories_west=0	bottom_story_ground_exposed_floor=true	top_story_exterior_exposed_roof=true	make_mid_story_surfaces_adiabatic=true	single_floor_area=0	use_upstream_args=false	neighbor_height_north=0	neighbor_height_south=0	neighbor_height_east=0	neighbor_height_west=0	floor_height=0	neighbor_height_method=Absolute	building_height_relative_to_neighbors=0	neighbor_offset_north=0	neighbor_offset_south=0	neighbor_offset_east=0	neighbor_offset_west=0	custom_height_bar=true	perim_mult=0.0	bar_width=0.0	bar_sep_dist_mult=10.0	double_loaded_corridor=Primary Space Type	space_type_sort_logic=Building Type > Size
building_type	outpatient	create_custom_building_from_spec	bldg_type_a=Outpatient	bldg_type_a_num_units=1	bldg_type_b=Outpatient	bldg_subtype_b=NA	bldg_type_b_fract_bldg_area=0	bldg_type_b_num_units=1	bldg_type_c=Outpatient	bldg_subtype_c=NA	bldg_type_c_fract_bldg_area=0	bldg_type_c_num_units=1	bldg_type_d=Outpatient	bldg_subtype_d=NA	bldg_type_d_fract_bldg_area=0	bldg_type_d_num_units=1	num_stories_below_grade=0	party_wall_fraction=0	story_multiplier=None	bar_division_method=Multiple Space Types - Individual Stories Sliced	party_wall_stories_north=0	party_wall_stories_south=0	party_wall_stories_east=0	party_wall_stories_west=0	bottom_story_ground_exposed_floor=true	top_story_exterior_exposed_roof=true	make_mid_story_surfaces_adiabatic=true	single_floor_area=0	use_upstream_args=false	neighbor_height_north=0	neighbor_height_south=0	neighbor_height_east=0	neighbor_height_west=0	floor_height=0	neighbor_height_method=Absolute	building_height_relative_to_neighbors=0	neighbor_offset_north=0	neighbor_offset_south=0	neighbor_offset_east=0	neighbor_offset_west=0	custom_height_bar=true	perim_mult=0.0	bar_width=0.0	bar_sep_dist_mult=10.0	double_loaded_corridor=Primary Space Type	space_type_sort_logic=Building Type > Size
building_type	grocery	create_custom_building_from_spec	bldg_type_a=SuperMarket	bldg_type_a_num_units=1	bldg_type_b=SuperMarket	bldg_subtype_b=NA	bldg_type_b_fract_bldg_area=0	bldg_type_b_num_units=1	bldg_type_c=SuperMarket	bldg_subtype_c=NA	bldg_type_c_fract_bldg_area=0	bldg_type_c_num_units=1	bldg_type_d=SuperMarket	bldg_subtype_d=NA	bldg_type_d_fract_bldg_area=0	bldg_type_d_num_units=1	num_stories_below_grade=0	party_wall_fraction=0	story_multiplier=None	bar_division_method=Multiple Space Types - Individual Stories Sliced	party_wall_stories_north=0	party_wall_stories_south=0	party_wall_stories_east=0	party_wall_stories_west=0	bottom_story_ground_exposed_floor=true	top_story_exterior_exposed_roof=true	make_mid_story_surfaces_adiabatic=true	single_floor_area=0	use_upstream_args=false	neighbor_height_north=0	neighbor_height_south=0	neighbor_height_east=0	neighbor_height_west=0	floor_height=0	neighbor_height_method=Absolute	building_height_relative_to_neighbors=0	neighbor_offset_north=0	neighbor_offset_south=0	neighbor_offset_east=0	neighbor_offset_west=0	custom_height_bar=true	perim_mult=0.0	bar_width=0.0	bar_sep_dist_mult=10.0	double_loaded_corridor=Primary Space Type	space_type_sort_logic=Building Type > Size
building_subtype	NA	create_custom_building_from_spec	bldg_subtype_a=NA
building_subtype	largeoffice_default	create_custom_building_from_spec	bldg_subtype_a=largeoffice_default
building_subtype	largeoffice_nodatacenter	create_custom_building_from_spec	bldg_subtype_a=largeoffice_nodatacenter
building_subtype	largeoffice_datacenter	create_custom_building_from_spec	bldg_subtype_a=largeoffice_datacenter
building_subtype	mediumoffice_default	create_custom_building_from_spec	bldg_type_b=MediumOffice	bldg_subtype_b=NA	bldg_type_b_fract_bldg_area=0.0
building_subtype	mediumoffice_nodatacenter	create_custom_building_from_spec	bldg_type_b=MediumOffice	bldg_subtype_b=NA	bldg_type_b_fract_bldg_area=0.0
building_subtype	mediumoffice_datacenter	create_custom_building_from_spec	bldg_type_b=LargeOffice	bldg_subtype_b=largeoffice_datacenteronly	bldg_type_b_fract_bldg_area=0.02
building_subtype	warehouse_default	create_custom_building_from_spec	bldg_subtype_a=warehouse_default
building_subtype	warehouse_bulk100	create_custom_building_from_spec	bldg_subtype_a=warehouse_bulk100
building_subtype	warehouse_fine100	create_custom_building_from_spec	bldg_subtype_a=warehouse_fine100
building_subtype	warehouse_bulk80	create_custom_building_from_spec	bldg_subtype_a=warehouse_bulk80
building_subtype	warehouse_bulk40	create_custom_building_from_spec	bldg_subtype_a=warehouse_bulk40
building_subtype	warehouse_bulk20	create_custom_building_from_spec	bldg_subtype_a=warehouse_bulk20
building_subtype	strip_mall_default	create_custom_building_from_spec	bldg_type_b=RetailStripmall	bldg_type_b_fract_bldg_area=0
building_subtype	strip_mall_restaurant0	create_custom_building_from_spec	bldg_type_b=RetailStripmall	bldg_type_b_fract_bldg_area=0.0
building_subtype	strip_mall_restaurant10	create_custom_building_from_spec	bldg_type_b=FullServiceRestaurant	bldg_type_b_fract_bldg_area=0.1
building_subtype	strip_mall_restaurant20	create_custom_building_from_spec	bldg_type_b=FullServiceRestaurant	bldg_type_b_fract_bldg_area=0.2
building_subtype	strip_mall_restaurant30	create_custom_building_from_spec	bldg_type_b=FullServiceRestaurant	bldg_type_b_fract_bldg_area=0.3
building_subtype	strip_mall_restaurant40	create_custom_building_from_spec	bldg_type_b=FullServiceRestaurant	bldg_type_b_fract_bldg_area=0.4
rotation	0	create_custom_building_from_spec	building_rotation=0
rotation	45	create_custom_building_from_spec	building_rotation=45
rotation	90	create_custom_building_from_spec	building_rotation=90
rotation	135	create_custom_building_from_spec	building_rotation=135
rotation	180	create_custom_building_from_spec	building_rotation=180
rotation	225	create_custom_building_from_spec	building_rotation=225
rotation	270	create_custom_building_from_spec	building_rotation=270
rotation	315	create_custom_building_from_spec	building_rotation=315
energy_code_followed_during_original_building_construction	ComStock DOE Ref Pre-1980	create_custom_building_from_spec	template=ComStock DOE Ref Pre-1980
		create_custom_building_from_spec	template=ComStock DOE Ref Pre-1980
		set_wall_template	as_constructed_template=ComStock DOE Ref Pre-1980
		set_roof_template	as_constructed_template=ComStock DOE Ref Pre-1980
		set_interior_equipment_template	as_constructed_template=ComStock DOE Ref Pre-1980
		set_service_water_heating_template	as_constructed_template=ComStock DOE Ref Pre-1980
		set_hvac_template	as_constructed_template=ComStock DOE Ref Pre-1980
energy_code_followed_during_original_building_construction	ComStock DOE Ref 1980-2004	create_custom_building_from_spec	template=ComStock DOE Ref 1980-2004
		create_custom_building_from_spec	template=ComStock DOE Ref 1980-2004
		set_wall_template	as_constructed_template=ComStock DOE Ref 1980-2004
		set_roof_template	as_constructed_template=ComStock DOE Ref 1980-2004
		set_interior_equipment_template	as_constructed_template=ComStock DOE Ref 1980-2004
		set_service_water_heating_template	as_constructed_template=ComStock DOE Ref 1980-2004
		set_hvac_template	as_constructed_template=ComStock DOE Ref 1980-2004
energy_code_followed_during_original_building_construction	ComStock 90.1-2004	create_custom_building_from_spec	template=ComStock 90.1-2004
		create_custom_building_from_spec	template=ComStock 90.1-2004
		set_wall_template	as_constructed_template=ComStock 90.1-2004
		set_roof_template	as_constructed_template=ComStock 90.1-2004
		set_interior_equipment_template	as_constructed_template=ComStock 90.1-2004
		set_service_water_heating_template	as_constructed_template=ComStock 90.1-2004
		set_hvac_template	as_constructed_template=ComStock 90.1-2004
energy_code_followed_during_original_building_construction	ComStock 90.1-2007	create_custom_building_from_spec	template=ComStock 90.1-2007
		create_custom_building_from_spec	template=ComStock 90.1-2007
		set_wall_template	as_constructed_template=ComStock 90.1-2007
		set_roof_template	as_constructed_template=ComStock 90.1-2007
		set_interior_equipment_template	as_constructed_template=ComStock 90.1-2007
		set_service_water_heating_template	as_constructed_template=ComStock 90.1-2007
		set_hvac_template	as_constructed_template=ComStock 90.1-2007
energy_code_followed_during_original_building_construction	ComStock 90.1-2010	create_custom_building_from_spec	template=ComStock 90.1-2010
		create_custom_building_from_spec	template=ComStock 90.1-2010
		set_wall_template	as_constructed_template=ComStock 90.1-2010
		set_roof_template	as_constructed_template=ComStock 90.1-2010
		set_interior_equipment_template	as_constructed_template=ComStock 90.1-2010
		set_service_water_heating_template	as_constructed_template=ComStock 90.1-2010
		set_hvac_template	as_constructed_template=ComStock 90.1-2010
energy_code_followed_during_original_building_construction	ComStock 90.1-2013	create_custom_building_from_spec	template=ComStock 90.1-2013
		create_custom_building_from_spec	template=ComStock 90.1-2013
		set_wall_template	as_constructed_template=ComStock 90.1-2013
		set_roof_template	as_constructed_template=ComStock 90.1-2013
		set_interior_equipment_template	as_constructed_template=ComStock 90.1-2013
		set_service_water_heating_template	as_constructed_template=ComStock 90.1-2013
		set_hvac_template	as_constructed_template=ComStock 90.1-2013
energy_code_followed_during_original_building_construction	ComStock 90.1-2016	create_custom_building_from_spec	template=ComStock 90.1-2016
		create_custom_building_from_spec	template=ComStock 90.1-2016
		set_wall_template	as_constructed_template=ComStock 90.1-2016
		set_roof_template	as_constructed_template=ComStock 90.1-2016
		set_interior_equipment_template	as_constructed_template=ComStock 90.1-2016
		set_service_water_heating_template	as_constructed_template=ComStock 90.1-2016
		set_hvac_template	as_constructed_template=ComStock 90.1-2016
energy_code_followed_during_original_building_construction	ComStock 90.1-2019	create_custom_building_from_spec	template=ComStock 90.1-2019
		create_custom_building_from_spec	template=ComStock 90.1-2019
		set_wall_template	as_constructed_template=ComStock 90.1-2019
		set_roof_template	as_constructed_template=ComStock 90.1-2019
		set_interior_equipment_template	as_constructed_template=ComStock 90.1-2019
		set_service_water_heating_template	as_constructed_template=ComStock 90.1-2019
		set_hvac_template	as_constructed_template=ComStock 90.1-2019
energy_code_followed_during_original_building_construction	ComStock DEER Pre-1975	create_custom_building_from_spec	template=ComStock DEER Pre-1975
		create_custom_building_from_spec	template=ComStock DEER Pre-1975
		set_wall_template	as_constructed_template=ComStock DEER Pre-1975
		set_roof_template	as_constructed_template=ComStock DEER Pre-1975
		set_interior_equipment_template	as_constructed_template=ComStock DEER Pre-1975
		set_service_water_heating_template	as_constructed_template=ComStock DEER Pre-1975
		set_hvac_template	as_constructed_template=ComStock DEER Pre-1975
energy_code_followed_during_original_building_construction	ComStock DEER 1985	create_custom_building_from_spec	template=ComStock DEER 1985
		create_custom_building_from_spec	template=ComStock DEER 1985
		set_wall_template	as_constructed_template=ComStock DEER 1985
		set_roof_template	as_constructed_template=ComStock DEER 1985
		set_interior_equipment_template	as_constructed_template=ComStock DEER 1985
		set_service_water_heating_template	as_constructed_template=ComStock DEER 1985
		set_hvac_template	as_constructed_template=ComStock DEER 1985
energy_code_followed_during_original_building_construction	ComStock DEER 1996	create_custom_building_from_spec	template=ComStock DEER 1996
		create_custom_building_from_spec	template=ComStock DEER 1996
		set_wall_template	as_constructed_template=ComStock DEER 1996
		set_roof_template	as_constructed_template=ComStock DEER 1996
		set_interior_equipment_template	as_constructed_template=ComStock DEER 1996
		set_service_water_heating_template	as_constructed_template=ComStock DEER 1996
		set_hvac_template	as_constructed_template=ComStock DEER 1996
energy_code_followed_during_original_building_construction	ComStock DEER 2003	create_custom_building_from_spec	template=ComStock DEER 2003
		create_custom_building_from_spec	template=ComStock DEER 2003
		set_wall_template	as_constructed_template=ComStock DEER 2003
		set_roof_template	as_constructed_template=ComStock DEER 2003
		set_interior_equipment_template	as_constructed_template=ComStock DEER 2003
		set_service_water_heating_template	as_constructed_template=ComStock DEER 2003
		set_hvac_template	as_constructed_template=ComStock DEER 2003
energy_code_followed_during_original_building_construction	ComStock DEER 2007	create_custom_building_from_spec	template=ComStock DEER 2007
		create_custom_building_from_spec	template=ComStock DEER 2007
		set_wall_template	as_constructed_template=ComStock DEER 2007
		set_roof_template	as_constructed_template=ComStock DEER 2007
		set_interior_equipment_template	as_constructed_template=ComStock DEER 2007
		set_service_water_heating_template	as_constructed_template=ComStock DEER 2007
		set_hvac_template	as_constructed_template=ComStock DEER 2007
energy_code_followed_during_original_building_construction	ComStock DEER 2011	create_custom_building_from_spec	template=ComStock DEER 2011
		create_custom_building_from_spec	template=ComStock DEER 2011
		set_wall_template	as_constructed_template=ComStock DEER 2011
		set_roof_template	as_constructed_template=ComStock DEER 2011
		set_interior_equipment_template	as_constructed_template=ComStock DEER 2011
		set_service_water_heating_template	as_constructed_template=ComStock DEER 2011
		set_hvac_template	as_constructed_template=ComStock DEER 2011
energy_code_followed_during_original_building_construction	ComStock DEER 2014	create_custom_building_from_spec	template=ComStock DEER 2014
		create_custom_building_from_spec	template=ComStock DEER 2014
		set_wall_template	as_constructed_template=ComStock DEER 2014
		set_roof_template	as_constructed_template=ComStock DEER 2014
		set_interior_equipment_template	as_constructed_template=ComStock DEER 2014
		set_service_water_heating_template	as_constructed_template=ComStock DEER 2014
		set_hvac_template	as_constructed_template=ComStock DEER 2014
energy_code_followed_during_original_building_construction	ComStock DEER 2015	create_custom_building_from_spec	template=ComStock DEER 2015
		create_custom_building_from_spec	template=ComStock DEER 2015
		set_wall_template	as_constructed_template=ComStock DEER 2015
		set_roof_template	as_constructed_template=ComStock DEER 2015
		set_interior_equipment_template	as_constructed_template=ComStock DEER 2015
		set_service_water_heating_template	as_constructed_template=ComStock DEER 2015
		set_hvac_template	as_constructed_template=ComStock DEER 2015
energy_code_followed_during_original_building_construction	ComStock DEER 2017	create_custom_building_from_spec	template=ComStock DEER 2017
		create_custom_building_from_spec	template=ComStock DEER 2017
		set_wall_template	as_constructed_template=ComStock DEER 2017
		set_roof_template	as_constructed_template=ComStock DEER 2017
		set_interior_equipment_template	as_constructed_template=ComStock DEER 2017
		set_service_water_heating_template	as_constructed_template=ComStock DEER 2017
		set_hvac_template	as_constructed_template=ComStock DEER 2017
energy_code_followed_during_original_building_construction	ComStock DEER 2020	create_custom_building_from_spec	template=ComStock DEER 2020
		create_custom_building_from_spec	template=ComStock DEER 2020
		set_wall_template	as_constructed_template=ComStock DEER 2020
		set_roof_template	as_constructed_template=ComStock DEER 2020
		set_interior_equipment_template	as_constructed_template=ComStock DEER 2020
		set_service_water_heating_template	as_constructed_template=ComStock DEER 2020
		set_hvac_template	as_constructed_template=ComStock DEER 2020
number_stories	1	create_custom_building_from_spec	num_stories_above_grade=1
number_stories	2	create_custom_building_from_spec	num_stories_above_grade=2
number_stories	3	create_custom_building_from_spec	num_stories_above_grade=3
number_stories	4	create_custom_building_from_spec	num_stories_above_grade=4
number_stories	5	create_custom_building_from_spec	num_stories_above_grade=5
number_stories	6	create_custom_building_from_spec	num_stories_above_grade=6
number_stories	7	create_custom_building_from_spec	num_stories_above_grade=7
number_stories	8	create_custom_building_from_spec	num_stories_above_grade=8
number_stories	9	create_custom_building_from_spec	num_stories_above_grade=9
number_stories	10	create_custom_building_from_spec	num_stories_above_grade=10
number_stories	11	create_custom_building_from_spec	num_stories_above_grade=11
number_stories	12	create_custom_building_from_spec	num_stories_above_grade=12
number_stories	13	create_custom_building_from_spec	num_stories_above_grade=13
number_stories	14	create_custom_building_from_spec	num_stories_above_grade=14
number_stories	15_25	create_custom_building_from_spec	num_stories_above_grade=20
number_stories	over_25	create_custom_building_from_spec	num_stories_above_grade=30
aspect_ratio	1	create_custom_building_from_spec	ns_to_ew_ratio=1
aspect_ratio	2	create_custom_building_from_spec	ns_to_ew_ratio=2
aspect_ratio	3	create_custom_building_from_spec	ns_to_ew_ratio=3
aspect_ratio	4	create_custom_building_from_spec	ns_to_ew_ratio=4
aspect_ratio	5	create_custom_building_from_spec	ns_to_ew_ratio=5
aspect_ratio	6	create_custom_building_from_spec	ns_to_ew_ratio=6
building_area	_1000	create_custom_building_from_spec	total_bldg_floor_area=1000
building_area	1001_3000	create_custom_building_from_spec	total_bldg_floor_area=2000
building_area	3001_8000	create_custom_building_from_spec	total_bldg_floor_area=5500
building_area	8001_12000	create_custom_building_from_spec	total_bldg_floor_area=10000
building_area	12001_30000	create_custom_building_from_spec	total_bldg_floor_area=21000
building_area	30001_40000	create_custom_building_from_spec	total_bldg_floor_area=35000
building_area	40001_52000	create_custom_building_from_spec	total_bldg_floor_area=46000
building_area	52001_64000	create_custom_building_from_spec	total_bldg_floor_area=58000
building_area	64001_70000	create_custom_building_from_spec	total_bldg_floor_area=67000
building_area	70001_80000	create_custom_building_from_spec	total_bldg_floor_area=75000
building_area	80001_100000	create_custom_building_from_spec	total_bldg_floor_area=90000
building_area	100001_150000	create_custom_building_from_spec	total_bldg_floor_area=125000
building_area	150001_200000	create_custom_building_from_spec	total_bldg_floor_area=175000
building_area	200001_400000	create_custom_building_from_spec	total_bldg_floor_area=300000
building_area	400001_600000	create_custom_building_from_spec	total_bldg_floor_area=500000
building_area	600001_1mil	create_custom_building_from_spec	total_bldg_floor_area=800000
building_area	over_1mil	create_custom_building_from_spec	total_bldg_floor_area=1100000
service_water_heating_fuel	NaturalGas	create_custom_building_from_spec	swh_src=NaturalGas
		set_service_water_heating_fuel	service_water_heating_fuel=NaturalGas
service_water_heating_fuel	FuelOil	create_custom_building_from_spec	swh_src=NaturalGas
		set_service_water_heating_fuel	service_water_heating_fuel=FuelOil
service_water_heating_fuel	Propane	create_custom_building_from_spec	swh_src=NaturalGas
		set_service_water_heating_fuel	service_water_heating_fuel=Propane
service_water_heating_fuel	Electricity	create_custom_building_from_spec	swh_src=Electricity
		set_service_water_heating_fuel	service_water_heating_fuel=Electricity
service_water_heating_fuel	DistrictHeating	create_custom_building_from_spec	swh_src=Electricity
		set_service_water_heating_fuel	service_water_heating_fuel=DistrictHeating
hvac_system_type	Ideal Air Loads	create_custom_building_from_spec	system_type=Ideal Air Loads	hvac_delivery_type=Inferred	htg_src=Inferred	clg_src=Inferred	kitchen_makeup=Adjacent	exterior_lighting_zone=3 - All Other Areas	add_constructions=true	add_space_type_loads=true	add_elevators=true	add_internal_mass=true	add_exterior_lights=true	onsite_parking_fraction=1	add_exhaust=true	add_swh=true	add_thermostat=true	add_hvac=true	add_refrigeration=true	unmet_hours_tolerance=1.0	remove_objects=true	use_upstream_args=false
hvac_system_type	Baseboard electric	create_custom_building_from_spec	system_type=Baseboard electric	hvac_delivery_type=Inferred	htg_src=Inferred	clg_src=Inferred	kitchen_makeup=Adjacent	exterior_lighting_zone=3 - All Other Areas	add_constructions=true	add_space_type_loads=true	add_elevators=true	add_internal_mass=true	add_exterior_lights=true	onsite_parking_fraction=1	add_exhaust=true	add_swh=true	add_thermostat=true	add_hvac=true	add_refrigeration=true	unmet_hours_tolerance=1.0	remove_objects=true	use_upstream_args=false
hvac_system_type	Baseboard gas boiler	create_custom_building_from_spec	system_type=Baseboard gas boiler	hvac_delivery_type=Inferred	htg_src=Inferred	clg_src=Inferred	kitchen_makeup=Adjacent	exterior_lighting_zone=3 - All Other Areas	add_constructions=true	add_space_type_loads=true	add_elevators=true	add_internal_mass=true	add_exterior_lights=true	onsite_parking_fraction=1	add_exhaust=true	add_swh=true	add_thermostat=true	add_hvac=true	add_refrigeration=true	unmet_hours_tolerance=1.0	remove_objects=true	use_upstream_args=false
hvac_system_type	Baseboard central air source heat pump	create_custom_building_from_spec	system_type=Baseboard central air source heat pump	hvac_delivery_type=Inferred	htg_src=Inferred	clg_src=Inferred	kitchen_makeup=Adjacent	exterior_lighting_zone=3 - All Other Areas	add_constructions=true	add_space_type_loads=true	add_elevators=true	add_internal_mass=true	add_exterior_lights=true	onsite_parking_fraction=1	add_exhaust=true	add_swh=true	add_thermostat=true	add_hvac=true	add_refrigeration=true	unmet_hours_tolerance=1.0	remove_objects=true	use_upstream_args=false
hvac_system_type	Baseboard district hot water	create_custom_building_from_spec	system_type=Baseboard district hot water	hvac_delivery_type=Inferred	htg_src=Inferred	clg_src=Inferred	kitchen_makeup=Adjacent	exterior_lighting_zone=3 - All Other Areas	add_constructions=true	add_space_type_loads=true	add_elevators=true	add_internal_mass=true	add_exterior_lights=true	onsite_parking_fraction=1	add_exhaust=true	add_swh=true	add_thermostat=true	add_hvac=true	add_refrigeration=true	unmet_hours_tolerance=1.0	remove_objects=true	use_upstream_args=false
hvac_system_type	Direct evap coolers with baseboard electric	create_custom_building_from_spec	system_type=Direct evap coolers with baseboard electric	hvac_delivery_type=Inferred	htg_src=Inferred	clg_src=Inferred	kitchen_makeup=Adjacent	exterior_lighting_zone=3 - All Other Areas	add_constructions=true	add_space_type_loads=true	add_elevators=true	add_internal_mass=true	add_exterior_lights=true	onsite_parking_fraction=1	add_exhaust=true	add_swh=true	add_thermostat=true	add_hvac=true	add_refrigeration=true	unmet_hours_tolerance=1.0	remove_objects=true	use_upstream_args=false
hvac_system_type	Direct evap coolers with baseboard gas boiler	create_custom_building_from_spec	system_type=Direct evap coolers with baseboard gas boiler	hvac_delivery_type=Inferred	htg_src=Inferred	clg_src=Inferred	kitchen_makeup=Adjacent	exterior_lighting_zone=3 - All Other Areas	add_constructions=true	add_space_type_loads=true	add_elevators=true	add_internal_mass=true	add_exterior_lights=true	onsite_parking_fraction=1	add_exhaust=true	add_swh=true	add_thermostat=true	add_hvac=true	add_refrigeration=true	unmet_hours_tolerance=1.0	remove_objects=true	use_upstream_args=false
hvac_system_type	Direct evap coolers with baseboard central air source heat pump	create_custom_building_from_spec	system_type=Direct evap coolers with baseboard central air source heat pump	hvac_delivery_type=Inferred	htg_src=Inferred	clg_src=Inferred	kitchen_makeup=Adjacent	exterior_lighting_zone=3 - All Other Areas	add_constructions=true	add_space_type_loads=true	add_elevators=true	add_internal_mass=true	add_exterior_lights=true	onsite_parking_fraction=1	add_exhaust=true	add_swh=true	add_thermostat=true	add_hvac=true	add_refrigeration=true	unmet_hours_tolerance=1.0	remove_objects=true	use_upstream_args=false
hvac_system_type	Direct evap coolers with baseboard district hot water	create_custom_building_from_spec	system_type=Direct evap coolers with baseboard district hot water	hvac_delivery_type=Inferred	htg_src=Inferred	clg_src=Inferred	kitchen_makeup=Adjacent	exterior_lighting_zone=3 - All Other Areas	add_constructions=true	add_space_type_loads=true	add_elevators=true	add_internal_mass=true	add_exterior_lights=true	onsite_parking_fraction=1	add_exhaust=true	add_swh=true	add_thermostat=true	add_hvac=true	add_refrigeration=true	unmet_hours_tolerance=1.0	remove_objects=true	use_upstream_args=false
hvac_system_type	Direct evap coolers with forced air furnace	create_custom_building_from_spec	system_type=Direct evap coolers with forced air furnace	hvac_delivery_type=Inferred	htg_src=Inferred	clg_src=Inferred	kitchen_makeup=Adjacent	exterior_lighting_zone=3 - All Other Areas	add_constructions=true	add_space_type_loads=true	add_elevators=true	add_internal_mass=true	add_exterior_lights=true	onsite_parking_fraction=1	add_exhaust=true	add_swh=true	add_thermostat=true	add_hvac=true	add_refrigeration=true	unmet_hours_tolerance=1.0	remove_objects=true	use_upstream_args=false
hvac_system_type	Direct evap coolers with gas unit heaters	create_custom_building_from_spec	system_type=Direct evap coolers with gas unit heaters	hvac_delivery_type=Inferred	htg_src=Inferred	clg_src=Inferred	kitchen_makeup=Adjacent	exterior_lighting_zone=3 - All Other Areas	add_constructions=true	add_space_type_loads=true	add_elevators=true	add_internal_mass=true	add_exterior_lights=true	onsite_parking_fraction=1	add_exhaust=true	add_swh=true	add_thermostat=true	add_hvac=true	add_refrigeration=true	unmet_hours_tolerance=1.0	remove_objects=true	use_upstream_args=false
hvac_system_type	Direct evap coolers with no heat	create_custom_building_from_spec	system_type=Direct evap coolers with no heat	hvac_delivery_type=Inferred	htg_src=Inferred	clg_src=Inferred	kitchen_makeup=Adjacent	exterior_lighting_zone=3 - All Other Areas	add_constructions=true	add_space_type_loads=true	add_elevators=true	add_internal_mass=true	add_exterior_lights=true	onsite_parking_fraction=1	add_exhaust=true	add_swh=true	add_thermostat=true	add_hvac=true	add_refrigeration=true	unmet_hours_tolerance=1.0	remove_objects=true	use_upstream_args=false
hvac_system_type	DOAS with fan coil chiller with boiler	create_custom_building_from_spec	system_type=DOAS with fan coil chiller with boiler	hvac_delivery_type=Inferred	htg_src=Inferred	clg_src=Inferred	kitchen_makeup=Adjacent	exterior_lighting_zone=3 - All Other Areas	add_constructions=true	add_space_type_loads=true	add_elevators=true	add_internal_mass=true	add_exterior_lights=true	onsite_parking_fraction=1	add_exhaust=true	add_swh=true	add_thermostat=true	add_hvac=true	add_refrigeration=true	unmet_hours_tolerance=1.0	remove_objects=true	use_upstream_args=false
hvac_system_type	DOAS with fan coil chiller with central air source heat pump	create_custom_building_from_spec	system_type=DOAS with fan coil chiller with central air source heat pump	hvac_delivery_type=Inferred	htg_src=Inferred	clg_src=Inferred	kitchen_makeup=Adjacent	exterior_lighting_zone=3 - All Other Areas	add_constructions=true	add_space_type_loads=true	add_elevators=true	add_internal_mass=true	add_exterior_lights=true	onsite_parking_fraction=1	add_exhaust=true	add_swh=true	add_thermostat=true	add_hvac=true	add_refrigeration=true	unmet_hours_tolerance=1.0	remove_objects=true	use_upstream_args=false
hvac_system_type	DOAS with fan coil chiller with district hot water	create_custom_building_from_spec	system_type=DOAS with fan coil chiller with district hot water	hvac_delivery_type=Inferred	htg_src=Inferred	clg_src=Inferred	kitchen_makeup=Adjacent	exterior_lighting_zone=3 - All Other Areas	add_constructions=true	add_space_type_loads=true	add_elevators=true	add_internal_mass=true	add_exterior_lights=true	onsite_parking_fraction=1	add_exhaust=true	add_swh=true	add_thermostat=true	add_hvac=true	add_refrigeration=true	unmet_hours_tolerance=1.0	remove_objects=true	use_upstream_args=false
hvac_system_type	DOAS with fan coil chiller with baseboard electric	create_custom_building_from_spec	system_type=DOAS with fan coil chiller with baseboard electric	hvac_delivery_type=Inferred	htg_src=Inferred	clg_src=Inferred	kitchen_makeup=Adjacent	exterior_lighting_zone=3 - All Other Areas	add_constructions=true	add_space_type_loads=true	add_elevators=true	add_internal_mass=true	add_exterior_lights=true	onsite_parking_fraction=1	add_exhaust=true	add_swh=true	add_thermostat=true	add_hvac=true	add_refrigeration=true	unmet_hours_tolerance=1.0	remove_objects=true	use_upstream_args=false
hvac_system_type	DOAS with fan coil chiller with gas unit heaters	create_custom_building_from_spec	system_type=DOAS with fan coil chiller with gas unit heaters	hvac_delivery_type=Inferred	htg_src=Inferred	clg_src=Inferred	kitchen_makeup=Adjacent	exterior_lighting_zone=3 - All Other Areas	add_constructions=true	add_space_type_loads=true	add_elevators=true	add_internal_mass=true	add_exterior_lights=true	onsite_parking_fraction=1	add_exhaust=true	add_swh=true	add_thermostat=true	add_hvac=true	add_refrigeration=true	unmet_hours_tolerance=1.0	remove_objects=true	use_upstream_args=false
hvac_system_type	DOAS with fan coil chiller with no heat	create_custom_building_from_spec	system_type=DOAS with fan coil chiller with no heat	hvac_delivery_type=Inferred	htg_src=Inferred	clg_src=Inferred	kitchen_makeup=Adjacent	exterior_lighting_zone=3 - All Other Areas	add_constructions=true	add_space_type_loads=true	add_elevators=true	add_internal_mass=true	add_exterior_lights=true	onsite_parking_fraction=1	add_exhaust=true	add_swh=true	add_thermostat=true	add_hvac=true	add_refrigeration=true	unmet_hours_tolerance=1.0	remove_objects=true	use_upstream_args=false
hvac_system_type	DOAS with fan coil air-cooled chiller with boiler	create_custom_building_from_spec	system_type=DOAS with fan coil air-cooled chiller with boiler	hvac_delivery_type=Inferred	htg_src=Inferred	clg_src=Inferred	kitchen_makeup=Adjacent	exterior_lighting_zone=3 - All Other Areas	add_constructions=true	add_space_type_loads=true	add_elevators=true	add_internal_mass=true	add_exterior_lights=true	onsite_parking_fraction=1	add_exhaust=true	add_swh=true	add_thermostat=true	add_hvac=true	add_refrigeration=true	unmet_hours_tolerance=1.0	remove_objects=true	use_upstream_args=false
hvac_system_type	DOAS with fan coil air-cooled chiller with central air source heat pump	create_custom_building_from_spec	system_type=DOAS with fan coil air-cooled chiller with central air source heat pump	hvac_delivery_type=Inferred	htg_src=Inferred	clg_src=Inferred	kitchen_makeup=Adjacent	exterior_lighting_zone=3 - All Other Areas	add_constructions=true	add_space_type_loads=true	add_elevators=true	add_internal_mass=true	add_exterior_lights=true	onsite_parking_fraction=1	add_exhaust=true	add_swh=true	add_thermostat=true	add_hvac=true	add_refrigeration=true	unmet_hours_tolerance=1.0	remove_objects=true	use_upstream_args=false
hvac_system_type	DOAS with fan coil air-cooled chiller with district hot water	create_custom_building_from_spec	system_type=DOAS with fan coil air-cooled chiller with district hot water	hvac_delivery_type=Inferred	htg_src=Inferred	clg_src=Inferred	kitchen_makeup=Adjacent	exterior_lighting_zone=3 - All Other Areas	add_constructions=true	add_space_type_loads=true	add_elevators=true	add_internal_mass=true	add_exterior_lights=true	onsite_parking_fraction=1	add_exhaust=true	add_swh=true	add_thermostat=true	add_hvac=true	add_refrigeration=true	unmet_hours_tolerance=1.0	remove_objects=true	use_upstream_args=false
hvac_system_type	DOAS with fan coil air-cooled chiller with baseboard electric	create_custom_building_from_spec	system_type=DOAS with fan coil air-cooled chiller with baseboard electric	hvac_delivery_type=Inferred	htg_src=Inferred	clg_src=Inferred	kitchen_makeup=Adjacent	exterior_lighting_zone=3 - All Other Areas	add_constructions=true	add_space_type_loads=true	add_elevators=true	add_internal_mass=true	add_exterior_lights=true	onsite_parking_fraction=1	add_exhaust=true	add_swh=true	add_thermostat=true	add_hvac=true	add_refrigeration=true	unmet_hours_tolerance=1.0	remove_objects=true	use_upstream_args=false
hvac_system_type	DOAS with fan coil air-cooled chiller with gas unit heaters	create_custom_building_from_spec	system_type=DOAS with fan coil air-cooled chiller with gas unit heaters	hvac_delivery_type=Inferred	htg_src=Inferred	clg_src=Inferred	kitchen_makeup=Adjacent	exterior_lighting_zone=3 - All Other Areas	add_constructions=true	add_space_type_loads=true	add_elevators=true	add_internal_mass=true	add_exterior_lights=true	onsite_parking_fraction=1	add_exhaust=true	add_swh=true	add_thermostat=true	add_hvac=true	add_refrigeration=true	unmet_hours_tolerance=1.0	remove_objects=true	use_upstream_args=false
hvac_system_type	DOAS with fan coil air-cooled chiller with no heat	create_custom_building_from_spec	system_type=DOAS with fan coil air-cooled chiller with no heat	hvac_delivery_type=Inferred	htg_src=Inferred	clg_src=Inferred	kitchen_makeup=Adjacent	exterior_lighting_zone=3 - All Other Areas	add_constructions=true	add_space_type_loads=true	add_elevators=true	add_internal_mass=true	add_exterior_lights=true	onsite_parking_fraction=1	add_exhaust=true	add_swh=true	add_thermostat=true	add_hvac=true	add_refrigeration=true	unmet_hours_tolerance=1.0	remove_objects=true	use_upstream_args=false
hvac_system_type	DOAS with fan coil district chilled water with boiler	create_custom_building_from_spec	system_type=DOAS with fan coil district chilled water with boiler	hvac_delivery_type=Inferred	htg_src=Inferred	clg_src=Inferred	kitchen_makeup=Adjacent	exterior_lighting_zone=3 - All Other Areas	add_constructions=true	add_space_type_loads=true	add_elevators=true	add_internal_mass=true	add_exterior_lights=true	onsite_parking_fraction=1	add_exhaust=true	add_swh=true	add_thermostat=true	add_hvac=true	add_refrigeration=true	unmet_hours_tolerance=1.0	remove_objects=true	use_upstream_args=false
hvac_system_type	DOAS with fan coil district chilled water with central air source heat pump	create_custom_building_from_spec	system_type=DOAS with fan coil district chilled water with central air source heat pump	hvac_delivery_type=Inferred	htg_src=Inferred	clg_src=Inferred	kitchen_makeup=Adjacent	exterior_lighting_zone=3 - All Other Areas	add_constructions=true	add_space_type_loads=true	add_elevators=true	add_internal_mass=true	add_exterior_lights=true	onsite_parking_fraction=1	add_exhaust=true	add_swh=true	add_thermostat=true	add_hvac=true	add_refrigeration=true	unmet_hours_tolerance=1.0	remove_objects=true	use_upstream_args=false
hvac_system_type	DOAS with fan coil district chilled water with district hot water	create_custom_building_from_spec	system_type=DOAS with fan coil district chilled water with district hot water	hvac_delivery_type=Inferred	htg_src=Inferred	clg_src=Inferred	kitchen_makeup=Adjacent	exterior_lighting_zone=3 - All Other Areas	add_constructions=true	add_space_type_loads=true	add_elevators=true	add_internal_mass=true	add_exterior_lights=true	onsite_parking_fraction=1	add_exhaust=true	add_swh=true	add_thermostat=true	add_hvac=true	add_refrigeration=true	unmet_hours_tolerance=1.0	remove_objects=true	use_upstream_args=false
hvac_system_type	DOAS with fan coil district chilled water with baseboard electric	create_custom_building_from_spec	system_type=DOAS with fan coil district chilled water with baseboard electric	hvac_delivery_type=Inferred	htg_src=Inferred	clg_src=Inferred	kitchen_makeup=Adjacent	exterior_lighting_zone=3 - All Other Areas	add_constructions=true	add_space_type_loads=true	add_elevators=true	add_internal_mass=true	add_exterior_lights=true	onsite_parking_fraction=1	add_exhaust=true	add_swh=true	add_thermostat=true	add_hvac=true	add_refrigeration=true	unmet_hours_tolerance=1.0	remove_objects=true	use_upstream_args=false
hvac_system_type	DOAS with fan coil district chilled water with gas unit heaters	create_custom_building_from_spec	system_type=DOAS with fan coil district chilled water with gas unit heaters	hvac_delivery_type=Inferred	htg_src=Inferred	clg_src=Inferred	kitchen_makeup=Adjacent	exterior_lighting_zone=3 - All Other Areas	add_constructions=true	add_space_type_loads=true	add_elevators=true	add_internal_mass=true	add_exterior_lights=true	onsite_parking_fraction=1	add_exhaust=true	add_swh=true	add_thermostat=true	add_hvac=true	add_refrigeration=true	unmet_hours_tolerance=1.0	remove_objects=true	use_upstream_args=false
hvac_system_type	DOAS with fan coil district chilled water with no heat	create_custom_building_from_spec	system_type=DOAS with fan coil district chilled water with no heat	hvac_delivery_type=Inferred	htg_src=Inferred	clg_src=Inferred	kitchen_makeup=Adjacent	exterior_lighting_zone=3 - All Other Areas	add_constructions=true	add_space_type_loads=true	add_elevators=true	add_internal_mass=true	add_exterior_lights=true	onsite_parking_fraction=1	add_exhaust=true	add_swh=true	add_thermostat=true	add_hvac=true	add_refrigeration=true	unmet_hours_tolerance=1.0	remove_objects=true	use_upstream_args=false
hvac_system_type	DOAS with VRF	create_custom_building_from_spec	system_type=DOAS with VRF	hvac_delivery_type=Inferred	htg_src=Inferred	clg_src=Inferred	kitchen_makeup=Adjacent	exterior_lighting_zone=3 - All Other Areas	add_constructions=true	add_space_type_loads=true	add_elevators=true	add_internal_mass=true	add_exterior_lights=true	onsite_parking_fraction=1	add_exhaust=true	add_swh=true	add_thermostat=true	add_hvac=true	add_refrigeration=true	unmet_hours_tolerance=1.0	remove_objects=true	use_upstream_args=false
hvac_system_type	DOAS with water source heat pumps fluid cooler with boiler	create_custom_building_from_spec	system_type=DOAS with water source heat pumps fluid cooler with boiler	hvac_delivery_type=Inferred	htg_src=Inferred	clg_src=Inferred	kitchen_makeup=Adjacent	exterior_lighting_zone=3 - All Other Areas	add_constructions=true	add_space_type_loads=true	add_elevators=true	add_internal_mass=true	add_exterior_lights=true	onsite_parking_fraction=1	add_exhaust=true	add_swh=true	add_thermostat=true	add_hvac=true	add_refrigeration=true	unmet_hours_tolerance=1.0	remove_objects=true	use_upstream_args=false
hvac_system_type	DOAS with water source heat pumps cooling tower with boiler	create_custom_building_from_spec	system_type=DOAS with water source heat pumps cooling tower with boiler	hvac_delivery_type=Inferred	htg_src=Inferred	clg_src=Inferred	kitchen_makeup=Adjacent	exterior_lighting_zone=3 - All Other Areas	add_constructions=true	add_space_type_loads=true	add_elevators=true	add_internal_mass=true	add_exterior_lights=true	onsite_parking_fraction=1	add_exhaust=true	add_swh=true	add_thermostat=true	add_hvac=true	add_refrigeration=true	unmet_hours_tolerance=1.0	remove_objects=true	use_upstream_args=false
hvac_system_type	DOAS with water source heat pumps with ground source heat pump	create_custom_building_from_spec	system_type=DOAS with water source heat pumps with ground source heat pump	hvac_delivery_type=Inferred	htg_src=Inferred	clg_src=Inferred	kitchen_makeup=Adjacent	exterior_lighting_zone=3 - All Other Areas	add_constructions=true	add_space_type_loads=true	add_elevators=true	add_internal_mass=true	add_exterior_lights=true	onsite_parking_fraction=1	add_exhaust=true	add_swh=true	add_thermostat=true	add_hvac=true	add_refrigeration=true	unmet_hours_tolerance=1.0	remove_objects=true	use_upstream_args=false
hvac_system_type	DOAS with water source heat pumps district chilled water with district hot water	create_custom_building_from_spec	system_type=DOAS with water source heat pumps district chilled water with district hot water	hvac_delivery_type=Inferred	htg_src=Inferred	clg_src=Inferred	kitchen_makeup=Adjacent	exterior_lighting_zone=3 - All Other Areas	add_constructions=true	add_space_type_loads=true	add_elevators=true	add_internal_mass=true	add_exterior_lights=true	onsite_parking_fraction=1	add_exhaust=true	add_swh=true	add_thermostat=true	add_hvac=true	add_refrigeration=true	unmet_hours_tolerance=1.0	remove_objects=true	use_upstream_args=false
hvac_system_type	Fan coil chiller with boiler	create_custom_building_from_spec	system_type=Fan coil chiller with boiler	hvac_delivery_type=Inferred	htg_src=Inferred	clg_src=Inferred	kitchen_makeup=Adjacent	exterior_lighting_zone=3 - All Other Areas	add_constructions=true	add_space_type_loads=true	add_elevators=true	add_internal_mass=true	add_exterior_lights=true	onsite_parking_fraction=1	add_exhaust=true	add_swh=true	add_thermostat=true	add_hvac=true	add_refrigeration=true	unmet_hours_tolerance=1.0	remove_objects=true	use_upstream_args=false
hvac_system_type	Fan coil chiller with central air source heat pump	create_custom_building_from_spec	system_type=Fan coil chiller with central air source heat pump	hvac_delivery_type=Inferred	htg_src=Inferred	clg_src=Inferred	kitchen_makeup=Adjacent	exterior_lighting_zone=3 - All Other Areas	add_constructions=true	add_space_type_loads=true	add_elevators=true	add_internal_mass=true	add_exterior_lights=true	onsite_parking_fraction=1	add_exhaust=true	add_swh=true	add_thermostat=true	add_hvac=true	add_refrigeration=true	unmet_hours_tolerance=1.0	remove_objects=true	use_upstream_args=false
hvac_system_type	Fan coil chiller with district hot water	create_custom_building_from_spec	system_type=Fan coil chiller with district hot water	hvac_delivery_type=Inferred	htg_src=Inferred	clg_src=Inferred	kitchen_makeup=Adjacent	exterior_lighting_zone=3 - All Other Areas	add_constructions=true	add_space_type_loads=true	add_elevators=true	add_internal_mass=true	add_exterior_lights=true	onsite_parking_fraction=1	add_exhaust=true	add_swh=true	add_thermostat=true	add_hvac=true	add_refrigeration=true	unmet_hours_tolerance=1.0	remove_objects=true	use_upstream_args=false
hvac_system_type	Fan coil chiller with baseboard electric	create_custom_building_from_spec	system_type=Fan coil chiller with baseboard electric	hvac_delivery_type=Inferred	htg_src=Inferred	clg_src=Inferred	kitchen_makeup=Adjacent	exterior_lighting_zone=3 - All Other Areas	add_constructions=true	add_space_type_loads=true	add_elevators=true	add_internal_mass=true	add_exterior_lights=true	onsite_parking_fraction=1	add_exhaust=true	add_swh=true	add_thermostat=true	add_hvac=true	add_refrigeration=true	unmet_hours_tolerance=1.0	remove_objects=true	use_upstream_args=false
hvac_system_type	Fan coil chiller with gas unit heaters	create_custom_building_from_spec	system_type=Fan coil chiller with gas unit heaters	hvac_delivery_type=Inferred	htg_src=Inferred	clg_src=Inferred	kitchen_makeup=Adjacent	exterior_lighting_zone=3 - All Other Areas	add_constructions=true	add_space_type_loads=true	add_elevators=true	add_internal_mass=true	add_exterior_lights=true	onsite_parking_fraction=1	add_exhaust=true	add_swh=true	add_thermostat=true	add_hvac=true	add_refrigeration=true	unmet_hours_tolerance=1.0	remove_objects=true	use_upstream_args=false
hvac_system_type	Fan coil chiller with no heat	create_custom_building_from_spec	system_type=Fan coil chiller with no heat	hvac_delivery_type=Inferred	htg_src=Inferred	clg_src=Inferred	kitchen_makeup=Adjacent	exterior_lighting_zone=3 - All Other Areas	add_constructions=true	add_space_type_loads=true	add_elevators=true	add_internal_mass=true	add_exterior_lights=true	onsite_parking_fraction=1	add_exhaust=true	add_swh=true	add_thermostat=true	add_hvac=true	add_refrigeration=true	unmet_hours_tolerance=1.0	remove_objects=true	use_upstream_args=false
hvac_system_type	Fan coil air-cooled chiller with boiler	create_custom_building_from_spec	system_type=Fan coil air-cooled chiller with boiler	hvac_delivery_type=Inferred	htg_src=Inferred	clg_src=Inferred	kitchen_makeup=Adjacent	exterior_lighting_zone=3 - All Other Areas	add_constructions=true	add_space_type_loads=true	add_elevators=true	add_internal_mass=true	add_exterior_lights=true	onsite_parking_fraction=1	add_exhaust=true	add_swh=true	add_thermostat=true	add_hvac=true	add_refrigeration=true	unmet_hours_tolerance=1.0	remove_objects=true	use_upstream_args=false
hvac_system_type	Fan coil air-cooled chiller with central air source heat pump	create_custom_building_from_spec	system_type=Fan coil air-cooled chiller with central air source heat pump	hvac_delivery_type=Inferred	htg_src=Inferred	clg_src=Inferred	kitchen_makeup=Adjacent	exterior_lighting_zone=3 - All Other Areas	add_constructions=true	add_space_type_loads=true	add_elevators=true	add_internal_mass=true	add_exterior_lights=true	onsite_parking_fraction=1	add_exhaust=true	add_swh=true	add_thermostat=true	add_hvac=true	add_refrigeration=true	unmet_hours_tolerance=1.0	remove_objects=true	use_upstream_args=false
hvac_system_type	Fan coil air-cooled chiller with district hot water	create_custom_building_from_spec	system_type=Fan coil air-cooled chiller with district hot water	hvac_delivery_type=Inferred	htg_src=Inferred	clg_src=Inferred	kitchen_makeup=Adjacent	exterior_lighting_zone=3 - All Other Areas	add_constructions=true	add_space_type_loads=true	add_elevators=true	add_internal_mass=true	add_exterior_lights=true	onsite_parking_fraction=1	add_exhaust=true	add_swh=true	add_thermostat=true	add_hvac=true	add_refrigeration=true	unmet_hours_tolerance=1.0	remove_objects=true	use_upstream_args=false
hvac_system_type	Fan coil air-cooled chiller with baseboard electric	create_custom_building_from_spec	system_type=Fan coil air-cooled chiller with baseboard electric	hvac_delivery_type=Inferred	htg_src=Inferred	clg_src=Inferred	kitchen_makeup=Adjacent	exterior_lighting_zone=3 - All Other Areas	add_constructions=true	add_space_type_loads=true	add_elevators=true	add_internal_mass=true	add_exterior_lights=true	onsite_parking_fraction=1	add_exhaust=true	add_swh=true	add_thermostat=true	add_hvac=true	add_refrigeration=true	unmet_hours_tolerance=1.0	remove_objects=true	use_upstream_args=false
hvac_system_type	Fan coil air-cooled chiller with gas unit heaters	create_custom_building_from_spec	system_type=Fan coil air-cooled chiller with gas unit heaters	hvac_delivery_type=Inferred	htg_src=Inferred	clg_src=Inferred	kitchen_makeup=Adjacent	exterior_lighting_zone=3 - All Other Areas	add_constructions=true	add_space_type_loads=true	add_elevators=true	add_internal_mass=true	add_exterior_lights=true	onsite_parking_fraction=1	add_exhaust=true	add_swh=true	add_thermostat=true	add_hvac=true	add_refrigeration=true	unmet_hours_tolerance=1.0	remove_objects=true	use_upstream_args=false
hvac_system_type	Fan coil air-cooled chiller with no heat	create_custom_building_from_spec	system_type=Fan coil air-cooled chiller with no heat	hvac_delivery_type=Inferred	htg_src=Inferred	clg_src=Inferred	kitchen_makeup=Adjacent	exterior_lighting_zone=3 - All Other Areas	add_constructions=true	add_space_type_loads=true	add_elevators=true	add_internal_mass=true	add_exterior_lights=true	onsite_parking_fraction=1	add_exhaust=true	add_swh=true	add_thermostat=true	add_hvac=true	add_refrigeration=true	unmet_hours_tolerance=1.0	remove_objects=true	use_upstream_args=false
hvac_system_type	Fan coil district chilled water with boiler	create_custom_building_from_spec	system_type=Fan coil district chilled water with boiler	hvac_delivery_type=Inferred	htg_src=Inferred	clg_src=Inferred	kitchen_makeup=Adjacent	exterior_lighting_zone=3 - All Other Areas	add_constructions=true	add_space_type_loads=true	add_elevators=true	add_internal_mass=true	add_exterior_lights=true	onsite_parking_fraction=1	add_exhaust=true	add_swh=true	add_thermostat=true	add_hvac=true	add_refrigeration=true	unmet_hours_tolerance=1.0	remove_objects=true	use_upstream_args=false
hvac_system_type	Fan coil district chilled water with central air source heat pump	create_custom_building_from_spec	system_type=Fan coil district chilled water with central air source heat pump	hvac_delivery_type=Inferred	htg_src=Inferred	clg_src=Inferred	kitchen_makeup=Adjacent	exterior_lighting_zone=3 - All Other Areas	add_constructions=true	add_space_type_loads=true	add_elevators=true	add_internal_mass=true	add_exterior_lights=true	onsite_parking_fraction=1	add_exhaust=true	add_swh=true	add_thermostat=true	add_hvac=true	add_refrigeration=true	unmet_hours_tolerance=1.0	remove_objects=true	use_upstream_args=false
hvac_system_type	Fan coil district chilled water with district hot water	create_custom_building_from_spec	system_type=Fan coil district chilled water with district hot water	hvac_delivery_type=Inferred	htg_src=Inferred	clg_src=Inferred	kitchen_makeup=Adjacent	exterior_lighting_zone=3 - All Other Areas	add_constructions=true	add_space_type_loads=true	add_elevators=true	add_internal_mass=true	add_exterior_lights=true	onsite_parking_fraction=1	add_exhaust=true	add_swh=true	add_thermostat=true	add_hvac=true	add_refrigeration=true	unmet_hours_tolerance=1.0	remove_objects=true	use_upstream_args=false
hvac_system_type	Fan coil district chilled water with baseboard electric	create_custom_building_from_spec	system_type=Fan coil district chilled water with baseboard electric	hvac_delivery_type=Inferred	htg_src=Inferred	clg_src=Inferred	kitchen_makeup=Adjacent	exterior_lighting_zone=3 - All Other Areas	add_constructions=true	add_space_type_loads=true	add_elevators=true	add_internal_mass=true	add_exterior_lights=true	onsite_parking_fraction=1	add_exhaust=true	add_swh=true	add_thermostat=true	add_hvac=true	add_refrigeration=true	unmet_hours_tolerance=1.0	remove_objects=true	use_upstream_args=false
hvac_system_type	Fan coil district chilled water with gas unit heaters	create_custom_building_from_spec	system_type=Fan coil district chilled water with gas unit heaters	hvac_delivery_type=Inferred	htg_src=Inferred	clg_src=Inferred	kitchen_makeup=Adjacent	exterior_lighting_zone=3 - All Other Areas	add_constructions=true	add_space_type_loads=true	add_elevators=true	add_internal_mass=true	add_exterior_lights=true	onsite_parking_fraction=1	add_exhaust=true	add_swh=true	add_thermostat=true	add_hvac=true	add_refrigeration=true	unmet_hours_tolerance=1.0	remove_objects=true	use_upstream_args=false
hvac_system_type	Fan coil district chilled water with no heat	create_custom_building_from_spec	system_type=Fan coil district chilled water with no heat	hvac_delivery_type=Inferred	htg_src=Inferred	clg_src=Inferred	kitchen_makeup=Adjacent	exterior_lighting_zone=3 - All Other Areas	add_constructions=true	add_space_type_loads=true	add_elevators=true	add_internal_mass=true	add_exterior_lights=true	onsite_parking_fraction=1	add_exhaust=true	add_swh=true	add_thermostat=true	add_hvac=true	add_refrigeration=true	unmet_hours_tolerance=1.0	remove_objects=true	use_upstream_args=false
hvac_system_type	Forced air furnace	create_custom_building_from_spec	system_type=Forced air furnace	hvac_delivery_type=Inferred	htg_src=Inferred	clg_src=Inferred	kitchen_makeup=Adjacent	exterior_lighting_zone=3 - All Other Areas	add_constructions=true	add_space_type_loads=true	add_elevators=true	add_internal_mass=true	add_exterior_lights=true	onsite_parking_fraction=1	add_exhaust=true	add_swh=true	add_thermostat=true	add_hvac=true	add_refrigeration=true	unmet_hours_tolerance=1.0	remove_objects=true	use_upstream_args=false
hvac_system_type	Gas unit heaters	create_custom_building_from_spec	system_type=Gas unit heaters	hvac_delivery_type=Inferred	htg_src=Inferred	clg_src=Inferred	kitchen_makeup=Adjacent	exterior_lighting_zone=3 - All Other Areas	add_constructions=true	add_space_type_loads=true	add_elevators=true	add_internal_mass=true	add_exterior_lights=true	onsite_parking_fraction=1	add_exhaust=true	add_swh=true	add_thermostat=true	add_hvac=true	add_refrigeration=true	unmet_hours_tolerance=1.0	remove_objects=true	use_upstream_args=false
hvac_system_type	PTAC with baseboard electric	create_custom_building_from_spec	system_type=PTAC with baseboard electric	hvac_delivery_type=Inferred	htg_src=Inferred	clg_src=Inferred	kitchen_makeup=Adjacent	exterior_lighting_zone=3 - All Other Areas	add_constructions=true	add_space_type_loads=true	add_elevators=true	add_internal_mass=true	add_exterior_lights=true	onsite_parking_fraction=1	add_exhaust=true	add_swh=true	add_thermostat=true	add_hvac=true	add_refrigeration=true	unmet_hours_tolerance=1.0	remove_objects=true	use_upstream_args=false
hvac_system_type	PTAC with baseboard gas boiler	create_custom_building_from_spec	system_type=PTAC with baseboard gas boiler	hvac_delivery_type=Inferred	htg_src=Inferred	clg_src=Inferred	kitchen_makeup=Adjacent	exterior_lighting_zone=3 - All Other Areas	add_constructions=true	add_space_type_loads=true	add_elevators=true	add_internal_mass=true	add_exterior_lights=true	onsite_parking_fraction=1	add_exhaust=true	add_swh=true	add_thermostat=true	add_hvac=true	add_refrigeration=true	unmet_hours_tolerance=1.0	remove_objects=true	use_upstream_args=false
hvac_system_type	PTAC with baseboard district hot water	create_custom_building_from_spec	system_type=PTAC with baseboard district hot water	hvac_delivery_type=Inferred	htg_src=Inferred	clg_src=Inferred	kitchen_makeup=Adjacent	exterior_lighting_zone=3 - All Other Areas	add_constructions=true	add_space_type_loads=true	add_elevators=true	add_internal_mass=true	add_exterior_lights=true	onsite_parking_fraction=1	add_exhaust=true	add_swh=true	add_thermostat=true	add_hvac=true	add_refrigeration=true	unmet_hours_tolerance=1.0	remove_objects=true	use_upstream_args=false
hvac_system_type	PTAC with gas unit heaters	create_custom_building_from_spec	system_type=PTAC with gas unit heaters	hvac_delivery_type=Inferred	htg_src=Inferred	clg_src=Inferred	kitchen_makeup=Adjacent	exterior_lighting_zone=3 - All Other Areas	add_constructions=true	add_space_type_loads=true	add_elevators=true	add_internal_mass=true	add_exterior_lights=true	onsite_parking_fraction=1	add_exhaust=true	add_swh=true	add_thermostat=true	add_hvac=true	add_refrigeration=true	unmet_hours_tolerance=1.0	remove_objects=true	use_upstream_args=false
hvac_system_type	PTAC with electric coil	create_custom_building_from_spec	system_type=PTAC with electric coil	hvac_delivery_type=Inferred	htg_src=Inferred	clg_src=Inferred	kitchen_makeup=Adjacent	exterior_lighting_zone=3 - All Other Areas	add_constructions=true	add_space_type_loads=true	add_elevators=true	add_internal_mass=true	add_exterior_lights=true	onsite_parking_fraction=1	add_exhaust=true	add_swh=true	add_thermostat=true	add_hvac=true	add_refrigeration=true	unmet_hours_tolerance=1.0	remove_objects=true	use_upstream_args=false
hvac_system_type	PTAC with gas coil	create_custom_building_from_spec	system_type=PTAC with gas coil	hvac_delivery_type=Inferred	htg_src=Inferred	clg_src=Inferred	kitchen_makeup=Adjacent	exterior_lighting_zone=3 - All Other Areas	add_constructions=true	add_space_type_loads=true	add_elevators=true	add_internal_mass=true	add_exterior_lights=true	onsite_parking_fraction=1	add_exhaust=true	add_swh=true	add_thermostat=true	add_hvac=true	add_refrigeration=true	unmet_hours_tolerance=1.0	remove_objects=true	use_upstream_args=false
hvac_system_type	PTAC with gas boiler	create_custom_building_from_spec	system_type=PTAC with gas boiler	hvac_delivery_type=Inferred	htg_src=Inferred	clg_src=Inferred	kitchen_makeup=Adjacent	exterior_lighting_zone=3 - All Other Areas	add_constructions=true	add_space_type_loads=true	add_elevators=true	add_internal_mass=true	add_exterior_lights=true	onsite_parking_fraction=1	add_exhaust=true	add_swh=true	add_thermostat=true	add_hvac=true	add_refrigeration=true	unmet_hours_tolerance=1.0	remove_objects=true	use_upstream_args=false
hvac_system_type	PTAC with central air source heat pump	create_custom_building_from_spec	system_type=PTAC with central air source heat pump	hvac_delivery_type=Inferred	htg_src=Inferred	clg_src=Inferred	kitchen_makeup=Adjacent	exterior_lighting_zone=3 - All Other Areas	add_constructions=true	add_space_type_loads=true	add_elevators=true	add_internal_mass=true	add_exterior_lights=true	onsite_parking_fraction=1	add_exhaust=true	add_swh=true	add_thermostat=true	add_hvac=true	add_refrigeration=true	unmet_hours_tolerance=1.0	remove_objects=true	use_upstream_args=false
hvac_system_type	PTAC with district hot water	create_custom_building_from_spec	system_type=PTAC with district hot water	hvac_delivery_type=Inferred	htg_src=Inferred	clg_src=Inferred	kitchen_makeup=Adjacent	exterior_lighting_zone=3 - All Other Areas	add_constructions=true	add_space_type_loads=true	add_elevators=true	add_internal_mass=true	add_exterior_lights=true	onsite_parking_fraction=1	add_exhaust=true	add_swh=true	add_thermostat=true	add_hvac=true	add_refrigeration=true	unmet_hours_tolerance=1.0	remove_objects=true	use_upstream_args=false
hvac_system_type	PTAC with no heat	create_custom_building_from_spec	system_type=PTAC with no heat	hvac_delivery_type=Inferred	htg_src=Inferred	clg_src=Inferred	kitchen_makeup=Adjacent	exterior_lighting_zone=3 - All Other Areas	add_constructions=true	add_space_type_loads=true	add_elevators=true	add_internal_mass=true	add_exterior_lights=true	onsite_parking_fraction=1	add_exhaust=true	add_swh=true	add_thermostat=true	add_hvac=true	add_refrigeration=true	unmet_hours_tolerance=1.0	remove_objects=true	use_upstream_args=false
hvac_system_type	PTHP	create_custom_building_from_spec	system_type=PTHP	hvac_delivery_type=Inferred	htg_src=Inferred	clg_src=Inferred	kitchen_makeup=Adjacent	exterior_lighting_zone=3 - All Other Areas	add_constructions=true	add_space_type_loads=true	add_elevators=true	add_internal_mass=true	add_exterior_lights=true	onsite_parking_fraction=1	add_exhaust=true	add_swh=true	add_thermostat=true	add_hvac=true	add_refrigeration=true	unmet_hours_tolerance=1.0	remove_objects=true	use_upstream_args=false
hvac_system_type	PSZ-AC with baseboard electric	create_custom_building_from_spec	system_type=PSZ-AC with baseboard electric	hvac_delivery_type=Inferred	htg_src=Inferred	clg_src=Inferred	kitchen_makeup=Adjacent	exterior_lighting_zone=3 - All Other Areas	add_constructions=true	add_space_type_loads=true	add_elevators=true	add_internal_mass=true	add_exterior_lights=true	onsite_parking_fraction=1	add_exhaust=true	add_swh=true	add_thermostat=true	add_hvac=true	add_refrigeration=true	unmet_hours_tolerance=1.0	remove_objects=true	use_upstream_args=false
hvac_system_type	PSZ-AC with baseboard gas boiler	create_custom_building_from_spec	system_type=PSZ-AC with baseboard gas boiler	hvac_delivery_type=Inferred	htg_src=Inferred	clg_src=Inferred	kitchen_makeup=Adjacent	exterior_lighting_zone=3 - All Other Areas	add_constructions=true	add_space_type_loads=true	add_elevators=true	add_internal_mass=true	add_exterior_lights=true	onsite_parking_fraction=1	add_exhaust=true	add_swh=true	add_thermostat=true	add_hvac=true	add_refrigeration=true	unmet_hours_tolerance=1.0	remove_objects=true	use_upstream_args=false
hvac_system_type	PSZ-AC with baseboard district hot water	create_custom_building_from_spec	system_type=PSZ-AC with baseboard district hot water	hvac_delivery_type=Inferred	htg_src=Inferred	clg_src=Inferred	kitchen_makeup=Adjacent	exterior_lighting_zone=3 - All Other Areas	add_constructions=true	add_space_type_loads=true	add_elevators=true	add_internal_mass=true	add_exterior_lights=true	onsite_parking_fraction=1	add_exhaust=true	add_swh=true	add_thermostat=true	add_hvac=true	add_refrigeration=true	unmet_hours_tolerance=1.0	remove_objects=true	use_upstream_args=false
hvac_system_type	PSZ-AC with gas unit heaters	create_custom_building_from_spec	system_type=PSZ-AC with gas unit heaters	hvac_delivery_type=Inferred	htg_src=Inferred	clg_src=Inferred	kitchen_makeup=Adjacent	exterior_lighting_zone=3 - All Other Areas	add_constructions=true	add_space_type_loads=true	add_elevators=true	add_internal_mass=true	add_exterior_lights=true	onsite_parking_fraction=1	add_exhaust=true	add_swh=true	add_thermostat=true	add_hvac=true	add_refrigeration=true	unmet_hours_tolerance=1.0	remove_objects=true	use_upstream_args=false
hvac_system_type	PSZ-AC with electric coil	create_custom_building_from_spec	system_type=PSZ-AC with electric coil	hvac_delivery_type=Inferred	htg_src=Inferred	clg_src=Inferred	kitchen_makeup=Adjacent	exterior_lighting_zone=3 - All Other Areas	add_constructions=true	add_space_type_loads=true	add_elevators=true	add_internal_mass=true	add_exterior_lights=true	onsite_parking_fraction=1	add_exhaust=true	add_swh=true	add_thermostat=true	add_hvac=true	add_refrigeration=true	unmet_hours_tolerance=1.0	remove_objects=true	use_upstream_args=false
hvac_system_type	PSZ-AC with gas coil	create_custom_building_from_spec	system_type=PSZ-AC with gas coil	hvac_delivery_type=Inferred	htg_src=Inferred	clg_src=Inferred	kitchen_makeup=Adjacent	exterior_lighting_zone=3 - All Other Areas	add_constructions=true	add_space_type_loads=true	add_elevators=true	add_internal_mass=true	add_exterior_lights=true	onsite_parking_fraction=1	add_exhaust=true	add_swh=true	add_thermostat=true	add_hvac=true	add_refrigeration=true	unmet_hours_tolerance=1.0	remove_objects=true	use_upstream_args=false
hvac_system_type	PSZ-AC with gas boiler	create_custom_building_from_spec	system_type=PSZ-AC with gas boiler	hvac_delivery_type=Inferred	htg_src=Inferred	clg_src=Inferred	kitchen_makeup=Adjacent	exterior_lighting_zone=3 - All Other Areas	add_constructions=true	add_space_type_loads=true	add_elevators=true	add_internal_mass=true	add_exterior_lights=true	onsite_parking_fraction=1	add_exhaust=true	add_swh=true	add_thermostat=true	add_hvac=true	add_refrigeration=true	unmet_hours_tolerance=1.0	remove_objects=true	use_upstream_args=false
hvac_system_type	PSZ-AC with central air source heat pump	create_custom_building_from_spec	system_type=PSZ-AC with central air source heat pump	hvac_delivery_type=Inferred	htg_src=Inferred	clg_src=Inferred	kitchen_makeup=Adjacent	exterior_lighting_zone=3 - All Other Areas	add_constructions=true	add_space_type_loads=true	add_elevators=true	add_internal_mass=true	add_exterior_lights=true	onsite_parking_fraction=1	add_exhaust=true	add_swh=true	add_thermostat=true	add_hvac=true	add_refrigeration=true	unmet_hours_tolerance=1.0	remove_objects=true	use_upstream_args=false
hvac_system_type	PSZ-AC with district hot water	create_custom_building_from_spec	system_type=PSZ-AC with district hot water	hvac_delivery_type=Inferred	htg_src=Inferred	clg_src=Inferred	kitchen_makeup=Adjacent	exterior_lighting_zone=3 - All Other Areas	add_constructions=true	add_space_type_loads=true	add_elevators=true	add_internal_mass=true	add_exterior_lights=true	onsite_parking_fraction=1	add_exhaust=true	add_swh=true	add_thermostat=true	add_hvac=true	add_refrigeration=true	unmet_hours_tolerance=1.0	remove_objects=true	use_upstream_args=false
hvac_system_type	PSZ-AC with no heat	create_custom_building_from_spec	system_type=PSZ-AC with no heat	hvac_delivery_type=Inferred	htg_src=Inferred	clg_src=Inferred	kitchen_makeup=Adjacent	exterior_lighting_zone=3 - All Other Areas	add_constructions=true	add_space_type_loads=true	add_elevators=true	add_internal_mass=true	add_exterior_lights=true	onsite_parking_fraction=1	add_exhaust=true	add_swh=true	add_thermostat=true	add_hvac=true	add_refrigeration=true	unmet_hours_tolerance=1.0	remove_objects=true	use_upstream_args=false
hvac_system_type	PSZ-AC district chilled water with baseboard electric	create_custom_building_from_spec	system_type=PSZ-AC district chilled water with baseboard electric	hvac_delivery_type=Inferred	htg_src=Inferred	clg_src=Inferred	kitchen_makeup=Adjacent	exterior_lighting_zone=3 - All Other Areas	add_constructions=true	add_space_type_loads=true	add_elevators=true	add_internal_mass=true	add_exterior_lights=true	onsite_parking_fraction=1	add_exhaust=true	add_swh=true	add_thermostat=true	add_hvac=true	add_refrigeration=true	unmet_hours_tolerance=1.0	remove_objects=true	use_upstream_args=false
hvac_system_type	PSZ-AC district chilled water with baseboard gas boiler	create_custom_building_from_spec	system_type=PSZ-AC district chilled water with baseboard gas boiler	hvac_delivery_type=Inferred	htg_src=Inferred	clg_src=Inferred	kitchen_makeup=Adjacent	exterior_lighting_zone=3 - All Other Areas	add_constructions=true	add_space_type_loads=true	add_elevators=true	add_internal_mass=true	add_exterior_lights=true	onsite_parking_fraction=1	add_exhaust=true	add_swh=true	add_thermostat=true	add_hvac=true	add_refrigeration=true	unmet_hours_tolerance=1.0	remove_objects=true	use_upstream_args=false
hvac_system_type	PSZ-AC district chilled water with baseboard district hot water	create_custom_building_from_spec	system_type=PSZ-AC district chilled water with baseboard district hot water	hvac_delivery_type=Inferred	htg_src=Inferred	clg_src=Inferred	kitchen_makeup=Adjacent	exterior_lighting_zone=3 - All Other Areas	add_constructions=true	add_space_type_loads=true	add_elevators=true	add_internal_mass=true	add_exterior_lights=true	onsite_parking_fraction=1	add_exhaust=true	add_swh=true	add_thermostat=true	add_hvac=true	add_refrigeration=true	unmet_hours_tolerance=1.0	remove_objects=true	use_upstream_args=false
hvac_system_type	PSZ-AC district chilled water with gas unit heaters	create_custom_building_from_spec	system_type=PSZ-AC district chilled water with gas unit heaters	hvac_delivery_type=Inferred	htg_src=Inferred	clg_src=Inferred	kitchen_makeup=Adjacent	exterior_lighting_zone=3 - All Other Areas	add_constructions=true	add_space_type_loads=true	add_elevators=true	add_internal_mass=true	add_exterior_lights=true	onsite_parking_fraction=1	add_exhaust=true	add_swh=true	add_thermostat=true	add_hvac=true	add_refrigeration=true	unmet_hours_tolerance=1.0	remove_objects=true	use_upstream_args=false
hvac_system_type	PSZ-AC district chilled water with electric coil	create_custom_building_from_spec	system_type=PSZ-AC district chilled water with electric coil	hvac_delivery_type=Inferred	htg_src=Inferred	clg_src=Inferred	kitchen_makeup=Adjacent	exterior_lighting_zone=3 - All Other Areas	add_constructions=true	add_space_type_loads=true	add_elevators=true	add_internal_mass=true	add_exterior_lights=true	onsite_parking_fraction=1	add_exhaust=true	add_swh=true	add_thermostat=true	add_hvac=true	add_refrigeration=true	unmet_hours_tolerance=1.0	remove_objects=true	use_upstream_args=false
hvac_system_type	PSZ-AC district chilled water with gas coil	create_custom_building_from_spec	system_type=PSZ-AC district chilled water with gas coil	hvac_delivery_type=Inferred	htg_src=Inferred	clg_src=Inferred	kitchen_makeup=Adjacent	exterior_lighting_zone=3 - All Other Areas	add_constructions=true	add_space_type_loads=true	add_elevators=true	add_internal_mass=true	add_exterior_lights=true	onsite_parking_fraction=1	add_exhaust=true	add_swh=true	add_thermostat=true	add_hvac=true	add_refrigeration=true	unmet_hours_tolerance=1.0	remove_objects=true	use_upstream_args=false
hvac_system_type	PSZ-AC district chilled water with gas boiler	create_custom_building_from_spec	system_type=PSZ-AC district chilled water with gas boiler	hvac_delivery_type=Inferred	htg_src=Inferred	clg_src=Inferred	kitchen_makeup=Adjacent	exterior_lighting_zone=3 - All Other Areas	add_constructions=true	add_space_type_loads=true	add_elevators=true	add_internal_mass=true	add_exterior_lights=true	onsite_parking_fraction=1	add_exhaust=true	add_swh=true	add_thermostat=true	add_hvac=true	add_refrigeration=true	unmet_hours_tolerance=1.0	remove_objects=true	use_upstream_args=false
hvac_system_type	PSZ-AC district chilled water with central air source heat pump	create_custom_building_from_spec	system_type=PSZ-AC district chilled water with central air source heat pump	hvac_delivery_type=Inferred	htg_src=Inferred	clg_src=Inferred	kitchen_makeup=Adjacent	exterior_lighting_zone=3 - All Other Areas	add_constructions=true	add_space_type_loads=true	add_elevators=true	add_internal_mass=true	add_exterior_lights=true	onsite_parking_fraction=1	add_exhaust=true	add_swh=true	add_thermostat=true	add_hvac=true	add_refrigeration=true	unmet_hours_tolerance=1.0	remove_objects=true	use_upstream_args=false
hvac_system_type	PSZ-AC district chilled water with district hot water	create_custom_building_from_spec	system_type=PSZ-AC district chilled water with district hot water	hvac_delivery_type=Inferred	htg_src=Inferred	clg_src=Inferred	kitchen_makeup=Adjacent	exterior_lighting_zone=3 - All Other Areas	add_constructions=true	add_space_type_loads=true	add_elevators=true	add_internal_mass=true	add_exterior_lights=true	onsite_parking_fraction=1	add_exhaust=true	add_swh=true	add_thermostat=true	add_hvac=true	add_refrigeration=true	unmet_hours_tolerance=1.0	remove_objects=true	use_upstream_args=false
hvac_system_type	PSZ-AC district chilled water with no heat	create_custom_building_from_spec	system_type=PSZ-AC district chilled water with no heat	hvac_delivery_type=Inferred	htg_src=Inferred	clg_src=Inferred	kitchen_makeup=Adjacent	exterior_lighting_zone=3 - All Other Areas	add_constructions=true	add_space_type_loads=true	add_elevators=true	add_internal_mass=true	add_exterior_lights=true	onsite_parking_fraction=1	add_exhaust=true	add_swh=true	add_thermostat=true	add_hvac=true	add_refrigeration=true	unmet_hours_tolerance=1.0	remove_objects=true	use_upstream_args=false
hvac_system_type	PSZ-HP	create_custom_building_from_spec	system_type=PSZ-HP	hvac_delivery_type=Inferred	htg_src=Inferred	clg_src=Inferred	kitchen_makeup=Adjacent	exterior_lighting_zone=3 - All Other Areas	add_constructions=true	add_space_type_loads=true	add_elevators=true	add_internal_mass=true	add_exterior_lights=true	onsite_parking_fraction=1	add_exhaust=true	add_swh=true	add_thermostat=true	add_hvac=true	add_refrigeration=true	unmet_hours_tolerance=1.0	remove_objects=true	use_upstream_args=false
hvac_system_type	PVAV with gas boiler reheat	create_custom_building_from_spec	system_type=PVAV with gas boiler reheat	hvac_delivery_type=Inferred	htg_src=Inferred	clg_src=Inferred	kitchen_makeup=Adjacent	exterior_lighting_zone=3 - All Other Areas	add_constructions=true	add_space_type_loads=true	add_elevators=true	add_internal_mass=true	add_exterior_lights=true	onsite_parking_fraction=1	add_exhaust=true	add_swh=true	add_thermostat=true	add_hvac=true	add_refrigeration=true	unmet_hours_tolerance=1.0	remove_objects=true	use_upstream_args=false
hvac_system_type	PVAV with central air source heat pump reheat	create_custom_building_from_spec	system_type=PVAV with central air source heat pump reheat	hvac_delivery_type=Inferred	htg_src=Inferred	clg_src=Inferred	kitchen_makeup=Adjacent	exterior_lighting_zone=3 - All Other Areas	add_constructions=true	add_space_type_loads=true	add_elevators=true	add_internal_mass=true	add_exterior_lights=true	onsite_parking_fraction=1	add_exhaust=true	add_swh=true	add_thermostat=true	add_hvac=true	add_refrigeration=true	unmet_hours_tolerance=1.0	remove_objects=true	use_upstream_args=false
hvac_system_type	PVAV with district hot water reheat	create_custom_building_from_spec	system_type=PVAV with district hot water reheat	hvac_delivery_type=Inferred	htg_src=Inferred	clg_src=Inferred	kitchen_makeup=Adjacent	exterior_lighting_zone=3 - All Other Areas	add_constructions=true	add_space_type_loads=true	add_elevators=true	add_internal_mass=true	add_exterior_lights=true	onsite_parking_fraction=1	add_exhaust=true	add_swh=true	add_thermostat=true	add_hvac=true	add_refrigeration=true	unmet_hours_tolerance=1.0	remove_objects=true	use_upstream_args=false
hvac_system_type	PVAV with PFP boxes	create_custom_building_from_spec	system_type=PVAV with PFP boxes	hvac_delivery_type=Inferred	htg_src=Inferred	clg_src=Inferred	kitchen_makeup=Adjacent	exterior_lighting_zone=3 - All Other Areas	add_constructions=true	add_space_type_loads=true	add_elevators=true	add_internal_mass=true	add_exterior_lights=true	onsite_parking_fraction=1	add_exhaust=true	add_swh=true	add_thermostat=true	add_hvac=true	add_refrigeration=true	unmet_hours_tolerance=1.0	remove_objects=true	use_upstream_args=false
hvac_system_type	PVAV with gas heat with electric reheat	create_custom_building_from_spec	system_type=PVAV with gas heat with electric reheat	hvac_delivery_type=Inferred	htg_src=Inferred	clg_src=Inferred	kitchen_makeup=Adjacent	exterior_lighting_zone=3 - All Other Areas	add_constructions=true	add_space_type_loads=true	add_elevators=true	add_internal_mass=true	add_exterior_lights=true	onsite_parking_fraction=1	add_exhaust=true	add_swh=true	add_thermostat=true	add_hvac=true	add_refrigeration=true	unmet_hours_tolerance=1.0	remove_objects=true	use_upstream_args=false
hvac_system_type	Residential AC with baseboard electric	create_custom_building_from_spec	system_type=Residential AC with baseboard electric	hvac_delivery_type=Inferred	htg_src=Inferred	clg_src=Inferred	kitchen_makeup=Adjacent	exterior_lighting_zone=3 - All Other Areas	add_constructions=true	add_space_type_loads=true	add_elevators=true	add_internal_mass=true	add_exterior_lights=true	onsite_parking_fraction=1	add_exhaust=true	add_swh=true	add_thermostat=true	add_hvac=true	add_refrigeration=true	unmet_hours_tolerance=1.0	remove_objects=true	use_upstream_args=false
hvac_system_type	Residential AC with baseboard gas boiler	create_custom_building_from_spec	system_type=Residential AC with baseboard gas boiler	hvac_delivery_type=Inferred	htg_src=Inferred	clg_src=Inferred	kitchen_makeup=Adjacent	exterior_lighting_zone=3 - All Other Areas	add_constructions=true	add_space_type_loads=true	add_elevators=true	add_internal_mass=true	add_exterior_lights=true	onsite_parking_fraction=1	add_exhaust=true	add_swh=true	add_thermostat=true	add_hvac=true	add_refrigeration=true	unmet_hours_tolerance=1.0	remove_objects=true	use_upstream_args=false
hvac_system_type	Residential AC with baseboard central air source heat pump	create_custom_building_from_spec	system_type=Residential AC with baseboard central air source heat pump	hvac_delivery_type=Inferred	htg_src=Inferred	clg_src=Inferred	kitchen_makeup=Adjacent	exterior_lighting_zone=3 - All Other Areas	add_constructions=true	add_space_type_loads=true	add_elevators=true	add_internal_mass=true	add_exterior_lights=true	onsite_parking_fraction=1	add_exhaust=true	add_swh=true	add_thermostat=true	add_hvac=true	add_refrigeration=true	unmet_hours_tolerance=1.0	remove_objects=true	use_upstream_args=false
hvac_system_type	Residential AC with baseboard district hot water	create_custom_building_from_spec	system_type=Residential AC with baseboard district hot water	hvac_delivery_type=Inferred	htg_src=Inferred	clg_src=Inferred	kitchen_makeup=Adjacent	exterior_lighting_zone=3 - All Other Areas	add_constructions=true	add_space_type_loads=true	add_elevators=true	add_internal_mass=true	add_exterior_lights=true	onsite_parking_fraction=1	add_exhaust=true	add_swh=true	add_thermostat=true	add_hvac=true	add_refrigeration=true	unmet_hours_tolerance=1.0	remove_objects=true	use_upstream_args=false
hvac_system_type	Residential AC with residential forced air furnace	create_custom_building_from_spec	system_type=Residential AC with residential forced air furnace	hvac_delivery_type=Inferred	htg_src=Inferred	clg_src=Inferred	kitchen_makeup=Adjacent	exterior_lighting_zone=3 - All Other Areas	add_constructions=true	add_space_type_loads=true	add_elevators=true	add_internal_mass=true	add_exterior_lights=true	onsite_parking_fraction=1	add_exhaust=true	add_swh=true	add_thermostat=true	add_hvac=true	add_refrigeration=true	unmet_hours_tolerance=1.0	remove_objects=true	use_upstream_args=false
hvac_system_type	Residential AC with no heat	create_custom_building_from_spec	system_type=Residential AC with no heat	hvac_delivery_type=Inferred	htg_src=Inferred	clg_src=Inferred	kitchen_makeup=Adjacent	exterior_lighting_zone=3 - All Other Areas	add_constructions=true	add_space_type_loads=true	add_elevators=true	add_internal_mass=true	add_exterior_lights=true	onsite_parking_fraction=1	add_exhaust=true	add_swh=true	add_thermostat=true	add_hvac=true	add_refrigeration=true	unmet_hours_tolerance=1.0	remove_objects=true	use_upstream_args=false
hvac_system_type	Residential heat pump	create_custom_building_from_spec	system_type=Residential heat pump	hvac_delivery_type=Inferred	htg_src=Inferred	clg_src=Inferred	kitchen_makeup=Adjacent	exterior_lighting_zone=3 - All Other Areas	add_constructions=true	add_space_type_loads=true	add_elevators=true	add_internal_mass=true	add_exterior_lights=true	onsite_parking_fraction=1	add_exhaust=true	add_swh=true	add_thermostat=true	add_hvac=true	add_refrigeration=true	unmet_hours_tolerance=1.0	remove_objects=true	use_upstream_args=false
hvac_system_type	Residential heat pump with no cooling	create_custom_building_from_spec	system_type=Residential heat pump with no cooling	hvac_delivery_type=Inferred	htg_src=Inferred	clg_src=Inferred	kitchen_makeup=Adjacent	exterior_lighting_zone=3 - All Other Areas	add_constructions=true	add_space_type_loads=true	add_elevators=true	add_internal_mass=true	add_exterior_lights=true	onsite_parking_fraction=1	add_exhaust=true	add_swh=true	add_thermostat=true	add_hvac=true	add_refrigeration=true	unmet_hours_tolerance=1.0	remove_objects=true	use_upstream_args=false
hvac_system_type	Residential forced air furnace	create_custom_building_from_spec	system_type=Residential forced air furnace	hvac_delivery_type=Inferred	htg_src=Inferred	clg_src=Inferred	kitchen_makeup=Adjacent	exterior_lighting_zone=3 - All Other Areas	add_constructions=true	add_space_type_loads=true	add_elevators=true	add_internal_mass=true	add_exterior_lights=true	onsite_parking_fraction=1	add_exhaust=true	add_swh=true	add_thermostat=true	add_hvac=true	add_refrigeration=true	unmet_hours_tolerance=1.0	remove_objects=true	use_upstream_args=false
hvac_system_type	VAV chiller with gas boiler reheat	create_custom_building_from_spec	system_type=VAV chiller with gas boiler reheat	hvac_delivery_type=Inferred	htg_src=Inferred	clg_src=Inferred	kitchen_makeup=Adjacent	exterior_lighting_zone=3 - All Other Areas	add_constructions=true	add_space_type_loads=true	add_elevators=true	add_internal_mass=true	add_exterior_lights=true	onsite_parking_fraction=1	add_exhaust=true	add_swh=true	add_thermostat=true	add_hvac=true	add_refrigeration=true	unmet_hours_tolerance=1.0	remove_objects=true	use_upstream_args=false
hvac_system_type	VAV chiller with central air source heat pump reheat	create_custom_building_from_spec	system_type=VAV chiller with central air source heat pump reheat	hvac_delivery_type=Inferred	htg_src=Inferred	clg_src=Inferred	kitchen_makeup=Adjacent	exterior_lighting_zone=3 - All Other Areas	add_constructions=true	add_space_type_loads=true	add_elevators=true	add_internal_mass=true	add_exterior_lights=true	onsite_parking_fraction=1	add_exhaust=true	add_swh=true	add_thermostat=true	add_hvac=true	add_refrigeration=true	unmet_hours_tolerance=1.0	remove_objects=true	use_upstream_args=false
hvac_system_type	VAV chiller with district hot water reheat	create_custom_building_from_spec	system_type=VAV chiller with district hot water reheat	hvac_delivery_type=Inferred	htg_src=Inferred	clg_src=Inferred	kitchen_makeup=Adjacent	exterior_lighting_zone=3 - All Other Areas	add_constructions=true	add_space_type_loads=true	add_elevators=true	add_internal_mass=true	add_exterior_lights=true	onsite_parking_fraction=1	add_exhaust=true	add_swh=true	add_thermostat=true	add_hvac=true	add_refrigeration=true	unmet_hours_tolerance=1.0	remove_objects=true	use_upstream_args=false
hvac_system_type	VAV chiller with PFP boxes	create_custom_building_from_spec	system_type=VAV chiller with PFP boxes	hvac_delivery_type=Inferred	htg_src=Inferred	clg_src=Inferred	kitchen_makeup=Adjacent	exterior_lighting_zone=3 - All Other Areas	add_constructions=true	add_space_type_loads=true	add_elevators=true	add_internal_mass=true	add_exterior_lights=true	onsite_parking_fraction=1	add_exhaust=true	add_swh=true	add_thermostat=true	add_hvac=true	add_refrigeration=true	unmet_hours_tolerance=1.0	remove_objects=true	use_upstream_args=false
hvac_system_type	VAV chiller with gas coil reheat	create_custom_building_from_spec	system_type=VAV chiller with gas coil reheat	hvac_delivery_type=Inferred	htg_src=Inferred	clg_src=Inferred	kitchen_makeup=Adjacent	exterior_lighting_zone=3 - All Other Areas	add_constructions=true	add_space_type_loads=true	add_elevators=true	add_internal_mass=true	add_exterior_lights=true	onsite_parking_fraction=1	add_exhaust=true	add_swh=true	add_thermostat=true	add_hvac=true	add_refrigeration=true	unmet_hours_tolerance=1.0	remove_objects=true	use_upstream_args=false
hvac_system_type	VAV chiller with no reheat with baseboard electric	create_custom_building_from_spec	system_type=VAV chiller with no reheat with baseboard electric	hvac_delivery_type=Inferred	htg_src=Inferred	clg_src=Inferred	kitchen_makeup=Adjacent	exterior_lighting_zone=3 - All Other Areas	add_constructions=true	add_space_type_loads=true	add_elevators=true	add_internal_mass=true	add_exterior_lights=true	onsite_parking_fraction=1	add_exhaust=true	add_swh=true	add_thermostat=true	add_hvac=true	add_refrigeration=true	unmet_hours_tolerance=1.0	remove_objects=true	use_upstream_args=false
hvac_system_type	VAV chiller with no reheat with gas unit heaters	create_custom_building_from_spec	system_type=VAV chiller with no reheat with gas unit heaters	hvac_delivery_type=Inferred	htg_src=Inferred	clg_src=Inferred	kitchen_makeup=Adjacent	exterior_lighting_zone=3 - All Other Areas	add_constructions=true	add_space_type_loads=true	add_elevators=true	add_internal_mass=true	add_exterior_lights=true	onsite_parking_fraction=1	add_exhaust=true	add_swh=true	add_thermostat=true	add_hvac=true	add_refrigeration=true	unmet_hours_tolerance=1.0	remove_objects=true	use_upstream_args=false
hvac_system_type	VAV chiller with no reheat with zone heat pump	create_custom_building_from_spec	system_type=VAV chiller with no reheat with zone heat pump	hvac_delivery_type=Inferred	htg_src=Inferred	clg_src=Inferred	kitchen_makeup=Adjacent	exterior_lighting_zone=3 - All Other Areas	add_constructions=true	add_space_type_loads=true	add_elevators=true	add_internal_mass=true	add_exterior_lights=true	onsite_parking_fraction=1	add_exhaust=true	add_swh=true	add_thermostat=true	add_hvac=true	add_refrigeration=true	unmet_hours_tolerance=1.0	remove_objects=true	use_upstream_args=false
hvac_system_type	VAV air-cooled chiller with gas boiler reheat	create_custom_building_from_spec	system_type=VAV air-cooled chiller with gas boiler reheat	hvac_delivery_type=Inferred	htg_src=Inferred	clg_src=Inferred	kitchen_makeup=Adjacent	exterior_lighting_zone=3 - All Other Areas	add_constructions=true	add_space_type_loads=true	add_elevators=true	add_internal_mass=true	add_exterior_lights=true	onsite_parking_fraction=1	add_exhaust=true	add_swh=true	add_thermostat=true	add_hvac=true	add_refrigeration=true	unmet_hours_tolerance=1.0	remove_objects=true	use_upstream_args=false
hvac_system_type	VAV air-cooled chiller with central air source heat pump reheat	create_custom_building_from_spec	system_type=VAV air-cooled chiller with central air source heat pump reheat	hvac_delivery_type=Inferred	htg_src=Inferred	clg_src=Inferred	kitchen_makeup=Adjacent	exterior_lighting_zone=3 - All Other Areas	add_constructions=true	add_space_type_loads=true	add_elevators=true	add_internal_mass=true	add_exterior_lights=true	onsite_parking_fraction=1	add_exhaust=true	add_swh=true	add_thermostat=true	add_hvac=true	add_refrigeration=true	unmet_hours_tolerance=1.0	remove_objects=true	use_upstream_args=false
hvac_system_type	VAV air-cooled chiller with district hot water reheat	create_custom_building_from_spec	system_type=VAV air-cooled chiller with district hot water reheat	hvac_delivery_type=Inferred	htg_src=Inferred	clg_src=Inferred	kitchen_makeup=Adjacent	exterior_lighting_zone=3 - All Other Areas	add_constructions=true	add_space_type_loads=true	add_elevators=true	add_internal_mass=true	add_exterior_lights=true	onsite_parking_fraction=1	add_exhaust=true	add_swh=true	add_thermostat=true	add_hvac=true	add_refrigeration=true	unmet_hours_tolerance=1.0	remove_objects=true	use_upstream_args=false
hvac_system_type	VAV air-cooled chiller with PFP boxes	create_custom_building_from_spec	system_type=VAV air-cooled chiller with PFP boxes	hvac_delivery_type=Inferred	htg_src=Inferred	clg_src=Inferred	kitchen_makeup=Adjacent	exterior_lighting_zone=3 - All Other Areas	add_constructions=true	add_space_type_loads=true	add_elevators=true	add_internal_mass=true	add_exterior_lights=true	onsite_parking_fraction=1	add_exhaust=true	add_swh=true	add_thermostat=true	add_hvac=true	add_refrigeration=true	unmet_hours_tolerance=1.0	remove_objects=true	use_upstream_args=false
hvac_system_type	VAV air-cooled chiller with gas coil reheat	create_custom_building_from_spec	system_type=VAV air-cooled chiller with gas coil reheat	hvac_delivery_type=Inferred	htg_src=Inferred	clg_src=Inferred	kitchen_makeup=Adjacent	exterior_lighting_zone=3 - All Other Areas	add_constructions=true	add_space_type_loads=true	add_elevators=true	add_internal_mass=true	add_exterior_lights=true	onsite_parking_fraction=1	add_exhaust=true	add_swh=true	add_thermostat=true	add_hvac=true	add_refrigeration=true	unmet_hours_tolerance=1.0	remove_objects=true	use_upstream_args=false
hvac_system_type	VAV air-cooled chiller with no reheat with baseboard electric	create_custom_building_from_spec	system_type=VAV air-cooled chiller with no reheat with baseboard electric	hvac_delivery_type=Inferred	htg_src=Inferred	clg_src=Inferred	kitchen_makeup=Adjacent	exterior_lighting_zone=3 - All Other Areas	add_constructions=true	add_space_type_loads=true	add_elevators=true	add_internal_mass=true	add_exterior_lights=true	onsite_parking_fraction=1	add_exhaust=true	add_swh=true	add_thermostat=true	add_hvac=true	add_refrigeration=true	unmet_hours_tolerance=1.0	remove_objects=true	use_upstream_args=false
hvac_system_type	VAV air-cooled chiller with no reheat with gas unit heaters	create_custom_building_from_spec	system_type=VAV air-cooled chiller with no reheat with gas unit heaters	hvac_delivery_type=Inferred	htg_src=Inferred	clg_src=Inferred	kitchen_makeup=Adjacent	exterior_lighting_zone=3 - All Other Areas	add_constructions=true	add_space_type_loads=true	add_elevators=true	add_internal_mass=true	add_exterior_lights=true	onsite_parking_fraction=1	add_exhaust=true	add_swh=true	add_thermostat=true	add_hvac=true	add_refrigeration=true	unmet_hours_tolerance=1.0	remove_objects=true	use_upstream_args=false
hvac_system_type	VAV air-cooled chiller with no reheat with zone heat pump	create_custom_building_from_spec	system_type=VAV air-cooled chiller with no reheat with zone heat pump	hvac_delivery_type=Inferred	htg_src=Inferred	clg_src=Inferred	kitchen_makeup=Adjacent	exterior_lighting_zone=3 - All Other Areas	add_constructions=true	add_space_type_loads=true	add_elevators=true	add_internal_mass=true	add_exterior_lights=true	onsite_parking_fraction=1	add_exhaust=true	add_swh=true	add_thermostat=true	add_hvac=true	add_refrigeration=true	unmet_hours_tolerance=1.0	remove_objects=true	use_upstream_args=false
hvac_system_type	VAV district chilled water with gas boiler reheat	create_custom_building_from_spec	system_type=VAV district chilled water with gas boiler reheat	hvac_delivery_type=Inferred	htg_src=Inferred	clg_src=Inferred	kitchen_makeup=Adjacent	exterior_lighting_zone=3 - All Other Areas	add_constructions=true	add_space_type_loads=true	add_elevators=true	add_internal_mass=true	add_exterior_lights=true	onsite_parking_fraction=1	add_exhaust=true	add_swh=true	add_thermostat=true	add_hvac=true	add_refrigeration=true	unmet_hours_tolerance=1.0	remove_objects=true	use_upstream_args=false
hvac_system_type	VAV district chilled water with central air source heat pump reheat	create_custom_building_from_spec	system_type=VAV district chilled water with central air source heat pump reheat	hvac_delivery_type=Inferred	htg_src=Inferred	clg_src=Inferred	kitchen_makeup=Adjacent	exterior_lighting_zone=3 - All Other Areas	add_constructions=true	add_space_type_loads=true	add_elevators=true	add_internal_mass=true	add_exterior_lights=true	onsite_parking_fraction=1	add_exhaust=true	add_swh=true	add_thermostat=true	add_hvac=true	add_refrigeration=true	unmet_hours_tolerance=1.0	remove_objects=true	use_upstream_args=false
hvac_system_type	VAV district chilled water with district hot water reheat	create_custom_building_from_spec	system_type=VAV district chilled water with district hot water reheat	hvac_delivery_type=Inferred	htg_src=Inferred	clg_src=Inferred	kitchen_makeup=Adjacent	exterior_lighting_zone=3 - All Other Areas	add_constructions=true	add_space_type_loads=true	add_elevators=true	add_internal_mass=true	add_exterior_lights=true	onsite_parking_fraction=1	add_exhaust=true	add_swh=true	add_thermostat=true	add_hvac=true	add_refrigeration=true	unmet_hours_tolerance=1.0	remove_objects=true	use_upstream_args=false
hvac_system_type	VAV district chilled water with PFP boxes	create_custom_building_from_spec	system_type=VAV district chilled water with PFP boxes	hvac_delivery_type=Inferred	htg_src=Inferred	clg_src=Inferred	kitchen_makeup=Adjacent	exterior_lighting_zone=3 - All Other Areas	add_constructions=true	add_space_type_loads=true	add_elevators=true	add_internal_mass=true	add_exterior_lights=true	onsite_parking_fraction=1	add_exhaust=true	add_swh=true	add_thermostat=true	add_hvac=true	add_refrigeration=true	unmet_hours_tolerance=1.0	remove_objects=true	use_upstream_args=false
hvac_system_type	VAV district chilled water with gas coil reheat	create_custom_building_from_spec	system_type=VAV district chilled water with gas coil reheat	hvac_delivery_type=Inferred	htg_src=Inferred	clg_src=Inferred	kitchen_makeup=Adjacent	exterior_lighting_zone=3 - All Other Areas	add_constructions=true	add_space_type_loads=true	add_elevators=true	add_internal_mass=true	add_exterior_lights=true	onsite_parking_fraction=1	add_exhaust=true	add_swh=true	add_thermostat=true	add_hvac=true	add_refrigeration=true	unmet_hours_tolerance=1.0	remove_objects=true	use_upstream_args=false
hvac_system_type	VAV district chilled water with no reheat with baseboard electric	create_custom_building_from_spec	system_type=VAV district chilled water with no reheat with baseboard electric	hvac_delivery_type=Inferred	htg_src=Inferred	clg_src=Inferred	kitchen_makeup=Adjacent	exterior_lighting_zone=3 - All Other Areas	add_constructions=true	add_space_type_loads=true	add_elevators=true	add_internal_mass=true	add_exterior_lights=true	onsite_parking_fraction=1	add_exhaust=true	add_swh=true	add_thermostat=true	add_hvac=true	add_refrigeration=true	unmet_hours_tolerance=1.0	remove_objects=true	use_upstream_args=false
hvac_system_type	VAV district chilled water with no reheat with gas unit heaters	create_custom_building_from_spec	system_type=VAV district chilled water with no reheat with gas unit heaters	hvac_delivery_type=Inferred	htg_src=Inferred	clg_src=Inferred	kitchen_makeup=Adjacent	exterior_lighting_zone=3 - All Other Areas	add_constructions=true	add_space_type_loads=true	add_elevators=true	add_internal_mass=true	add_exterior_lights=true	onsite_parking_fraction=1	add_exhaust=true	add_swh=true	add_thermostat=true	add_hvac=true	add_refrigeration=true	unmet_hours_tolerance=1.0	remove_objects=true	use_upstream_args=false
hvac_system_type	VAV district chilled water with no reheat with zone heat pump	create_custom_building_from_spec	system_type=VAV district chilled water with no reheat with zone heat pump	hvac_delivery_type=Inferred	htg_src=Inferred	clg_src=Inferred	kitchen_makeup=Adjacent	exterior_lighting_zone=3 - All Other Areas	add_constructions=true	add_space_type_loads=true	add_elevators=true	add_internal_mass=true	add_exterior_lights=true	onsite_parking_fraction=1	add_exhaust=true	add_swh=true	add_thermostat=true	add_hvac=true	add_refrigeration=true	unmet_hours_tolerance=1.0	remove_objects=true	use_upstream_args=false
hvac_system_type	VRF	create_custom_building_from_spec	system_type=VRF	hvac_delivery_type=Inferred	htg_src=Inferred	clg_src=Inferred	kitchen_makeup=Adjacent	exterior_lighting_zone=3 - All Other Areas	add_constructions=true	add_space_type_loads=true	add_elevators=true	add_internal_mass=true	add_exterior_lights=true	onsite_parking_fraction=1	add_exhaust=true	add_swh=true	add_thermostat=true	add_hvac=true	add_refrigeration=true	unmet_hours_tolerance=1.0	remove_objects=true	use_upstream_args=false
hvac_system_type	Water source heat pumps fluid cooler with boiler	create_custom_building_from_spec	system_type=Water source heat pumps fluid cooler with boiler	hvac_delivery_type=Inferred	htg_src=Inferred	clg_src=Inferred	kitchen_makeup=Adjacent	exterior_lighting_zone=3 - All Other Areas	add_constructions=true	add_space_type_loads=true	add_elevators=true	add_internal_mass=true	add_exterior_lights=true	onsite_parking_fraction=1	add_exhaust=true	add_swh=true	add_thermostat=true	add_hvac=true	add_refrigeration=true	unmet_hours_tolerance=1.0	remove_objects=true	use_upstream_args=false
hvac_system_type	Water source heat pumps cooling tower with boiler	create_custom_building_from_spec	system_type=Water source heat pumps cooling tower with boiler	hvac_delivery_type=Inferred	htg_src=Inferred	clg_src=Inferred	kitchen_makeup=Adjacent	exterior_lighting_zone=3 - All Other Areas	add_constructions=true	add_space_type_loads=true	add_elevators=true	add_internal_mass=true	add_exterior_lights=true	onsite_parking_fraction=1	add_exhaust=true	add_swh=true	add_thermostat=true	add_hvac=true	add_refrigeration=true	unmet_hours_tolerance=1.0	remove_objects=true	use_upstream_args=false
hvac_system_type	Water source heat pumps with ground source heat pump	create_custom_building_from_spec	system_type=Water source heat pumps with ground source heat pump	hvac_delivery_type=Inferred	htg_src=Inferred	clg_src=Inferred	kitchen_makeup=Adjacent	exterior_lighting_zone=3 - All Other Areas	add_constructions=true	add_space_type_loads=true	add_elevators=true	add_internal_mass=true	add_exterior_lights=true	onsite_parking_fraction=1	add_exhaust=true	add_swh=true	add_thermostat=true	add_hvac=true	add_refrigeration=true	unmet_hours_tolerance=1.0	remove_objects=true	use_upstream_args=false
hvac_system_type	Water source heat pumps district chilled water with district hot water	create_custom_building_from_spec	system_type=Water source heat pumps district chilled water with district hot water	hvac_delivery_type=Inferred	htg_src=Inferred	clg_src=Inferred	kitchen_makeup=Adjacent	exterior_lighting_zone=3 - All Other Areas	add_constructions=true	add_space_type_loads=true	add_elevators=true	add_internal_mass=true	add_exterior_lights=true	onsite_parking_fraction=1	add_exhaust=true	add_swh=true	add_thermostat=true	add_hvac=true	add_refrigeration=true	unmet_hours_tolerance=1.0	remove_objects=true	use_upstream_args=false
hvac_system_type	Window AC with baseboard electric	create_custom_building_from_spec	system_type=Window AC with baseboard electric	hvac_delivery_type=Inferred	htg_src=Inferred	clg_src=Inferred	kitchen_makeup=Adjacent	exterior_lighting_zone=3 - All Other Areas	add_constructions=true	add_space_type_loads=true	add_elevators=true	add_internal_mass=true	add_exterior_lights=true	onsite_parking_fraction=1	add_exhaust=true	add_swh=true	add_thermostat=true	add_hvac=true	add_refrigeration=true	unmet_hours_tolerance=1.0	remove_objects=true	use_upstream_args=false
hvac_system_type	Window AC with baseboard gas boiler	create_custom_building_from_spec	system_type=Window AC with baseboard gas boiler	hvac_delivery_type=Inferred	htg_src=Inferred	clg_src=Inferred	kitchen_makeup=Adjacent	exterior_lighting_zone=3 - All Other Areas	add_constructions=true	add_space_type_loads=true	add_elevators=true	add_internal_mass=true	add_exterior_lights=true	onsite_parking_fraction=1	add_exhaust=true	add_swh=true	add_thermostat=true	add_hvac=true	add_refrigeration=true	unmet_hours_tolerance=1.0	remove_objects=true	use_upstream_args=false
hvac_system_type	Window AC with baseboard central air source heat pump	create_custom_building_from_spec	system_type=Window AC with baseboard central air source heat pump	hvac_delivery_type=Inferred	htg_src=Inferred	clg_src=Inferred	kitchen_makeup=Adjacent	exterior_lighting_zone=3 - All Other Areas	add_constructions=true	add_space_type_loads=true	add_elevators=true	add_internal_mass=true	add_exterior_lights=true	onsite_parking_fraction=1	add_exhaust=true	add_swh=true	add_thermostat=true	add_hvac=true	add_refrigeration=true	unmet_hours_tolerance=1.0	remove_objects=true	use_upstream_args=false
hvac_system_type	Window AC with baseboard district hot water	create_custom_building_from_spec	system_type=Window AC with baseboard district hot water	hvac_delivery_type=Inferred	htg_src=Inferred	clg_src=Inferred	kitchen_makeup=Adjacent	exterior_lighting_zone=3 - All Other Areas	add_constructions=true	add_space_type_loads=true	add_elevators=true	add_internal_mass=true	add_exterior_lights=true	onsite_parking_fraction=1	add_exhaust=true	add_swh=true	add_thermostat=true	add_hvac=true	add_refrigeration=true	unmet_hours_tolerance=1.0	remove_objects=true	use_upstream_args=false
hvac_system_type	Window AC with forced air furnace	create_custom_building_from_spec	system_type=Window AC with forced air furnace	hvac_delivery_type=Inferred	htg_src=Inferred	clg_src=Inferred	kitchen_makeup=Adjacent	exterior_lighting_zone=3 - All Other Areas	add_constructions=true	add_space_type_loads=true	add_elevators=true	add_internal_mass=true	add_exterior_lights=true	onsite_parking_fraction=1	add_exhaust=true	add_swh=true	add_thermostat=true	add_hvac=true	add_refrigeration=true	unmet_hours_tolerance=1.0	remove_objects=true	use_upstream_args=false
hvac_system_type	Window AC with unit heaters	create_custom_building_from_spec	system_type=Window AC with unit heaters	hvac_delivery_type=Inferred	htg_src=Inferred	clg_src=Inferred	kitchen_makeup=Adjacent	exterior_lighting_zone=3 - All Other Areas	add_constructions=true	add_space_type_loads=true	add_elevators=true	add_internal_mass=true	add_exterior_lights=true	onsite_parking_fraction=1	add_exhaust=true	add_swh=true	add_thermostat=true	add_hvac=true	add_refrigeration=true	unmet_hours_tolerance=1.0	remove_objects=true	use_upstream_args=false
hvac_system_type	Window AC with no heat	create_custom_building_from_spec	system_type=Window AC with no heat	hvac_delivery_type=Inferred	htg_src=Inferred	clg_src=Inferred	kitchen_makeup=Adjacent	exterior_lighting_zone=3 - All Other Areas	add_constructions=true	add_space_type_loads=true	add_elevators=true	add_internal_mass=true	add_exterior_lights=true	onsite_parking_fraction=1	add_exhaust=true	add_swh=true	add_thermostat=true	add_hvac=true	add_refrigeration=true	unmet_hours_tolerance=1.0	remove_objects=true	use_upstream_args=false
hvac_fan_sp_reset	default	upgrade_hvac_fan_static_pressure_reset
refrigeration_technology_level	NA	create_custom_building_from_spec	refrigeration_template=old
refrigeration_technology_level	old	create_custom_building_from_spec	refrigeration_template=old
refrigeration_technology_level	new	create_custom_building_from_spec	refrigeration_template=new
refrigeration_technology_level	advanced	create_custom_building_from_spec	refrigeration_template=advanced
heating_fuel	NaturalGas	set_heating_fuel	heating_fuel=NaturalGas
heating_fuel	FuelOil	set_heating_fuel	heating_fuel=FuelOil
heating_fuel	Propane	set_heating_fuel	heating_fuel=Propane
heating_fuel	Electricity	set_heating_fuel	heating_fuel=Electricity
heating_fuel	DistrictHeating	set_heating_fuel	heating_fuel=DistrictHeating
heating_fuel	NoHeating	set_heating_fuel	heating_fuel=NoHeating
weekday_start_time	NA	create_custom_building_from_spec	modify_wkdy_op_hrs=false	wkdy_op_hrs_start_time=0.00
weekday_start_time	3.5	create_custom_building_from_spec	modify_wkdy_op_hrs=true	wkdy_op_hrs_start_time=3.5
weekday_start_time	3.75	create_custom_building_from_spec	modify_wkdy_op_hrs=true	wkdy_op_hrs_start_time=3.75
weekday_start_time	4.0	create_custom_building_from_spec	modify_wkdy_op_hrs=true	wkdy_op_hrs_start_time=4.0
weekday_start_time	4	create_custom_building_from_spec	modify_wkdy_op_hrs=true	wkdy_op_hrs_start_time=4.0
weekday_start_time	4.25	create_custom_building_from_spec	modify_wkdy_op_hrs=true	wkdy_op_hrs_start_time=4.25
weekday_start_time	4.5	create_custom_building_from_spec	modify_wkdy_op_hrs=true	wkdy_op_hrs_start_time=4.5
weekday_start_time	4.75	create_custom_building_from_spec	modify_wkdy_op_hrs=true	wkdy_op_hrs_start_time=4.75
weekday_start_time	5.0	create_custom_building_from_spec	modify_wkdy_op_hrs=true	wkdy_op_hrs_start_time=5.0
weekday_start_time	5	create_custom_building_from_spec	modify_wkdy_op_hrs=true	wkdy_op_hrs_start_time=5.0
weekday_start_time	5.25	create_custom_building_from_spec	modify_wkdy_op_hrs=true	wkdy_op_hrs_start_time=5.25
weekday_start_time	5.5	create_custom_building_from_spec	modify_wkdy_op_hrs=true	wkdy_op_hrs_start_time=5.5
weekday_start_time	5.75	create_custom_building_from_spec	modify_wkdy_op_hrs=true	wkdy_op_hrs_start_time=5.75
weekday_start_time	6.0	create_custom_building_from_spec	modify_wkdy_op_hrs=true	wkdy_op_hrs_start_time=6.0
weekday_start_time	6	create_custom_building_from_spec	modify_wkdy_op_hrs=true	wkdy_op_hrs_start_time=6.0
weekday_start_time	6.25	create_custom_building_from_spec	modify_wkdy_op_hrs=true	wkdy_op_hrs_start_time=6.25
weekday_start_time	6.5	create_custom_building_from_spec	modify_wkdy_op_hrs=true	wkdy_op_hrs_start_time=6.5
weekday_start_time	6.75	create_custom_building_from_spec	modify_wkdy_op_hrs=true	wkdy_op_hrs_start_time=6.75
weekday_start_time	7.0	create_custom_building_from_spec	modify_wkdy_op_hrs=true	wkdy_op_hrs_start_time=7.0
weekday_start_time	7	create_custom_building_from_spec	modify_wkdy_op_hrs=true	wkdy_op_hrs_start_time=7.0
weekday_start_time	7.25	create_custom_building_from_spec	modify_wkdy_op_hrs=true	wkdy_op_hrs_start_time=7.25
weekday_start_time	7.5	create_custom_building_from_spec	modify_wkdy_op_hrs=true	wkdy_op_hrs_start_time=7.5
weekday_start_time	7.75	create_custom_building_from_spec	modify_wkdy_op_hrs=true	wkdy_op_hrs_start_time=7.75
weekday_start_time	8.0	create_custom_building_from_spec	modify_wkdy_op_hrs=true	wkdy_op_hrs_start_time=8.0
weekday_start_time	8	create_custom_building_from_spec	modify_wkdy_op_hrs=true	wkdy_op_hrs_start_time=8.0
weekday_start_time	8.25	create_custom_building_from_spec	modify_wkdy_op_hrs=true	wkdy_op_hrs_start_time=8.25
weekday_start_time	8.5	create_custom_building_from_spec	modify_wkdy_op_hrs=true	wkdy_op_hrs_start_time=8.5
weekday_start_time	8.75	create_custom_building_from_spec	modify_wkdy_op_hrs=true	wkdy_op_hrs_start_time=8.75
weekday_start_time	9.0	create_custom_building_from_spec	modify_wkdy_op_hrs=true	wkdy_op_hrs_start_time=9.0
weekday_start_time	9	create_custom_building_from_spec	modify_wkdy_op_hrs=true	wkdy_op_hrs_start_time=9.0
weekday_start_time	9.25	create_custom_building_from_spec	modify_wkdy_op_hrs=true	wkdy_op_hrs_start_time=9.25
weekday_start_time	9.5	create_custom_building_from_spec	modify_wkdy_op_hrs=true	wkdy_op_hrs_start_time=9.5
weekday_start_time	9.75	create_custom_building_from_spec	modify_wkdy_op_hrs=true	wkdy_op_hrs_start_time=9.75
weekday_start_time	10.0	create_custom_building_from_spec	modify_wkdy_op_hrs=true	wkdy_op_hrs_start_time=10.0
weekday_start_time	10	create_custom_building_from_spec	modify_wkdy_op_hrs=true	wkdy_op_hrs_start_time=10.0
weekday_start_time	10.25	create_custom_building_from_spec	modify_wkdy_op_hrs=true	wkdy_op_hrs_start_time=10.25
weekday_start_time	10.5	create_custom_building_from_spec	modify_wkdy_op_hrs=true	wkdy_op_hrs_start_time=10.5
weekday_start_time	10.75	create_custom_building_from_spec	modify_wkdy_op_hrs=true	wkdy_op_hrs_start_time=10.75
weekday_start_time	11.0	create_custom_building_from_spec	modify_wkdy_op_hrs=true	wkdy_op_hrs_start_time=11.0
weekday_start_time	11	create_custom_building_from_spec	modify_wkdy_op_hrs=true	wkdy_op_hrs_start_time=11.0
weekday_start_time	11.25	create_custom_building_from_spec	modify_wkdy_op_hrs=true	wkdy_op_hrs_start_time=11.25
weekday_start_time	11.5	create_custom_building_from_spec	modify_wkdy_op_hrs=true	wkdy_op_hrs_start_time=11.5
weekday_start_time	11.75	create_custom_building_from_spec	modify_wkdy_op_hrs=true	wkdy_op_hrs_start_time=11.75
weekday_start_time	12.0	create_custom_building_from_spec	modify_wkdy_op_hrs=true	wkdy_op_hrs_start_time=12.0
weekday_start_time	12	create_custom_building_from_spec	modify_wkdy_op_hrs=true	wkdy_op_hrs_start_time=12.0
weekday_start_time	12.25	create_custom_building_from_spec	modify_wkdy_op_hrs=true	wkdy_op_hrs_start_time=12.25
weekday_duration	NA	create_custom_building_from_spec	wkdy_op_hrs_duration=0.0
weekday_duration	5.75	create_custom_building_from_spec	wkdy_op_hrs_duration=5.75
weekday_duration	6.0	create_custom_building_from_spec	wkdy_op_hrs_duration=6.0
weekday_duration	6	create_custom_building_from_spec	wkdy_op_hrs_duration=6.0
weekday_duration	6.25	create_custom_building_from_spec	wkdy_op_hrs_duration=6.25
weekday_duration	6.5	create_custom_building_from_spec	wkdy_op_hrs_duration=6.5
weekday_duration	6.75	create_custom_building_from_spec	wkdy_op_hrs_duration=6.75
weekday_duration	7.0	create_custom_building_from_spec	wkdy_op_hrs_duration=7.0
weekday_duration	7	create_custom_building_from_spec	wkdy_op_hrs_duration=7.0
weekday_duration	7.25	create_custom_building_from_spec	wkdy_op_hrs_duration=7.25
weekday_duration	7.5	create_custom_building_from_spec	wkdy_op_hrs_duration=7.5
weekday_duration	7.75	create_custom_building_from_spec	wkdy_op_hrs_duration=7.75
weekday_duration	8.0	create_custom_building_from_spec	wkdy_op_hrs_duration=8.0
weekday_duration	8	create_custom_building_from_spec	wkdy_op_hrs_duration=8.0
weekday_duration	8.25	create_custom_building_from_spec	wkdy_op_hrs_duration=8.25
weekday_duration	8.5	create_custom_building_from_spec	wkdy_op_hrs_duration=8.5
weekday_duration	8.75	create_custom_building_from_spec	wkdy_op_hrs_duration=8.75
weekday_duration	9.0	create_custom_building_from_spec	wkdy_op_hrs_duration=9.0
weekday_duration	9	create_custom_building_from_spec	wkdy_op_hrs_duration=9.0
weekday_duration	9.25	create_custom_building_from_spec	wkdy_op_hrs_duration=9.25
weekday_duration	9.5	create_custom_building_from_spec	wkdy_op_hrs_duration=9.5
weekday_duration	9.75	create_custom_building_from_spec	wkdy_op_hrs_duration=9.75
weekday_duration	10.0	create_custom_building_from_spec	wkdy_op_hrs_duration=10.0
weekday_duration	10	create_custom_building_from_spec	wkdy_op_hrs_duration=10.0
weekday_duration	10.25	create_custom_building_from_spec	wkdy_op_hrs_duration=10.25
weekday_duration	10.5	create_custom_building_from_spec	wkdy_op_hrs_duration=10.5
weekday_duration	10.75	create_custom_building_from_spec	wkdy_op_hrs_duration=10.75
weekday_duration	11.0	create_custom_building_from_spec	wkdy_op_hrs_duration=11.0
weekday_duration	11	create_custom_building_from_spec	wkdy_op_hrs_duration=11.0
weekday_duration	11.25	create_custom_building_from_spec	wkdy_op_hrs_duration=11.25
weekday_duration	11.5	create_custom_building_from_spec	wkdy_op_hrs_duration=11.5
weekday_duration	11.75	create_custom_building_from_spec	wkdy_op_hrs_duration=11.75
weekday_duration	12.0	create_custom_building_from_spec	wkdy_op_hrs_duration=12.0
weekday_duration	12	create_custom_building_from_spec	wkdy_op_hrs_duration=12.0
weekday_duration	12.25	create_custom_building_from_spec	wkdy_op_hrs_duration=12.25
weekday_duration	12.5	create_custom_building_from_spec	wkdy_op_hrs_duration=12.5
weekday_duration	12.75	create_custom_building_from_spec	wkdy_op_hrs_duration=12.75
weekday_duration	13.0	create_custom_building_from_spec	wkdy_op_hrs_duration=13.0
weekday_duration	13	create_custom_building_from_spec	wkdy_op_hrs_duration=13.0
weekday_duration	13.25	create_custom_building_from_spec	wkdy_op_hrs_duration=13.25
weekday_duration	13.5	create_custom_building_from_spec	wkdy_op_hrs_duration=13.5
weekday_duration	13.75	create_custom_building_from_spec	wkdy_op_hrs_duration=13.75
weekday_duration	14.0	create_custom_building_from_spec	wkdy_op_hrs_duration=14.0
weekday_duration	14	create_custom_building_from_spec	wkdy_op_hrs_duration=14.0
weekday_duration	14.25	create_custom_building_from_spec	wkdy_op_hrs_duration=14.25
weekday_duration	14.5	create_custom_building_from_spec	wkdy_op_hrs_duration=14.5
weekday_duration	14.75	create_custom_building_from_spec	wkdy_op_hrs_duration=14.75
weekday_duration	15.0	create_custom_building_from_spec	wkdy_op_hrs_duration=15.0
weekday_duration	15	create_custom_building_from_spec	wkdy_op_hrs_duration=15.0
weekday_duration	15.25	create_custom_building_from_spec	wkdy_op_hrs_duration=15.25
weekday_duration	15.5	create_custom_building_from_spec	wkdy_op_hrs_duration=15.5
weekday_duration	15.75	create_custom_building_from_spec	wkdy_op_hrs_duration=15.75
weekday_duration	16.0	create_custom_building_from_spec	wkdy_op_hrs_duration=16.0
weekday_duration	16	create_custom_building_from_spec	wkdy_op_hrs_duration=16.0
weekday_duration	16.25	create_custom_building_from_spec	wkdy_op_hrs_duration=16.25
weekday_duration	16.5	create_custom_building_from_spec	wkdy_op_hrs_duration=16.5
weekday_duration	16.75	create_custom_building_from_spec	wkdy_op_hrs_duration=16.75
weekday_duration	17.0	create_custom_building_from_spec	wkdy_op_hrs_duration=17.0
weekday_duration	17	create_custom_building_from_spec	wkdy_op_hrs_duration=17.0
weekday_duration	17.25	create_custom_building_from_spec	wkdy_op_hrs_duration=17.25
weekday_duration	17.5	create_custom_building_from_spec	wkdy_op_hrs_duration=17.5
weekday_duration	17.75	create_custom_building_from_spec	wkdy_op_hrs_duration=17.75
weekday_duration	18.0	create_custom_building_from_spec	wkdy_op_hrs_duration=18.0
weekday_duration	18	create_custom_building_from_spec	wkdy_op_hrs_duration=18.0
weekday_duration	18.25	create_custom_building_from_spec	wkdy_op_hrs_duration=18.25
weekday_duration	18.5	create_custom_building_from_spec	wkdy_op_hrs_duration=18.5
weekday_duration	18.75	create_custom_building_from_spec	wkdy_op_hrs_duration=18.75
weekend_start_time	NA	create_custom_building_from_spec	modify_wknd_op_hrs=false	wknd_op_hrs_start_time=0.0
weekend_start_time	3.5	create_custom_building_from_spec	modify_wknd_op_hrs=true	wknd_op_hrs_start_time=3.5
weekend_start_time	3.75	create_custom_building_from_spec	modify_wknd_op_hrs=true	wknd_op_hrs_start_time=3.75
weekend_start_time	4.0	create_custom_building_from_spec	modify_wknd_op_hrs=true	wknd_op_hrs_start_time=4.0
weekend_start_time	4	create_custom_building_from_spec	modify_wknd_op_hrs=true	wknd_op_hrs_start_time=4.0
weekend_start_time	4.25	create_custom_building_from_spec	modify_wknd_op_hrs=true	wknd_op_hrs_start_time=4.25
weekend_start_time	4.5	create_custom_building_from_spec	modify_wknd_op_hrs=true	wknd_op_hrs_start_time=4.5
weekend_start_time	4.75	create_custom_building_from_spec	modify_wknd_op_hrs=true	wknd_op_hrs_start_time=4.75
weekend_start_time	5.0	create_custom_building_from_spec	modify_wknd_op_hrs=true	wknd_op_hrs_start_time=5.0
weekend_start_time	5	create_custom_building_from_spec	modify_wknd_op_hrs=true	wknd_op_hrs_start_time=5.0
weekend_start_time	5.25	create_custom_building_from_spec	modify_wknd_op_hrs=true	wknd_op_hrs_start_time=5.25
weekend_start_time	5.5	create_custom_building_from_spec	modify_wknd_op_hrs=true	wknd_op_hrs_start_time=5.5
weekend_start_time	5.75	create_custom_building_from_spec	modify_wknd_op_hrs=true	wknd_op_hrs_start_time=5.75
weekend_start_time	6.0	create_custom_building_from_spec	modify_wknd_op_hrs=true	wknd_op_hrs_start_time=6.0
weekend_start_time	6	create_custom_building_from_spec	modify_wknd_op_hrs=true	wknd_op_hrs_start_time=6.0
weekend_start_time	6.25	create_custom_building_from_spec	modify_wknd_op_hrs=true	wknd_op_hrs_start_time=6.25
weekend_start_time	6.5	create_custom_building_from_spec	modify_wknd_op_hrs=true	wknd_op_hrs_start_time=6.5
weekend_start_time	6.75	create_custom_building_from_spec	modify_wknd_op_hrs=true	wknd_op_hrs_start_time=6.75
weekend_start_time	7.0	create_custom_building_from_spec	modify_wknd_op_hrs=true	wknd_op_hrs_start_time=7.0
weekend_start_time	7	create_custom_building_from_spec	modify_wknd_op_hrs=true	wknd_op_hrs_start_time=7.0
weekend_start_time	7.25	create_custom_building_from_spec	modify_wknd_op_hrs=true	wknd_op_hrs_start_time=7.25
weekend_start_time	7.5	create_custom_building_from_spec	modify_wknd_op_hrs=true	wknd_op_hrs_start_time=7.5
weekend_start_time	7.75	create_custom_building_from_spec	modify_wknd_op_hrs=true	wknd_op_hrs_start_time=7.75
weekend_start_time	8.0	create_custom_building_from_spec	modify_wknd_op_hrs=true	wknd_op_hrs_start_time=8.0
weekend_start_time	8	create_custom_building_from_spec	modify_wknd_op_hrs=true	wknd_op_hrs_start_time=8.0
weekend_start_time	8.25	create_custom_building_from_spec	modify_wknd_op_hrs=true	wknd_op_hrs_start_time=8.25
weekend_start_time	8.5	create_custom_building_from_spec	modify_wknd_op_hrs=true	wknd_op_hrs_start_time=8.5
weekend_start_time	8.75	create_custom_building_from_spec	modify_wknd_op_hrs=true	wknd_op_hrs_start_time=8.75
weekend_start_time	9.0	create_custom_building_from_spec	modify_wknd_op_hrs=true	wknd_op_hrs_start_time=9.0
weekend_start_time	9	create_custom_building_from_spec	modify_wknd_op_hrs=true	wknd_op_hrs_start_time=9.0
weekend_start_time	9.25	create_custom_building_from_spec	modify_wknd_op_hrs=true	wknd_op_hrs_start_time=9.25
weekend_start_time	9.5	create_custom_building_from_spec	modify_wknd_op_hrs=true	wknd_op_hrs_start_time=9.5
weekend_start_time	9.75	create_custom_building_from_spec	modify_wknd_op_hrs=true	wknd_op_hrs_start_time=9.75
weekend_start_time	10.0	create_custom_building_from_spec	modify_wknd_op_hrs=true	wknd_op_hrs_start_time=10.0
weekend_start_time	10	create_custom_building_from_spec	modify_wknd_op_hrs=true	wknd_op_hrs_start_time=10.0
weekend_start_time	10.25	create_custom_building_from_spec	modify_wknd_op_hrs=true	wknd_op_hrs_start_time=10.25
weekend_start_time	10.5	create_custom_building_from_spec	modify_wknd_op_hrs=true	wknd_op_hrs_start_time=10.5
weekend_start_time	10.75	create_custom_building_from_spec	modify_wknd_op_hrs=true	wknd_op_hrs_start_time=10.75
weekend_start_time	11.0	create_custom_building_from_spec	modify_wknd_op_hrs=true	wknd_op_hrs_start_time=11.0
weekend_start_time	11	create_custom_building_from_spec	modify_wknd_op_hrs=true	wknd_op_hrs_start_time=11.0
weekend_start_time	11.25	create_custom_building_from_spec	modify_wknd_op_hrs=true	wknd_op_hrs_start_time=11.25
weekend_start_time	11.5	create_custom_building_from_spec	modify_wknd_op_hrs=true	wknd_op_hrs_start_time=11.5
weekend_start_time	11.75	create_custom_building_from_spec	modify_wknd_op_hrs=true	wknd_op_hrs_start_time=11.75
weekend_start_time	12.0	create_custom_building_from_spec	modify_wknd_op_hrs=true	wknd_op_hrs_start_time=12.0
weekend_start_time	12	create_custom_building_from_spec	modify_wknd_op_hrs=true	wknd_op_hrs_start_time=12.0
weekend_start_time	12.25	create_custom_building_from_spec	modify_wknd_op_hrs=true	wknd_op_hrs_start_time=12.25
weekend_duration	NA	create_custom_building_from_spec	wknd_op_hrs_duration=0.0
weekend_duration	5.75	create_custom_building_from_spec	wknd_op_hrs_duration=5.75
weekend_duration	6.0	create_custom_building_from_spec	wknd_op_hrs_duration=6.0
weekend_duration	6	create_custom_building_from_spec	wknd_op_hrs_duration=6.0
weekend_duration	6.25	create_custom_building_from_spec	wknd_op_hrs_duration=6.25
weekend_duration	6.5	create_custom_building_from_spec	wknd_op_hrs_duration=6.5
weekend_duration	6.75	create_custom_building_from_spec	wknd_op_hrs_duration=6.75
weekend_duration	7.0	create_custom_building_from_spec	wknd_op_hrs_duration=7.0
weekend_duration	7	create_custom_building_from_spec	wknd_op_hrs_duration=7.0
weekend_duration	7.25	create_custom_building_from_spec	wknd_op_hrs_duration=7.25
weekend_duration	7.5	create_custom_building_from_spec	wknd_op_hrs_duration=7.5
weekend_duration	7.75	create_custom_building_from_spec	wknd_op_hrs_duration=7.75
weekend_duration	8.0	create_custom_building_from_spec	wknd_op_hrs_duration=8.0
weekend_duration	8	create_custom_building_from_spec	wknd_op_hrs_duration=8.0
weekend_duration	8.25	create_custom_building_from_spec	wknd_op_hrs_duration=8.25
weekend_duration	8.5	create_custom_building_from_spec	wknd_op_hrs_duration=8.5
weekend_duration	8.75	create_custom_building_from_spec	wknd_op_hrs_duration=8.75
weekend_duration	9.0	create_custom_building_from_spec	wknd_op_hrs_duration=9.0
weekend_duration	9	create_custom_building_from_spec	wknd_op_hrs_duration=9.0
weekend_duration	9.25	create_custom_building_from_spec	wknd_op_hrs_duration=9.25
weekend_duration	9.5	create_custom_building_from_spec	wknd_op_hrs_duration=9.5
weekend_duration	9.75	create_custom_building_from_spec	wknd_op_hrs_duration=9.75
weekend_duration	10.0	create_custom_building_from_spec	wknd_op_hrs_duration=10.0
weekend_duration	10	create_custom_building_from_spec	wknd_op_hrs_duration=10.0
weekend_duration	10.25	create_custom_building_from_spec	wknd_op_hrs_duration=10.25
weekend_duration	10.5	create_custom_building_from_spec	wknd_op_hrs_duration=10.5
weekend_duration	10.75	create_custom_building_from_spec	wknd_op_hrs_duration=10.75
weekend_duration	11.0	create_custom_building_from_spec	wknd_op_hrs_duration=11.0
weekend_duration	11	create_custom_building_from_spec	wknd_op_hrs_duration=11.0
weekend_duration	11.25	create_custom_building_from_spec	wknd_op_hrs_duration=11.25
weekend_duration	11.5	create_custom_building_from_spec	wknd_op_hrs_duration=11.5
weekend_duration	11.75	create_custom_building_from_spec	wknd_op_hrs_duration=11.75
weekend_duration	12.0	create_custom_building_from_spec	wknd_op_hrs_duration=12.0
weekend_duration	12	create_custom_building_from_spec	wknd_op_hrs_duration=12.0
weekend_duration	12.25	create_custom_building_from_spec	wknd_op_hrs_duration=12.25
weekend_duration	12.5	create_custom_building_from_spec	wknd_op_hrs_duration=12.5
weekend_duration	12.75	create_custom_building_from_spec	wknd_op_hrs_duration=12.75
weekend_duration	13.0	create_custom_building_from_spec	wknd_op_hrs_duration=13.0
weekend_duration	13	create_custom_building_from_spec	wknd_op_hrs_duration=13.0
weekend_duration	13.25	create_custom_building_from_spec	wknd_op_hrs_duration=13.25
weekend_duration	13.5	create_custom_building_from_spec	wknd_op_hrs_duration=13.5
weekend_duration	13.75	create_custom_building_from_spec	wknd_op_hrs_duration=13.75
weekend_duration	14.0	create_custom_building_from_spec	wknd_op_hrs_duration=14.0
weekend_duration	14	create_custom_building_from_spec	wknd_op_hrs_duration=14.0
weekend_duration	14.25	create_custom_building_from_spec	wknd_op_hrs_duration=14.25
weekend_duration	14.5	create_custom_building_from_spec	wknd_op_hrs_duration=14.5
weekend_duration	14.75	create_custom_building_from_spec	wknd_op_hrs_duration=14.75
weekend_duration	15.0	create_custom_building_from_spec	wknd_op_hrs_duration=15.0
weekend_duration	15	create_custom_building_from_spec	wknd_op_hrs_duration=15.0
weekend_duration	15.25	create_custom_building_from_spec	wknd_op_hrs_duration=15.25
weekend_duration	15.5	create_custom_building_from_spec	wknd_op_hrs_duration=15.5
weekend_duration	15.75	create_custom_building_from_spec	wknd_op_hrs_duration=15.75
weekend_duration	16.0	create_custom_building_from_spec	wknd_op_hrs_duration=16.0
weekend_duration	16	create_custom_building_from_spec	wknd_op_hrs_duration=16.0
weekend_duration	16.25	create_custom_building_from_spec	wknd_op_hrs_duration=16.25
weekend_duration	16.5	create_custom_building_from_spec	wknd_op_hrs_duration=16.5
weekend_duration	16.75	create_custom_building_from_spec	wknd_op_hrs_duration=16.75
weekend_duration	17.0	create_custom_building_from_spec	wknd_op_hrs_duration=17.0
weekend_duration	17	create_custom_building_from_spec	wknd_op_hrs_duration=17.0
weekend_duration	17.25	create_custom_building_from_spec	wknd_op_hrs_duration=17.25
weekend_duration	17.5	create_custom_building_from_spec	wknd_op_hrs_duration=17.5
weekend_duration	17.75	create_custom_building_from_spec	wknd_op_hrs_duration=17.75
weekend_duration	18.0	create_custom_building_from_spec	wknd_op_hrs_duration=18.0
weekend_duration	18	create_custom_building_from_spec	wknd_op_hrs_duration=18.0
weekend_duration	18.25	create_custom_building_from_spec	wknd_op_hrs_duration=18.25
weekend_duration	18.5	create_custom_building_from_spec	wknd_op_hrs_duration=18.5
weekend_duration	18.75	create_custom_building_from_spec	wknd_op_hrs_duration=18.75
energy_code_followed_during_last_interior_equipment_replacement	ComStock DOE Ref Pre-1980	set_interior_equipment_template	template=ComStock DOE Ref Pre-1980
energy_code_followed_during_last_interior_equipment_replacement	ComStock DOE Ref 1980-2004	set_interior_equipment_template	template=ComStock DOE Ref 1980-2004
energy_code_followed_during_last_interior_equipment_replacement	ComStock 90.1-2004	set_interior_equipment_template	template=ComStock 90.1-2004
energy_code_followed_during_last_interior_equipment_replacement	ComStock 90.1-2007	set_interior_equipment_template	template=ComStock 90.1-2007
energy_code_followed_during_last_interior_equipment_replacement	ComStock 90.1-2010	set_interior_equipment_template	template=ComStock 90.1-2010
energy_code_followed_during_last_interior_equipment_replacement	ComStock 90.1-2013	set_interior_equipment_template	template=ComStock 90.1-2013
energy_code_followed_during_last_interior_equipment_replacement	ComStock 90.1-2016	set_interior_equipment_template	template=ComStock 90.1-2016
energy_code_followed_during_last_interior_equipment_replacement	ComStock 90.1-2019	set_interior_equipment_template	template=ComStock 90.1-2019
energy_code_followed_during_last_interior_equipment_replacement	ComStock DEER Pre-1975	set_interior_equipment_template	template=ComStock DEER Pre-1975
energy_code_followed_during_last_interior_equipment_replacement	ComStock DEER 1985	set_interior_equipment_template	template=ComStock DEER 1985
energy_code_followed_during_last_interior_equipment_replacement	ComStock DEER 1996	set_interior_equipment_template	template=ComStock DEER 1996
energy_code_followed_during_last_interior_equipment_replacement	ComStock DEER 2003	set_interior_equipment_template	template=ComStock DEER 2003
energy_code_followed_during_last_interior_equipment_replacement	ComStock DEER 2007	set_interior_equipment_template	template=ComStock DEER 2007
energy_code_followed_during_last_interior_equipment_replacement	ComStock DEER 2011	set_interior_equipment_template	template=ComStock DEER 2011
energy_code_followed_during_last_interior_equipment_replacement	ComStock DEER 2014	set_interior_equipment_template	template=ComStock DEER 2014
energy_code_followed_during_last_interior_equipment_replacement	ComStock DEER 2015	set_interior_equipment_template	template=ComStock DEER 2015
energy_code_followed_during_last_interior_equipment_replacement	ComStock DEER 2017	set_interior_equipment_template	template=ComStock DEER 2017
energy_code_followed_during_last_interior_equipment_replacement	ComStock DEER 2020	set_interior_equipment_template	template=ComStock DEER 2020
energy_code_followed_during_last_walls_replacement	ComStock DOE Ref Pre-1980	set_wall_template	template=ComStock DOE Ref Pre-1980
energy_code_followed_during_last_walls_replacement	ComStock DOE Ref 1980-2004	set_wall_template	template=ComStock DOE Ref 1980-2004
energy_code_followed_during_last_walls_replacement	ComStock 90.1-2004	set_wall_template	template=ComStock 90.1-2004
energy_code_followed_during_last_walls_replacement	ComStock 90.1-2007	set_wall_template	template=ComStock 90.1-2007
energy_code_followed_during_last_walls_replacement	ComStock 90.1-2010	set_wall_template	template=ComStock 90.1-2010
energy_code_followed_during_last_walls_replacement	ComStock 90.1-2013	set_wall_template	template=ComStock 90.1-2013
energy_code_followed_during_last_walls_replacement	ComStock 90.1-2016	set_wall_template	template=ComStock 90.1-2016
energy_code_followed_during_last_walls_replacement	ComStock 90.1-2019	set_wall_template	template=ComStock 90.1-2019
energy_code_followed_during_last_walls_replacement	ComStock DEER Pre-1975	set_wall_template	template=ComStock DEER Pre-1975
energy_code_followed_during_last_walls_replacement	ComStock DEER 1985	set_wall_template	template=ComStock DEER 1985
energy_code_followed_during_last_walls_replacement	ComStock DEER 1996	set_wall_template	template=ComStock DEER 1996
energy_code_followed_during_last_walls_replacement	ComStock DEER 2003	set_wall_template	template=ComStock DEER 2003
energy_code_followed_during_last_walls_replacement	ComStock DEER 2007	set_wall_template	template=ComStock DEER 2007
energy_code_followed_during_last_walls_replacement	ComStock DEER 2011	set_wall_template	template=ComStock DEER 2011
energy_code_followed_during_last_walls_replacement	ComStock DEER 2014	set_wall_template	template=ComStock DEER 2014
energy_code_followed_during_last_walls_replacement	ComStock DEER 2015	set_wall_template	template=ComStock DEER 2015
energy_code_followed_during_last_walls_replacement	ComStock DEER 2017	set_wall_template	template=ComStock DEER 2017
energy_code_followed_during_last_walls_replacement	ComStock DEER 2020	set_wall_template	template=ComStock DEER 2020
energy_code_followed_during_last_roof_replacement	ComStock DOE Ref Pre-1980	set_roof_template	template=ComStock DOE Ref Pre-1980
energy_code_followed_during_last_roof_replacement	ComStock DOE Ref 1980-2004	set_roof_template	template=ComStock DOE Ref 1980-2004
energy_code_followed_during_last_roof_replacement	ComStock 90.1-2004	set_roof_template	template=ComStock 90.1-2004
energy_code_followed_during_last_roof_replacement	ComStock 90.1-2007	set_roof_template	template=ComStock 90.1-2007
energy_code_followed_during_last_roof_replacement	ComStock 90.1-2010	set_roof_template	template=ComStock 90.1-2010
energy_code_followed_during_last_roof_replacement	ComStock 90.1-2013	set_roof_template	template=ComStock 90.1-2013
energy_code_followed_during_last_roof_replacement	ComStock 90.1-2016	set_roof_template	template=ComStock 90.1-2016
energy_code_followed_during_last_roof_replacement	ComStock 90.1-2019	set_roof_template	template=ComStock 90.1-2019
energy_code_followed_during_last_roof_replacement	ComStock DEER Pre-1975	set_roof_template	template=ComStock DEER Pre-1975
energy_code_followed_during_last_roof_replacement	ComStock DEER 1985	set_roof_template	template=ComStock DEER 1985
energy_code_followed_during_last_roof_replacement	ComStock DEER 1996	set_roof_template	template=ComStock DEER 1996
energy_code_followed_during_last_roof_replacement	ComStock DEER 2003	set_roof_template	template=ComStock DEER 2003
energy_code_followed_during_last_roof_replacement	ComStock DEER 2007	set_roof_template	template=ComStock DEER 2007
energy_code_followed_during_last_roof_replacement	ComStock DEER 2011	set_roof_template	template=ComStock DEER 2011
energy_code_followed_during_last_roof_replacement	ComStock DEER 2014	set_roof_template	template=ComStock DEER 2014
energy_code_followed_during_last_roof_replacement	ComStock DEER 2015	set_roof_template	template=ComStock DEER 2015
energy_code_followed_during_last_roof_replacement	ComStock DEER 2017	set_roof_template	template=ComStock DEER 2017
energy_code_followed_during_last_roof_replacement	ComStock DEER 2020	set_roof_template	template=ComStock DEER 2020
energy_code_followed_during_last_service_water_heating_replacement	ComStock DOE Ref Pre-1980	set_service_water_heating_template	template=ComStock DOE Ref Pre-1980
energy_code_followed_during_last_service_water_heating_replacement	ComStock DOE Ref 1980-2004	set_service_water_heating_template	template=ComStock DOE Ref 1980-2004
energy_code_followed_during_last_service_water_heating_replacement	ComStock 90.1-2004	set_service_water_heating_template	template=ComStock 90.1-2004
energy_code_followed_during_last_service_water_heating_replacement	ComStock 90.1-2007	set_service_water_heating_template	template=ComStock 90.1-2007
energy_code_followed_during_last_service_water_heating_replacement	ComStock 90.1-2010	set_service_water_heating_template	template=ComStock 90.1-2010
energy_code_followed_during_last_service_water_heating_replacement	ComStock 90.1-2013	set_service_water_heating_template	template=ComStock 90.1-2013
energy_code_followed_during_last_service_water_heating_replacement	ComStock 90.1-2016	set_service_water_heating_template	template=ComStock 90.1-2016
energy_code_followed_during_last_service_water_heating_replacement	ComStock 90.1-2019	set_service_water_heating_template	template=ComStock 90.1-2019
energy_code_followed_during_last_service_water_heating_replacement	ComStock DEER Pre-1975	set_service_water_heating_template	template=ComStock DEER Pre-1975
energy_code_followed_during_last_service_water_heating_replacement	ComStock DEER 1985	set_service_water_heating_template	template=ComStock DEER 1985
energy_code_followed_during_last_service_water_heating_replacement	ComStock DEER 1996	set_service_water_heating_template	template=ComStock DEER 1996
energy_code_followed_during_last_service_water_heating_replacement	ComStock DEER 2003	set_service_water_heating_template	template=ComStock DEER 2003
energy_code_followed_during_last_service_water_heating_replacement	ComStock DEER 2007	set_service_water_heating_template	template=ComStock DEER 2007
energy_code_followed_during_last_service_water_heating_replacement	ComStock DEER 2011	set_service_water_heating_template	template=ComStock DEER 2011
energy_code_followed_during_last_service_water_heating_replacement	ComStock DEER 2014	set_service_water_heating_template	template=ComStock DEER 2014
energy_code_followed_during_last_service_water_heating_replacement	ComStock DEER 2015	set_service_water_heating_template	template=ComStock DEER 2015
energy_code_followed_during_last_service_water_heating_replacement	ComStock DEER 2017	set_service_water_heating_template	template=ComStock DEER 2017
energy_code_followed_during_last_service_water_heating_replacement	ComStock DEER 2020	set_service_water_heating_template	template=ComStock DEER 2020
energy_code_followed_during_last_hvac_replacement	ComStock DOE Ref Pre-1980	set_hvac_template	template=ComStock DOE Ref Pre-1980
energy_code_followed_during_last_hvac_replacement	ComStock DOE Ref 1980-2004	set_hvac_template	template=ComStock DOE Ref 1980-2004
energy_code_followed_during_last_hvac_replacement	ComStock 90.1-2004	set_hvac_template	template=ComStock 90.1-2004
energy_code_followed_during_last_hvac_replacement	ComStock 90.1-2007	set_hvac_template	template=ComStock 90.1-2007
energy_code_followed_during_last_hvac_replacement	ComStock 90.1-2010	set_hvac_template	template=ComStock 90.1-2010
energy_code_followed_during_last_hvac_replacement	ComStock 90.1-2013	set_hvac_template	template=ComStock 90.1-2013
energy_code_followed_during_last_hvac_replacement	ComStock 90.1-2016	set_hvac_template	template=ComStock 90.1-2016
energy_code_followed_during_last_hvac_replacement	ComStock 90.1-2019	set_hvac_template	template=ComStock 90.1-2019
energy_code_followed_during_last_hvac_replacement	ComStock DEER Pre-1975	set_hvac_template	template=ComStock DEER Pre-1975
energy_code_followed_during_last_hvac_replacement	ComStock DEER 1985	set_hvac_template	template=ComStock DEER 1985
energy_code_followed_during_last_hvac_replacement	ComStock DEER 1996	set_hvac_template	template=ComStock DEER 1996
energy_code_followed_during_last_hvac_replacement	ComStock DEER 2003	set_hvac_template	template=ComStock DEER 2003
energy_code_followed_during_last_hvac_replacement	ComStock DEER 2007	set_hvac_template	template=ComStock DEER 2007
energy_code_followed_during_last_hvac_replacement	ComStock DEER 2011	set_hvac_template	template=ComStock DEER 2011
energy_code_followed_during_last_hvac_replacement	ComStock DEER 2014	set_hvac_template	template=ComStock DEER 2014
energy_code_followed_during_last_hvac_replacement	ComStock DEER 2015	set_hvac_template	template=ComStock DEER 2015
energy_code_followed_during_last_hvac_replacement	ComStock DEER 2017	set_hvac_template	template=ComStock DEER 2017
energy_code_followed_during_last_hvac_replacement	ComStock DEER 2020	set_hvac_template	template=ComStock DEER 2020
lighting_generation	gen1_t12_incandescent	create_custom_building_from_spec	lighting_generation=gen1_t12_incandescent
lighting_generation	gen2_t8_halogen	create_custom_building_from_spec	lighting_generation=gen2_t8_halogen
lighting_generation	gen3_t5_cfl	create_custom_building_from_spec	lighting_generation=gen3_t5_cfl
lighting_generation	gen4_led	create_custom_building_from_spec	lighting_generation=gen4_led
lighting_generation	gen5_led	create_custom_building_from_spec	lighting_generation=gen5_led
lighting_generation	gen6_led	create_custom_building_from_spec	lighting_generation=gen6_led
lighting_generation	gen7_led	create_custom_building_from_spec	lighting_generation=gen7_led
lighting_generation	gen8_led	create_custom_building_from_spec	lighting_generation=gen8_led
ltg_sch_weekday_base_peak_ratio	NA	create_custom_building_from_spec	ltg_wkdy_bpr=999
ltg_sch_weekday_base_peak_ratio	0.0	create_custom_building_from_spec	ltg_wkdy_bpr=0.0
ltg_sch_weekday_base_peak_ratio	0	create_custom_building_from_spec	ltg_wkdy_bpr=0.0
ltg_sch_weekday_base_peak_ratio	0.05	create_custom_building_from_spec	ltg_wkdy_bpr=0.05
ltg_sch_weekday_base_peak_ratio	0.1	create_custom_building_from_spec	ltg_wkdy_bpr=0.1
ltg_sch_weekday_base_peak_ratio	0.15	create_custom_building_from_spec	ltg_wkdy_bpr=0.15
ltg_sch_weekday_base_peak_ratio	0.2	create_custom_building_from_spec	ltg_wkdy_bpr=0.2
ltg_sch_weekday_base_peak_ratio	0.25	create_custom_building_from_spec	ltg_wkdy_bpr=0.25
ltg_sch_weekday_base_peak_ratio	0.3	create_custom_building_from_spec	ltg_wkdy_bpr=0.3
ltg_sch_weekday_base_peak_ratio	0.35	create_custom_building_from_spec	ltg_wkdy_bpr=0.35
ltg_sch_weekday_base_peak_ratio	0.4	create_custom_building_from_spec	ltg_wkdy_bpr=0.4
ltg_sch_weekday_base_peak_ratio	0.45	create_custom_building_from_spec	ltg_wkdy_bpr=0.45
ltg_sch_weekday_base_peak_ratio	0.5	create_custom_building_from_spec	ltg_wkdy_bpr=0.5
ltg_sch_weekday_base_peak_ratio	0.55	create_custom_building_from_spec	ltg_wkdy_bpr=0.55
ltg_sch_weekday_base_peak_ratio	0.6	create_custom_building_from_spec	ltg_wkdy_bpr=0.6
ltg_sch_weekday_base_peak_ratio	0.65	create_custom_building_from_spec	ltg_wkdy_bpr=0.65
ltg_sch_weekday_base_peak_ratio	0.7	create_custom_building_from_spec	ltg_wkdy_bpr=0.7
ltg_sch_weekday_base_peak_ratio	0.75	create_custom_building_from_spec	ltg_wkdy_bpr=0.75
ltg_sch_weekday_base_peak_ratio	0.8	create_custom_building_from_spec	ltg_wkdy_bpr=0.8
ltg_sch_weekday_base_peak_ratio	0.85	create_custom_building_from_spec	ltg_wkdy_bpr=0.85
ltg_sch_weekday_base_peak_ratio	0.9	create_custom_building_from_spec	ltg_wkdy_bpr=0.9
ltg_sch_weekday_base_peak_ratio	0.95	create_custom_building_from_spec	ltg_wkdy_bpr=0.95
ltg_sch_weekend_base_peak_ratio	NA	create_custom_building_from_spec	ltg_wknd_bpr=999
ltg_sch_weekend_base_peak_ratio	0.0	create_custom_building_from_spec	ltg_wknd_bpr=0.0
ltg_sch_weekend_base_peak_ratio	0	create_custom_building_from_spec	ltg_wknd_bpr=0.0
ltg_sch_weekend_base_peak_ratio	0.05	create_custom_building_from_spec	ltg_wknd_bpr=0.05
ltg_sch_weekend_base_peak_ratio	0.1	create_custom_building_from_spec	ltg_wknd_bpr=0.1
ltg_sch_weekend_base_peak_ratio	0.15	create_custom_building_from_spec	ltg_wknd_bpr=0.15
ltg_sch_weekend_base_peak_ratio	0.2	create_custom_building_from_spec	ltg_wknd_bpr=0.2
ltg_sch_weekend_base_peak_ratio	0.25	create_custom_building_from_spec	ltg_wknd_bpr=0.25
ltg_sch_weekend_base_peak_ratio	0.3	create_custom_building_from_spec	ltg_wknd_bpr=0.3
ltg_sch_weekend_base_peak_ratio	0.35	create_custom_building_from_spec	ltg_wknd_bpr=0.35
ltg_sch_weekend_base_peak_ratio	0.4	create_custom_building_from_spec	ltg_wknd_bpr=0.4
ltg_sch_weekend_base_peak_ratio	0.45	create_custom_building_from_spec	ltg_wknd_bpr=0.45
ltg_sch_weekend_base_peak_ratio	0.5	create_custom_building_from_spec	ltg_wknd_bpr=0.5
ltg_sch_weekend_base_peak_ratio	0.55	create_custom_building_from_spec	ltg_wknd_bpr=0.55
ltg_sch_weekend_base_peak_ratio	0.6	create_custom_building_from_spec	ltg_wknd_bpr=0.6
ltg_sch_weekend_base_peak_ratio	0.65	create_custom_building_from_spec	ltg_wknd_bpr=0.65
ltg_sch_weekend_base_peak_ratio	0.7	create_custom_building_from_spec	ltg_wknd_bpr=0.7
ltg_sch_weekend_base_peak_ratio	0.75	create_custom_building_from_spec	ltg_wknd_bpr=0.75
ltg_sch_weekend_base_peak_ratio	0.8	create_custom_building_from_spec	ltg_wknd_bpr=0.8
ltg_sch_weekend_base_peak_ratio	0.85	create_custom_building_from_spec	ltg_wknd_bpr=0.85
ltg_sch_weekend_base_peak_ratio	0.9	create_custom_building_from_spec	ltg_wknd_bpr=0.9
ltg_sch_weekend_base_peak_ratio	0.95	create_custom_building_from_spec	ltg_wknd_bpr=0.95
plugload_sch_weekday_base_peak_ratio	NA	create_custom_building_from_spec	plugload_wkdy_bpr=999
plugload_sch_weekday_base_peak_ratio	0.0	create_custom_building_from_spec	plugload_wkdy_bpr=0.0
plugload_sch_weekday_base_peak_ratio	0	create_custom_building_from_spec	plugload_wkdy_bpr=0.0
plugload_sch_weekday_base_peak_ratio	0.05	create_custom_building_from_spec	plugload_wkdy_bpr=0.05
plugload_sch_weekday_base_peak_ratio	0.1	create_custom_building_from_spec	plugload_wkdy_bpr=0.1
plugload_sch_weekday_base_peak_ratio	0.15	create_custom_building_from_spec	plugload_wkdy_bpr=0.15
plugload_sch_weekday_base_peak_ratio	0.2	create_custom_building_from_spec	plugload_wkdy_bpr=0.2
plugload_sch_weekday_base_peak_ratio	0.25	create_custom_building_from_spec	plugload_wkdy_bpr=0.25
plugload_sch_weekday_base_peak_ratio	0.3	create_custom_building_from_spec	plugload_wkdy_bpr=0.3
plugload_sch_weekday_base_peak_ratio	0.35	create_custom_building_from_spec	plugload_wkdy_bpr=0.35
plugload_sch_weekday_base_peak_ratio	0.4	create_custom_building_from_spec	plugload_wkdy_bpr=0.4
plugload_sch_weekday_base_peak_ratio	0.45	create_custom_building_from_spec	plugload_wkdy_bpr=0.45
plugload_sch_weekday_base_peak_ratio	0.5	create_custom_building_from_spec	plugload_wkdy_bpr=0.5
plugload_sch_weekday_base_peak_ratio	0.55	create_custom_building_from_spec	plugload_wkdy_bpr=0.55
plugload_sch_weekday_base_peak_ratio	0.6	create_custom_building_from_spec	plugload_wkdy_bpr=0.6
plugload_sch_weekday_base_peak_ratio	0.65	create_custom_building_from_spec	plugload_wkdy_bpr=0.65
plugload_sch_weekday_base_peak_ratio	0.7	create_custom_building_from_spec	plugload_wkdy_bpr=0.7
plugload_sch_weekday_base_peak_ratio	0.75	create_custom_building_from_spec	plugload_wkdy_bpr=0.75
plugload_sch_weekday_base_peak_ratio	0.8	create_custom_building_from_spec	plugload_wkdy_bpr=0.8
plugload_sch_weekday_base_peak_ratio	0.85	create_custom_building_from_spec	plugload_wkdy_bpr=0.85
plugload_sch_weekday_base_peak_ratio	0.9	create_custom_building_from_spec	plugload_wkdy_bpr=0.9
plugload_sch_weekday_base_peak_ratio	0.95	create_custom_building_from_spec	plugload_wkdy_bpr=0.95
plugload_sch_weekend_base_peak_ratio	NA	create_custom_building_from_spec	plugload_wknd_bpr=999
plugload_sch_weekend_base_peak_ratio	0.0	create_custom_building_from_spec	plugload_wknd_bpr=0.0
plugload_sch_weekend_base_peak_ratio	0	create_custom_building_from_spec	plugload_wknd_bpr=0.0
plugload_sch_weekend_base_peak_ratio	0.05	create_custom_building_from_spec	plugload_wknd_bpr=0.05
plugload_sch_weekend_base_peak_ratio	0.1	create_custom_building_from_spec	plugload_wknd_bpr=0.1
plugload_sch_weekend_base_peak_ratio	0.15	create_custom_building_from_spec	plugload_wknd_bpr=0.15
plugload_sch_weekend_base_peak_ratio	0.2	create_custom_building_from_spec	plugload_wknd_bpr=0.2
plugload_sch_weekend_base_peak_ratio	0.25	create_custom_building_from_spec	plugload_wknd_bpr=0.25
plugload_sch_weekend_base_peak_ratio	0.3	create_custom_building_from_spec	plugload_wknd_bpr=0.3
plugload_sch_weekend_base_peak_ratio	0.35	create_custom_building_from_spec	plugload_wknd_bpr=0.35
plugload_sch_weekend_base_peak_ratio	0.4	create_custom_building_from_spec	plugload_wknd_bpr=0.4
plugload_sch_weekend_base_peak_ratio	0.45	create_custom_building_from_spec	plugload_wknd_bpr=0.45
plugload_sch_weekend_base_peak_ratio	0.5	create_custom_building_from_spec	plugload_wknd_bpr=0.5
plugload_sch_weekend_base_peak_ratio	0.55	create_custom_building_from_spec	plugload_wknd_bpr=0.55
plugload_sch_weekend_base_peak_ratio	0.6	create_custom_building_from_spec	plugload_wknd_bpr=0.6
plugload_sch_weekend_base_peak_ratio	0.65	create_custom_building_from_spec	plugload_wknd_bpr=0.65
plugload_sch_weekend_base_peak_ratio	0.7	create_custom_building_from_spec	plugload_wknd_bpr=0.7
plugload_sch_weekend_base_peak_ratio	0.75	create_custom_building_from_spec	plugload_wknd_bpr=0.75
plugload_sch_weekend_base_peak_ratio	0.8	create_custom_building_from_spec	plugload_wknd_bpr=0.8
plugload_sch_weekend_base_peak_ratio	0.85	create_custom_building_from_spec	plugload_wknd_bpr=0.85
plugload_sch_weekend_base_peak_ratio	0.9	create_custom_building_from_spec	plugload_wknd_bpr=0.9
plugload_sch_weekend_base_peak_ratio	0.95	create_custom_building_from_spec	plugload_wknd_bpr=0.95
wall_construction_type	mass	create_custom_building_from_spec	wall_construction_type=Mass
wall_construction_type	metal_building	create_custom_building_from_spec	wall_construction_type=Metal Building
wall_construction_type	wood_framed	create_custom_building_from_spec	wall_construction_type=WoodFramed
wall_construction_type	steel_framed	create_custom_building_from_spec	wall_construction_type=SteelFramed
window_wall_ratio	_1pct	create_custom_building_from_spec	wwr=0.01
window_wall_ratio	2_10pct	create_custom_building_from_spec	wwr=0.06
window_wall_ratio	11_25pct	create_custom_building_from_spec	wwr=0.18
window_wall_ratio	26_50pct	create_custom_building_from_spec	wwr=0.38
window_wall_ratio	51_75pct	create_custom_building_from_spec	wwr=0.63
window_wall_ratio	76_100pct	create_custom_building_from_spec	wwr=0.88
hvac_night_variability	default_nochange	add_hvac_nighttime_operation_variability	rtu_night_mode=default_nochange
hvac_night_variability	night_fanon_vent	add_hvac_nighttime_operation_variability	rtu_night_mode=night_fanon_vent
hvac_night_variability	night_fancycle_vent	add_hvac_nighttime_operation_variability	rtu_night_mode=night_fancycle_vent
hvac_night_variability	night_fancycle_novent	add_hvac_nighttime_operation_variability	rtu_night_mode=night_fancycle_novent
airtightness	5	set_nist_infiltration_correlations	airtightness_value=5.0	airtightness_pressure=75.0	airtightness_area=6-sided	air_barrier=false	hvac_schedule=Lookup From Model	climate_zone=Lookup From Model	building_type=Lookup From Model
airtightness	5.0	set_nist_infiltration_correlations	airtightness_value=5.0	airtightness_pressure=75.0	airtightness_area=6-sided	air_barrier=false	hvac_schedule=Lookup From Model	climate_zone=Lookup From Model	building_type=Lookup From Model
airtightness	10	set_nist_infiltration_correlations	airtightness_value=10.0	airtightness_pressure=75.0	airtightness_area=6-sided	air_barrier=false	hvac_schedule=Lookup From Model	climate_zone=Lookup From Model	building_type=Lookup From Model
airtightness	10.0	set_nist_infiltration_correlations	airtightness_value=10.0	airtightness_pressure=75.0	airtightness_area=6-sided	air_barrier=false	hvac_schedule=Lookup From Model	climate_zone=Lookup From Model	building_type=Lookup From Model
airtightness	15	set_nist_infiltration_correlations	airtightness_value=15.0	airtightness_pressure=75.0	airtightness_area=6-sided	air_barrier=false	hvac_schedule=Lookup From Model	climate_zone=Lookup From Model	building_type=Lookup From Model
airtightness	15.0	set_nist_infiltration_correlations	airtightness_value=15.0	airtightness_pressure=75.0	airtightness_area=6-sided	air_barrier=false	hvac_schedule=Lookup From Model	climate_zone=Lookup From Model	building_type=Lookup From Model
airtightness	20	set_nist_infiltration_correlations	airtightness_value=20.0	airtightness_pressure=75.0	airtightness_area=6-sided	air_barrier=false	hvac_schedule=Lookup From Model	climate_zone=Lookup From Model	building_type=Lookup From Model
airtightness	20.0	set_nist_infiltration_correlations	airtightness_value=20.0	airtightness_pressure=75.0	airtightness_area=6-sided	air_barrier=false	hvac_schedule=Lookup From Model	climate_zone=Lookup From Model	building_type=Lookup From Model
airtightness	25	set_nist_infiltration_correlations	airtightness_value=25.0	airtightness_pressure=75.0	airtightness_area=6-sided	air_barrier=false	hvac_schedule=Lookup From Model	climate_zone=Lookup From Model	building_type=Lookup From Model
airtightness	25.0	set_nist_infiltration_correlations	airtightness_value=25.0	airtightness_pressure=75.0	airtightness_area=6-sided	air_barrier=false	hvac_schedule=Lookup From Model	climate_zone=Lookup From Model	building_type=Lookup From Model
airtightness	30	set_nist_infiltration_correlations	airtightness_value=30.0	airtightness_pressure=75.0	airtightness_area=6-sided	air_barrier=false	hvac_schedule=Lookup From Model	climate_zone=Lookup From Model	building_type=Lookup From Model
airtightness	30.0	set_nist_infiltration_correlations	airtightness_value=30.0	airtightness_pressure=75.0	airtightness_area=6-sided	air_barrier=false	hvac_schedule=Lookup From Model	climate_zone=Lookup From Model	building_type=Lookup From Model
airtightness	35	set_nist_infiltration_correlations	airtightness_value=35.0	airtightness_pressure=75.0	airtightness_area=6-sided	air_barrier=false	hvac_schedule=Lookup From Model	climate_zone=Lookup From Model	building_type=Lookup From Model
airtightness	35.0	set_nist_infiltration_correlations	airtightness_value=35.0	airtightness_pressure=75.0	airtightness_area=6-sided	air_barrier=false	hvac_schedule=Lookup From Model	climate_zone=Lookup From Model	building_type=Lookup From Model
airtightness	40	set_nist_infiltration_correlations	airtightness_value=40.0	airtightness_pressure=75.0	airtightness_area=6-sided	air_barrier=false	hvac_schedule=Lookup From Model	climate_zone=Lookup From Model	building_type=Lookup From Model
airtightness	40.0	set_nist_infiltration_correlations	airtightness_value=40.0	airtightness_pressure=75.0	airtightness_area=6-sided	air_barrier=false	hvac_schedule=Lookup From Model	climate_zone=Lookup From Model	building_type=Lookup From Model
airtightness	45	set_nist_infiltration_correlations	airtightness_value=45.0	airtightness_pressure=75.0	airtightness_area=6-sided	air_barrier=false	hvac_schedule=Lookup From Model	climate_zone=Lookup From Model	building_type=Lookup From Model
airtightness	45.0	set_nist_infiltration_correlations	airtightness_value=45.0	airtightness_pressure=75.0	airtightness_area=6-sided	air_barrier=false	hvac_schedule=Lookup From Model	climate_zone=Lookup From Model	building_type=Lookup From Model
airtightness	50	set_nist_infiltration_correlations	airtightness_value=50.0	airtightness_pressure=75.0	airtightness_area=6-sided	air_barrier=false	hvac_schedule=Lookup From Model	climate_zone=Lookup From Model	building_type=Lookup From Model
airtightness	50.0	set_nist_infiltration_correlations	airtightness_value=50.0	airtightness_pressure=75.0	airtightness_area=6-sided	air_barrier=false	hvac_schedule=Lookup From Model	climate_zone=Lookup From Model	building_type=Lookup From Model
airtightness	55	set_nist_infiltration_correlations	airtightness_value=55.0	airtightness_pressure=75.0	airtightness_area=6-sided	air_barrier=false	hvac_schedule=Lookup From Model	climate_zone=Lookup From Model	building_type=Lookup From Model
airtightness	55.0	set_nist_infiltration_correlations	airtightness_value=55.0	airtightness_pressure=75.0	airtightness_area=6-sided	air_barrier=false	hvac_schedule=Lookup From Model	climate_zone=Lookup From Model	building_type=Lookup From Model
airtightness	60	set_nist_infiltration_correlations	airtightness_value=60.0	airtightness_pressure=75.0	airtightness_area=6-sided	air_barrier=false	hvac_schedule=Lookup From Model	climate_zone=Lookup From Model	building_type=Lookup From Model
airtightness	60.0	set_nist_infiltration_correlations	airtightness_value=60.0	airtightness_pressure=75.0	airtightness_area=6-sided	air_barrier=false	hvac_schedule=Lookup From Model	climate_zone=Lookup From Model	building_type=Lookup From Model
airtightness	65	set_nist_infiltration_correlations	airtightness_value=65.0	airtightness_pressure=75.0	airtightness_area=6-sided	air_barrier=false	hvac_schedule=Lookup From Model	climate_zone=Lookup From Model	building_type=Lookup From Model
airtightness	65.0	set_nist_infiltration_correlations	airtightness_value=65.0	airtightness_pressure=75.0	airtightness_area=6-sided	air_barrier=false	hvac_schedule=Lookup From Model	climate_zone=Lookup From Model	building_type=Lookup From Model
airtightness	70	set_nist_infiltration_correlations	airtightness_value=70.0	airtightness_pressure=75.0	airtightness_area=6-sided	air_barrier=false	hvac_schedule=Lookup From Model	climate_zone=Lookup From Model	building_type=Lookup From Model
airtightness	70.0	set_nist_infiltration_correlations	airtightness_value=70.0	airtightness_pressure=75.0	airtightness_area=6-sided	air_barrier=false	hvac_schedule=Lookup From Model	climate_zone=Lookup From Model	building_type=Lookup From Model
airtightness	75	set_nist_infiltration_correlations	airtightness_value=75.0	airtightness_pressure=75.0	airtightness_area=6-sided	air_barrier=false	hvac_schedule=Lookup From Model	climate_zone=Lookup From Model	building_type=Lookup From Model
airtightness	75.0	set_nist_infiltration_correlations	airtightness_value=75.0	airtightness_pressure=75.0	airtightness_area=6-sided	air_barrier=false	hvac_schedule=Lookup From Model	climate_zone=Lookup From Model	building_type=Lookup From Model
hvac_tst_clg_delta_f	999	create_custom_building_from_spec	clg_delta_f=999
hvac_tst_clg_delta_f	0	create_custom_building_from_spec	clg_delta_f=0
hvac_tst_clg_delta_f	3	create_custom_building_from_spec	clg_delta_f=3
hvac_tst_clg_delta_f	4	create_custom_building_from_spec	clg_delta_f=4
hvac_tst_clg_delta_f	5	create_custom_building_from_spec	clg_delta_f=5
hvac_tst_clg_delta_f	6	create_custom_building_from_spec	clg_delta_f=6
hvac_tst_clg_delta_f	7	create_custom_building_from_spec	clg_delta_f=7
hvac_tst_clg_delta_f	8	create_custom_building_from_spec	clg_delta_f=8
hvac_tst_clg_delta_f	9	create_custom_building_from_spec	clg_delta_f=9
hvac_tst_clg_delta_f	10	create_custom_building_from_spec	clg_delta_f=10
hvac_tst_htg_delta_f	999	create_custom_building_from_spec	htg_delta_f=999
hvac_tst_htg_delta_f	0	create_custom_building_from_spec	htg_delta_f=0
hvac_tst_htg_delta_f	3	create_custom_building_from_spec	htg_delta_f=3
hvac_tst_htg_delta_f	4	create_custom_building_from_spec	htg_delta_f=4
hvac_tst_htg_delta_f	5	create_custom_building_from_spec	htg_delta_f=5
hvac_tst_htg_delta_f	6	create_custom_building_from_spec	htg_delta_f=6
hvac_tst_htg_delta_f	7	create_custom_building_from_spec	htg_delta_f=7
hvac_tst_htg_delta_f	8	create_custom_building_from_spec	htg_delta_f=8
hvac_tst_htg_delta_f	9	create_custom_building_from_spec	htg_delta_f=9
hvac_tst_htg_delta_f	10	create_custom_building_from_spec	htg_delta_f=10
hvac_tst_clg_sp_f	999	create_custom_building_from_spec	clg_sp_f=999
hvac_tst_clg_sp_f	69	create_custom_building_from_spec	clg_sp_f=69
hvac_tst_clg_sp_f	70	create_custom_building_from_spec	clg_sp_f=70
hvac_tst_clg_sp_f	71	create_custom_building_from_spec	clg_sp_f=71
hvac_tst_clg_sp_f	72	create_custom_building_from_spec	clg_sp_f=72
hvac_tst_clg_sp_f	73	create_custom_building_from_spec	clg_sp_f=73
hvac_tst_clg_sp_f	74	create_custom_building_from_spec	clg_sp_f=74
hvac_tst_clg_sp_f	75	create_custom_building_from_spec	clg_sp_f=75
hvac_tst_clg_sp_f	76	create_custom_building_from_spec	clg_sp_f=76
hvac_tst_clg_sp_f	77	create_custom_building_from_spec	clg_sp_f=77
hvac_tst_clg_sp_f	78	create_custom_building_from_spec	clg_sp_f=78
hvac_tst_clg_sp_f	79	create_custom_building_from_spec	clg_sp_f=79
hvac_tst_clg_sp_f	80	create_custom_building_from_spec	clg_sp_f=80
hvac_tst_htg_sp_f	999	create_custom_building_from_spec	htg_sp_f=999
hvac_tst_htg_sp_f	61	create_custom_building_from_spec	htg_sp_f=61
hvac_tst_htg_sp_f	62	create_custom_building_from_spec	htg_sp_f=62
hvac_tst_htg_sp_f	63	create_custom_building_from_spec	htg_sp_f=63
hvac_tst_htg_sp_f	64	create_custom_building_from_spec	htg_sp_f=64
hvac_tst_htg_sp_f	65	create_custom_building_from_spec	htg_sp_f=65
hvac_tst_htg_sp_f	66	create_custom_building_from_spec	htg_sp_f=66
hvac_tst_htg_sp_f	67	create_custom_building_from_spec	htg_sp_f=67
hvac_tst_htg_sp_f	68	create_custom_building_from_spec	htg_sp_f=68
hvac_tst_htg_sp_f	69	create_custom_building_from_spec	htg_sp_f=69
hvac_tst_htg_sp_f	70	create_custom_building_from_spec	htg_sp_f=70
hvac_tst_htg_sp_f	71	create_custom_building_from_spec	htg_sp_f=71
hvac_tst_htg_sp_f	72	create_custom_building_from_spec	htg_sp_f=72
cook_dining_type	None	set_primary_kitchen_equipment	cook_dining_type=None
cook_dining_type	Pizza B	set_primary_kitchen_equipment	cook_dining_type=Pizza B
cook_dining_type	Chinese A	set_primary_kitchen_equipment	cook_dining_type=Chinese A
cook_dining_type	Restaurant A	set_primary_kitchen_equipment	cook_dining_type=Restaurant A
cook_dining_type	Hotel A	set_primary_kitchen_equipment	cook_dining_type=Hotel A
cook_dining_type	High School	set_primary_kitchen_equipment	cook_dining_type=High School
cook_dining_type	Truck Stop	set_primary_kitchen_equipment	cook_dining_type=Truck Stop
cook_dining_type	Burger A	set_primary_kitchen_equipment	cook_dining_type=Burger A
cook_dining_type	Pizza A	set_primary_kitchen_equipment	cook_dining_type=Pizza A
cook_dining_type	Fish B	set_primary_kitchen_equipment	cook_dining_type=Fish B
cook_dining_type	Restaurant C	set_primary_kitchen_equipment	cook_dining_type=Restaurant C
cook_dining_type	Burger B	set_primary_kitchen_equipment	cook_dining_type=Burger B
cook_dining_type	Cafe	set_primary_kitchen_equipment	cook_dining_type=Cafe
cook_dining_type	Dept. Stores	set_primary_kitchen_equipment	cook_dining_type=Dept. Stores
cook_dining_type	Chicken B	set_primary_kitchen_equipment	cook_dining_type=Chicken B
cook_dining_type	Hot Dog	set_primary_kitchen_equipment	cook_dining_type=Hot Dog
cook_dining_type	Chicken A	set_primary_kitchen_equipment	cook_dining_type=Chicken A
cook_dining_type	Donut	set_primary_kitchen_equipment	cook_dining_type=Donut
cook_dining_type	Chinese B	set_primary_kitchen_equipment	cook_dining_type=Chinese B
cook_dining_type	Pubs/Taverns	set_primary_kitchen_equipment	cook_dining_type=Pubs/Taverns
cook_dining_type	Hotel B	set_primary_kitchen_equipment	cook_dining_type=Hotel B
cook_dining_type	Hospitals Small	set_primary_kitchen_equipment	cook_dining_type=Hospitals Small
cook_dining_type	Muffin	set_primary_kitchen_equipment	cook_dining_type=Muffin
cook_dining_type	Roast Beef	set_primary_kitchen_equipment	cook_dining_type=Roast Beef
cook_dining_type	Hospitals Large	set_primary_kitchen_equipment	cook_dining_type=Hospitals Large
cook_dining_type	Diner	set_primary_kitchen_equipment	cook_dining_type=Diner
cook_dining_type	Grills	set_primary_kitchen_equipment	cook_dining_type=Grills
cook_dining_type	Potato	set_primary_kitchen_equipment	cook_dining_type=Potato
cook_dining_type	Fish A	set_primary_kitchen_equipment	cook_dining_type=Fish A
cook_dining_type	Restaurant B	set_primary_kitchen_equipment	cook_dining_type=Restaurant B
cook_dining_type	Cookie	set_primary_kitchen_equipment	cook_dining_type=Cookie
cook_dining_type	Pancake	set_primary_kitchen_equipment	cook_dining_type=Pancake
cook_fuel_broiler	Gas	set_primary_kitchen_equipment	cook_fuel_broiler=Gas
cook_fuel_broiler	Electric	set_primary_kitchen_equipment	cook_fuel_broiler=Electric
cook_fuel_fryer	Gas	set_primary_kitchen_equipment	cook_fuel_fryer=Gas
cook_fuel_fryer	Electric	set_primary_kitchen_equipment	cook_fuel_fryer=Electric
cook_fuel_griddle	Gas	set_primary_kitchen_equipment	cook_fuel_griddle=Gas
cook_fuel_griddle	Electric	set_primary_kitchen_equipment	cook_fuel_griddle=Electric
cook_fuel_oven	Gas	set_primary_kitchen_equipment	cook_fuel_oven=Gas
cook_fuel_oven	Electric	set_primary_kitchen_equipment	cook_fuel_oven=Electric
cook_fuel_range	Gas	set_primary_kitchen_equipment	cook_fuel_range=Gas
cook_fuel_range	Electric	set_primary_kitchen_equipment	cook_fuel_range=Electric
cook_fuel_steamer	Gas	set_primary_kitchen_equipment	cook_fuel_steamer=Gas
cook_fuel_steamer	Electric	set_primary_kitchen_equipment	cook_fuel_steamer=Electric
cook_broiler_counts	0.0	set_primary_kitchen_equipment	cook_broilers_counts=0.0
cook_broiler_counts	0	set_primary_kitchen_equipment	cook_broilers_counts=0.0
cook_broiler_counts	0.1	set_primary_kitchen_equipment	cook_broilers_counts=0.1
cook_broiler_counts	0.2	set_primary_kitchen_equipment	cook_broilers_counts=0.2
cook_broiler_counts	0.3	set_primary_kitchen_equipment	cook_broilers_counts=0.3
cook_broiler_counts	0.5	set_primary_kitchen_equipment	cook_broilers_counts=0.5
cook_broiler_counts	0.6	set_primary_kitchen_equipment	cook_broilers_counts=0.6
cook_broiler_counts	0.7	set_primary_kitchen_equipment	cook_broilers_counts=0.7
cook_broiler_counts	1.0	set_primary_kitchen_equipment	cook_broilers_counts=1.0
cook_broiler_counts	1	set_primary_kitchen_equipment	cook_broilers_counts=1.0
cook_broiler_counts	1.4	set_primary_kitchen_equipment	cook_broilers_counts=1.4
cook_broiler_counts	1.5	set_primary_kitchen_equipment	cook_broilers_counts=1.5
cook_broiler_counts	2.0	set_primary_kitchen_equipment	cook_broilers_counts=2.0
cook_broiler_counts	2	set_primary_kitchen_equipment	cook_broilers_counts=2.0
cook_broiler_counts	2.8	set_primary_kitchen_equipment	cook_broilers_counts=2.8
cook_broiler_counts	3.0	set_primary_kitchen_equipment	cook_broilers_counts=3.0
cook_broiler_counts	3	set_primary_kitchen_equipment	cook_broilers_counts=3.0
cook_broiler_counts	4.0	set_primary_kitchen_equipment	cook_broilers_counts=4.0
cook_broiler_counts	4	set_primary_kitchen_equipment	cook_broilers_counts=4.0
cook_broiler_counts	6.0	set_primary_kitchen_equipment	cook_broilers_counts=6.0
cook_broiler_counts	6	set_primary_kitchen_equipment	cook_broilers_counts=6.0
cook_broiler_counts	8.0	set_primary_kitchen_equipment	cook_broilers_counts=8.0
cook_broiler_counts	8	set_primary_kitchen_equipment	cook_broilers_counts=8.0
cook_fryers_counts	0.0	set_primary_kitchen_equipment	cook_fryers_counts=0.0
cook_fryers_counts	0	set_primary_kitchen_equipment	cook_fryers_counts=0.0
cook_fryers_counts	0.2	set_primary_kitchen_equipment	cook_fryers_counts=0.2
cook_fryers_counts	0.3	set_primary_kitchen_equipment	cook_fryers_counts=0.3
cook_fryers_counts	0.4	set_primary_kitchen_equipment	cook_fryers_counts=0.4
cook_fryers_counts	0.5	set_primary_kitchen_equipment	cook_fryers_counts=0.5
cook_fryers_counts	0.6	set_primary_kitchen_equipment	cook_fryers_counts=0.6
cook_fryers_counts	0.7	set_primary_kitchen_equipment	cook_fryers_counts=0.7
cook_fryers_counts	1.0	set_primary_kitchen_equipment	cook_fryers_counts=1.0
cook_fryers_counts	1	set_primary_kitchen_equipment	cook_fryers_counts=1.0
cook_fryers_counts	1.3	set_primary_kitchen_equipment	cook_fryers_counts=1.3
cook_fryers_counts	1.4	set_primary_kitchen_equipment	cook_fryers_counts=1.4
cook_fryers_counts	1.5	set_primary_kitchen_equipment	cook_fryers_counts=1.5
cook_fryers_counts	2.0	set_primary_kitchen_equipment	cook_fryers_counts=2.0
cook_fryers_counts	2	set_primary_kitchen_equipment	cook_fryers_counts=2.0
cook_fryers_counts	2.1	set_primary_kitchen_equipment	cook_fryers_counts=2.1
cook_fryers_counts	3.0	set_primary_kitchen_equipment	cook_fryers_counts=3.0
cook_fryers_counts	3	set_primary_kitchen_equipment	cook_fryers_counts=3.0
cook_fryers_counts	3.3	set_primary_kitchen_equipment	cook_fryers_counts=3.3
cook_fryers_counts	4.0	set_primary_kitchen_equipment	cook_fryers_counts=4.0
cook_fryers_counts	4	set_primary_kitchen_equipment	cook_fryers_counts=4.0
cook_fryers_counts	5.0	set_primary_kitchen_equipment	cook_fryers_counts=5.0
cook_fryers_counts	5	set_primary_kitchen_equipment	cook_fryers_counts=5.0
cook_fryers_counts	6.0	set_primary_kitchen_equipment	cook_fryers_counts=6.0
cook_fryers_counts	6	set_primary_kitchen_equipment	cook_fryers_counts=6.0
cook_fryers_counts	8.0	set_primary_kitchen_equipment	cook_fryers_counts=8.0
cook_fryers_counts	8	set_primary_kitchen_equipment	cook_fryers_counts=8.0
cook_fryers_counts	9.0	set_primary_kitchen_equipment	cook_fryers_counts=9.0
cook_fryers_counts	9	set_primary_kitchen_equipment	cook_fryers_counts=9.0
cook_fryers_counts	10.0	set_primary_kitchen_equipment	cook_fryers_counts=10.0
cook_fryers_counts	10	set_primary_kitchen_equipment	cook_fryers_counts=10.0
cook_fryers_counts	12.0	set_primary_kitchen_equipment	cook_fryers_counts=12.0
cook_fryers_counts	12	set_primary_kitchen_equipment	cook_fryers_counts=12.0
cook_fryers_counts	20.0	set_primary_kitchen_equipment	cook_fryers_counts=20.0
cook_fryers_counts	20	set_primary_kitchen_equipment	cook_fryers_counts=20.0
cook_fryers_counts	30.0	set_primary_kitchen_equipment	cook_fryers_counts=30.0
cook_fryers_counts	30	set_primary_kitchen_equipment	cook_fryers_counts=30.0
cook_griddles_counts	0.0	set_primary_kitchen_equipment	cook_griddles_counts=0.0
cook_griddles_counts	0	set_primary_kitchen_equipment	cook_griddles_counts=0.0
cook_griddles_counts	0.2	set_primary_kitchen_equipment	cook_griddles_counts=0.2
cook_griddles_counts	0.3	set_primary_kitchen_equipment	cook_griddles_counts=0.3
cook_griddles_counts	0.4	set_primary_kitchen_equipment	cook_griddles_counts=0.4
cook_griddles_counts	0.5	set_primary_kitchen_equipment	cook_griddles_counts=0.5
cook_griddles_counts	0.7	set_primary_kitchen_equipment	cook_griddles_counts=0.7
cook_griddles_counts	1.0	set_primary_kitchen_equipment	cook_griddles_counts=1.0
cook_griddles_counts	1	set_primary_kitchen_equipment	cook_griddles_counts=1.0
cook_griddles_counts	1.4	set_primary_kitchen_equipment	cook_griddles_counts=1.4
cook_griddles_counts	1.5	set_primary_kitchen_equipment	cook_griddles_counts=1.5
cook_griddles_counts	2.0	set_primary_kitchen_equipment	cook_griddles_counts=2.0
cook_griddles_counts	3.0	set_primary_kitchen_equipment	cook_griddles_counts=3.0
cook_griddles_counts	4.0	set_primary_kitchen_equipment	cook_griddles_counts=4.0
cook_griddles_counts	6.0	set_primary_kitchen_equipment	cook_griddles_counts=6.0
cook_griddles_counts	9.0	set_primary_kitchen_equipment	cook_griddles_counts=9.0
cook_griddles_counts	2	set_primary_kitchen_equipment	cook_griddles_counts=2.0
cook_griddles_counts	3	set_primary_kitchen_equipment	cook_griddles_counts=3.0
cook_griddles_counts	4	set_primary_kitchen_equipment	cook_griddles_counts=4.0
cook_griddles_counts	6	set_primary_kitchen_equipment	cook_griddles_counts=6.0
cook_griddles_counts	9	set_primary_kitchen_equipment	cook_griddles_counts=9.0
cook_ovens_counts	0.0	set_primary_kitchen_equipment	cook_ovens_counts=0.0
cook_ovens_counts	0	set_primary_kitchen_equipment	cook_ovens_counts=0.0
cook_ovens_counts	0.2	set_primary_kitchen_equipment	cook_ovens_counts=0.2
cook_ovens_counts	0.3	set_primary_kitchen_equipment	cook_ovens_counts=0.3
cook_ovens_counts	0.4	set_primary_kitchen_equipment	cook_ovens_counts=0.4
cook_ovens_counts	0.5	set_primary_kitchen_equipment	cook_ovens_counts=0.5
cook_ovens_counts	0.7	set_primary_kitchen_equipment	cook_ovens_counts=0.7
cook_ovens_counts	0.8	set_primary_kitchen_equipment	cook_ovens_counts=0.8
cook_ovens_counts	1.0	set_primary_kitchen_equipment	cook_ovens_counts=1.0
cook_ovens_counts	1	set_primary_kitchen_equipment	cook_ovens_counts=1.0
cook_ovens_counts	1.3	set_primary_kitchen_equipment	cook_ovens_counts=1.3
cook_ovens_counts	1.4	set_primary_kitchen_equipment	cook_ovens_counts=1.4
cook_ovens_counts	1.5	set_primary_kitchen_equipment	cook_ovens_counts=1.5
cook_ovens_counts	1.6	set_primary_kitchen_equipment	cook_ovens_counts=1.6
cook_ovens_counts	2.0	set_primary_kitchen_equipment	cook_ovens_counts=2.0
cook_ovens_counts	2	set_primary_kitchen_equipment	cook_ovens_counts=2.0
cook_ovens_counts	2.5	set_primary_kitchen_equipment	cook_ovens_counts=2.5
cook_ovens_counts	3.0	set_primary_kitchen_equipment	cook_ovens_counts=3.0
cook_ovens_counts	3.3	set_primary_kitchen_equipment	cook_ovens_counts=3.3
cook_ovens_counts	4.0	set_primary_kitchen_equipment	cook_ovens_counts=4.0
cook_ovens_counts	4.5	set_primary_kitchen_equipment	cook_ovens_counts=4.5
cook_ovens_counts	5.0	set_primary_kitchen_equipment	cook_ovens_counts=5.0
cook_ovens_counts	6.0	set_primary_kitchen_equipment	cook_ovens_counts=6.0
cook_ovens_counts	8.0	set_primary_kitchen_equipment	cook_ovens_counts=8.0
cook_ovens_counts	9.0	set_primary_kitchen_equipment	cook_ovens_counts=9.0
cook_ovens_counts	10.0	set_primary_kitchen_equipment	cook_ovens_counts=10.0
cook_ovens_counts	15.0	set_primary_kitchen_equipment	cook_ovens_counts=15.0
cook_ovens_counts	20.0	set_primary_kitchen_equipment	cook_ovens_counts=20.0
cook_ovens_counts	3	set_primary_kitchen_equipment	cook_ovens_counts=3.0
cook_ovens_counts	4	set_primary_kitchen_equipment	cook_ovens_counts=4.0
cook_ovens_counts	5	set_primary_kitchen_equipment	cook_ovens_counts=5.0
cook_ovens_counts	6	set_primary_kitchen_equipment	cook_ovens_counts=6.0
cook_ovens_counts	8	set_primary_kitchen_equipment	cook_ovens_counts=8.0
cook_ovens_counts	9	set_primary_kitchen_equipment	cook_ovens_counts=9.0
cook_ovens_counts	10	set_primary_kitchen_equipment	cook_ovens_counts=10.0
cook_ovens_counts	15	set_primary_kitchen_equipment	cook_ovens_counts=15.0
cook_ovens_counts	20	set_primary_kitchen_equipment	cook_ovens_counts=20.0
cook_ranges_counts	0.0	set_primary_kitchen_equipment	cook_ranges_counts=0.0
cook_ranges_counts	0	set_primary_kitchen_equipment	cook_ranges_counts=0.0
cook_ranges_counts	0.2	set_primary_kitchen_equipment	cook_ranges_counts=0.2
cook_ranges_counts	0.3	set_primary_kitchen_equipment	cook_ranges_counts=0.3
cook_ranges_counts	0.5	set_primary_kitchen_equipment	cook_ranges_counts=0.5
cook_ranges_counts	0.6	set_primary_kitchen_equipment	cook_ranges_counts=0.6
cook_ranges_counts	0.7	set_primary_kitchen_equipment	cook_ranges_counts=0.7
cook_ranges_counts	1.0	set_primary_kitchen_equipment	cook_ranges_counts=1.0
cook_ranges_counts	1	set_primary_kitchen_equipment	cook_ranges_counts=1.0
cook_ranges_counts	1.2	set_primary_kitchen_equipment	cook_ranges_counts=1.2
cook_ranges_counts	1.4	set_primary_kitchen_equipment	cook_ranges_counts=1.4
cook_ranges_counts	1.5	set_primary_kitchen_equipment	cook_ranges_counts=1.5
cook_ranges_counts	2.0	set_primary_kitchen_equipment	cook_ranges_counts=2.0
cook_ranges_counts	3.0	set_primary_kitchen_equipment	cook_ranges_counts=3.0
cook_ranges_counts	4.0	set_primary_kitchen_equipment	cook_ranges_counts=4.0
cook_ranges_counts	6.0	set_primary_kitchen_equipment	cook_ranges_counts=6.0
cook_ranges_counts	12.0	set_primary_kitchen_equipment	cook_ranges_counts=12.0
cook_ranges_counts	2	set_primary_kitchen_equipment	cook_ranges_counts=2.0
cook_ranges_counts	3	set_primary_kitchen_equipment	cook_ranges_counts=3.0
cook_ranges_counts	4	set_primary_kitchen_equipment	cook_ranges_counts=4.0
cook_ranges_counts	6	set_primary_kitchen_equipment	cook_ranges_counts=6.0
cook_ranges_counts	12	set_primary_kitchen_equipment	cook_ranges_counts=12.0
cook_steamers_counts	0.0	set_primary_kitchen_equipment	cook_steamers_counts=0.0
cook_steamers_counts	0	set_primary_kitchen_equipment	cook_steamers_counts=0.0
cook_steamers_counts	0.2	set_primary_kitchen_equipment	cook_steamers_counts=0.2
cook_steamers_counts	0.3	set_primary_kitchen_equipment	cook_steamers_counts=0.3
cook_steamers_counts	0.4	set_primary_kitchen_equipment	cook_steamers_counts=0.4
cook_steamers_counts	0.5	set_primary_kitchen_equipment	cook_steamers_counts=0.5
cook_steamers_counts	0.6	set_primary_kitchen_equipment	cook_steamers_counts=0.6
cook_steamers_counts	0.7	set_primary_kitchen_equipment	cook_steamers_counts=0.7
cook_steamers_counts	1.0	set_primary_kitchen_equipment	cook_steamers_counts=1.0
cook_steamers_counts	1	set_primary_kitchen_equipment	cook_steamers_counts=1.0
cook_steamers_counts	1.4	set_primary_kitchen_equipment	cook_steamers_counts=1.4
cook_steamers_counts	1.5	set_primary_kitchen_equipment	cook_steamers_counts=1.5
cook_steamers_counts	1.6	set_primary_kitchen_equipment	cook_steamers_counts=1.6
cook_steamers_counts	2.0	set_primary_kitchen_equipment	cook_steamers_counts=2.0
cook_steamers_counts	2	set_primary_kitchen_equipment	cook_steamers_counts=2.0
cook_steamers_counts	2.1	set_primary_kitchen_equipment	cook_steamers_counts=2.1
cook_steamers_counts	2.5	set_primary_kitchen_equipment	cook_steamers_counts=2.5
cook_steamers_counts	3.0	set_primary_kitchen_equipment	cook_steamers_counts=3.0
cook_steamers_counts	3.3	set_primary_kitchen_equipment	cook_steamers_counts=3.3
cook_steamers_counts	4.0	set_primary_kitchen_equipment	cook_steamers_counts=4.0
cook_steamers_counts	5.0	set_primary_kitchen_equipment	cook_steamers_counts=5.0
cook_steamers_counts	6.0	set_primary_kitchen_equipment	cook_steamers_counts=6.0
cook_steamers_counts	9.0	set_primary_kitchen_equipment	cook_steamers_counts=9.0
cook_steamers_counts	10.0	set_primary_kitchen_equipment	cook_steamers_counts=10.0
cook_steamers_counts	20.0	set_primary_kitchen_equipment	cook_steamers_counts=20.0
cook_steamers_counts	3	set_primary_kitchen_equipment	cook_steamers_counts=3.0
cook_steamers_counts	4	set_primary_kitchen_equipment	cook_steamers_counts=4.0
cook_steamers_counts	5	set_primary_kitchen_equipment	cook_steamers_counts=5.0
cook_steamers_counts	6	set_primary_kitchen_equipment	cook_steamers_counts=6.0
cook_steamers_counts	9	set_primary_kitchen_equipment	cook_steamers_counts=9.0
cook_steamers_counts	10	set_primary_kitchen_equipment	cook_steamers_counts=10.0
cook_steamers_counts	20	set_primary_kitchen_equipment	cook_steamers_counts=20.0
baseline_window_type	Double - LowE - Clear - Aluminum	replace_baseline_windows	window_pane_type=Double - LowE - Clear - Aluminum	u_value_ip=0.559	shgc=0.386	vlt=0.591
baseline_window_type	Double - LowE - Clear - Thermally Broken Aluminum	replace_baseline_windows	window_pane_type=Double - LowE - Clear - Thermally Broken Aluminum	u_value_ip=0.499	shgc=0.378	vlt=0.591
baseline_window_type	Double - LowE - Tinted/Reflective - Aluminum	replace_baseline_windows	window_pane_type=Double - LowE - Tinted/Reflective - Aluminum	u_value_ip=0.557	shgc=0.274	vlt=0.359
baseline_window_type	Double - LowE - Tinted/Reflective - Thermally Broken Aluminum	replace_baseline_windows	window_pane_type=Double - LowE - Tinted/Reflective - Thermally Broken Aluminum	u_value_ip=0.496	shgc=0.266	vlt=0.359
baseline_window_type	Double - No LowE - Clear - Aluminum	replace_baseline_windows	window_pane_type=Double - No LowE - Clear - Aluminum	u_value_ip=0.746	shgc=0.646	vlt=0.671
baseline_window_type	Double - No LowE - Tinted/Reflective - Aluminum	replace_baseline_windows	window_pane_type=Double - No LowE - Tinted/Reflective - Aluminum	u_value_ip=0.749	shgc=0.484	vlt=0.411
baseline_window_type	Single - No LowE - Clear - Aluminum	replace_baseline_windows	window_pane_type=Single - No LowE - Clear - Aluminum	u_value_ip=1.01	shgc=0.744	vlt=0.754
baseline_window_type	Single - No LowE - Clear - Wood	replace_baseline_windows	window_pane_type=Single - No LowE - Clear - Wood	u_value_ip=0.91	shgc=0.683	vlt=0.723
baseline_window_type	Single - No LowE - Tinted/Reflective - Aluminum	replace_baseline_windows	window_pane_type=Single - No LowE - Tinted/Reflective - Aluminum	u_value_ip=1.01	shgc=0.579	vlt=0.455
baseline_window_type	Single - No LowE - Tinted/Reflective - Wood	replace_baseline_windows	window_pane_type=Single - No LowE - Tinted/Reflective - Wood	u_value_ip=0.91	shgc=0.525	vlt=0.436
baseline_window_type	Triple - LowE - Clear - Thermally Broken Aluminum	replace_baseline_windows	window_pane_type=Triple - LowE - Clear - Thermally Broken Aluminum	u_value_ip=0.3	shgc=0.328	vlt=0.527
baseline_window_type	Triple - LowE - Tinted/Reflective - Thermally Broken Aluminum	replace_baseline_windows	window_pane_type=Triple - LowE - Tinted/Reflective - Thermally Broken Aluminum	u_value_ip=0.299	shgc=0.224	vlt=0.32
thermal_bridging	steel-framed and metal default	thermal_bridging_derating	option=90.1.22|steel.m|default
thermal_bridging	steel-framed and metal unmitigated	thermal_bridging_derating	option=90.1.22|steel.m|unmitigated
thermal_bridging	mass default	thermal_bridging_derating	option=90.1.22|mass.ex|default
thermal_bridging	mass unmitigated	thermal_bridging_derating	option=90.1.22|mass.ex|unmitigated
thermal_bridging	interior mass default	thermal_bridging_derating	option=90.1.22|mass.in|default
thermal_bridging	interior mass unmitigated	thermal_bridging_derating	option=90.1.22|mass.in|unmitigated
thermal_bridging	wood-framed default	thermal_bridging_derating	option=90.1.22|wood.fr|default
thermal_bridging	wood-framed unmitigated	thermal_bridging_derating	option=90.1.22|wood.fr|unmitigated
thermal_bridging	no thermal bridging	thermal_bridging_derating	option=(non thermal bridging)
baseline_hvac_sizing	autosize	hardsize_model	apply_hardsize=false
		adjust_occupancy_schedule	peak_occ_frac=0.231
baseline_hvac_sizing	hardsize	hardsize_model	apply_hardsize=true
		adjust_occupancy_schedule	peak_occ_frac=0.231
ground_thermal_conductivity	0.5	create_custom_building_from_spec	soil_conductivity=0.5
ground_thermal_conductivity	0.8	create_custom_building_from_spec	soil_conductivity=0.8
ground_thermal_conductivity	1.1	create_custom_building_from_spec	soil_conductivity=1.1
ground_thermal_conductivity	1.4	create_custom_building_from_spec	soil_conductivity=1.4
ground_thermal_conductivity	1.7	create_custom_building_from_spec	soil_conductivity=1.7
ground_thermal_conductivity	2.0	create_custom_building_from_spec	soil_conductivity=2.0
ground_thermal_conductivity	2	create_custom_building_from_spec	soil_conductivity=2.0
ground_thermal_conductivity	2.3	create_custom_building_from_spec	soil_conductivity=2.3
ground_thermal_conductivity	2.6	create_custom_building_from_spec	soil_conductivity=2.6
env_exterior_wall_insulation	exterior_wall_insulation	upgrade_env_exterior_wall_insulation
env_roof_insul_aedg	roof_insul_aedg	upgrade_env_roof_insul_aedg
env_secondary_windows	secondary_windows	upgrade_env_secondary_windows
env_window_film	window_film	upgrade_env_window_film
env_new_aedg_windows	new_aedg_windows	upgrade_env_new_aedg_windows
env_upgrade_envelope_to_code	envelope_to_code	upgrade_env_latest_envelope_code
light_led	lighting_technology_gen4	upgrade_light_led	lighting_generation=gen4_led
light_led	lighting_technology_gen5	upgrade_light_led	lighting_generation=gen5_led
light_led	lighting_technology_gen6	upgrade_light_led	lighting_generation=gen6_led
light_led	lighting_technology_gen7	upgrade_light_led	lighting_generation=gen7_led
light_led	lighting_technology_gen8	upgrade_light_led	lighting_generation=gen8_led
light_lighting_controls	daylighting_only	upgrade_light_lighting_controls	apply_daylighting=true	apply_occupancy=false
light_lighting_controls	occupancy_only	upgrade_light_lighting_controls	apply_daylighting=false	apply_occupancy=true
light_lighting_controls	daylighting_occupancy	upgrade_light_lighting_controls	apply_daylighting=true	apply_occupancy=true
hvac_add_heat_pump_rtu	electric_backup_base	upgrade_hvac_add_heat_pump_rtu	backup_ht_fuel_scheme=electric_resistance_backup	performance_oversizing_factor=0	htg_sizing_option=0F	clg_oversizing_estimate=1	htg_to_clg_hp_ratio=1	hp_min_comp_lockout_temp_f=0	hprtu_scenario=variable_speed_high_eff	hr=false	dcv=false	econ=false	roof=false	window=false	sizing_run=false	debug_verbose=false	modify_setbacks=false	setback_value=2
hvac_add_heat_pump_rtu	electric_backup_w_roof	upgrade_hvac_add_heat_pump_rtu	backup_ht_fuel_scheme=electric_resistance_backup	performance_oversizing_factor=0	htg_sizing_option=0F	clg_oversizing_estimate=1	htg_to_clg_hp_ratio=1	hp_min_comp_lockout_temp_f=0	hprtu_scenario=variable_speed_high_eff	hr=false	dcv=false	econ=false	roof=true	window=false	sizing_run=false	debug_verbose=false	modify_setbacks=false	setback_value=2
hvac_add_heat_pump_rtu	electric_backup_no_oversize_no_hr	upgrade_hvac_add_heat_pump_rtu	backup_ht_fuel_scheme=electric_resistance_backup	performance_oversizing_factor=0	htg_sizing_option=0F	clg_oversizing_estimate=1	htg_to_clg_hp_ratio=1	hp_min_comp_lockout_temp_f=0	hprtu_scenario=variable_speed_high_eff	hr=false	dcv=false	econ=false	roof=false	window=false	sizing_run=false	debug_verbose=false	modify_setbacks=false	setback_value=2
hvac_add_heat_pump_rtu	electric_backup_25pct_oversize_no_hr	upgrade_hvac_add_heat_pump_rtu	backup_ht_fuel_scheme=electric_resistance_backup	performance_oversizing_factor=0.25	htg_sizing_option=0F	clg_oversizing_estimate=1	htg_to_clg_hp_ratio=1	hp_min_comp_lockout_temp_f=0	hprtu_scenario=variable_speed_high_eff	hr=false	dcv=false	econ=false	roof=false	window=false	sizing_run=false	debug_verbose=false	modify_setbacks=false	setback_value=2
hvac_add_heat_pump_rtu	electric_backup_25pct_oversize_hr	upgrade_hvac_add_heat_pump_rtu	backup_ht_fuel_scheme=electric_resistance_backup	performance_oversizing_factor=0.25	htg_sizing_option=0F	clg_oversizing_estimate=1	htg_to_clg_hp_ratio=1	hp_min_comp_lockout_temp_f=0	hprtu_scenario=variable_speed_high_eff	hr=true	dcv=false	econ=false	roof=false	window=false	sizing_run=false	debug_verbose=false	modify_setbacks=false	setback_value=2
hvac_add_heat_pump_rtu	electric_backup_no_oversize_hr	upgrade_hvac_add_heat_pump_rtu	backup_ht_fuel_scheme=electric_resistance_backup	performance_oversizing_factor=0	htg_sizing_option=0F	clg_oversizing_estimate=1	htg_to_clg_hp_ratio=1	hp_min_comp_lockout_temp_f=0	hprtu_scenario=variable_speed_high_eff	hr=true	dcv=false	econ=false	roof=false	window=false	sizing_run=false	debug_verbose=false	modify_setbacks=false	setback_value=2
hvac_add_heat_pump_rtu	orig_fuel_backup_base	upgrade_hvac_add_heat_pump_rtu	backup_ht_fuel_scheme=match_original_primary_heating_fuel	performance_oversizing_factor=0	htg_sizing_option=0F	clg_oversizing_estimate=1	htg_to_clg_hp_ratio=1	hp_min_comp_lockout_temp_f=0	hprtu_scenario=variable_speed_high_eff	hr=false	dcv=false	econ=false	roof=false	window=false	sizing_run=false	debug_verbose=false	modify_setbacks=false	setback_value=2
hvac_add_heat_pump_rtu	orig_fuel_backup_no_oversize_no_hr	upgrade_hvac_add_heat_pump_rtu	backup_ht_fuel_scheme=match_original_primary_heating_fuel	performance_oversizing_factor=0	htg_sizing_option=0F	clg_oversizing_estimate=1	htg_to_clg_hp_ratio=1	hp_min_comp_lockout_temp_f=0	hprtu_scenario=variable_speed_high_eff	hr=false	dcv=false	econ=false	roof=false	window=false	sizing_run=false	debug_verbose=false	modify_setbacks=false	setback_value=2
hvac_add_heat_pump_rtu	orig_fuel_backup_25pct_oversize_no_hr	upgrade_hvac_add_heat_pump_rtu	backup_ht_fuel_scheme=match_original_primary_heating_fuel	performance_oversizing_factor=0.25	htg_sizing_option=0F	clg_oversizing_estimate=1	htg_to_clg_hp_ratio=1	hp_min_comp_lockout_temp_f=0	hprtu_scenario=variable_speed_high_eff	hr=false	dcv=false	econ=false	roof=false	window=false	sizing_run=false	debug_verbose=false	modify_setbacks=false	setback_value=2
hvac_add_heat_pump_rtu	orig_fuel_backup_25pct_oversize_hr	upgrade_hvac_add_heat_pump_rtu	backup_ht_fuel_scheme=match_original_primary_heating_fuel	performance_oversizing_factor=0.25	htg_sizing_option=0F	clg_oversizing_estimate=1	htg_to_clg_hp_ratio=1	hp_min_comp_lockout_temp_f=0	hprtu_scenario=variable_speed_high_eff	hr=true	dcv=false	econ=false	roof=false	window=false	sizing_run=false	debug_verbose=false	modify_setbacks=false	setback_value=2
hvac_add_heat_pump_rtu	orig_fuel_backup_no_oversize_hr	upgrade_hvac_add_heat_pump_rtu	backup_ht_fuel_scheme=match_original_primary_heating_fuel	performance_oversizing_factor=0	htg_sizing_option=0F	clg_oversizing_estimate=1	htg_to_clg_hp_ratio=1	hp_min_comp_lockout_temp_f=0	hprtu_scenario=variable_speed_high_eff	hr=true	dcv=false	econ=false	roof=false	window=false	sizing_run=false	debug_verbose=false	modify_setbacks=false	setback_value=2
hvac_add_heat_pump_rtu	standard_performance	upgrade_hvac_add_heat_pump_rtu	backup_ht_fuel_scheme=electric_resistance_backup	performance_oversizing_factor=0	htg_sizing_option=0F	clg_oversizing_estimate=1	htg_to_clg_hp_ratio=1	hp_min_comp_lockout_temp_f=0	hprtu_scenario=two_speed_standard_eff	hr=false	dcv=false	econ=false	roof=false	window=false	sizing_run=false	debug_verbose=false	modify_setbacks=false	setback_value=2
hvac_add_heat_pump_rtu	standard_performance_w_roof	upgrade_hvac_add_heat_pump_rtu	backup_ht_fuel_scheme=electric_resistance_backup	performance_oversizing_factor=0	htg_sizing_option=0F	clg_oversizing_estimate=1	htg_to_clg_hp_ratio=1	hp_min_comp_lockout_temp_f=0	hprtu_scenario=two_speed_standard_eff	hr=false	dcv=false	econ=false	roof=true	window=false	sizing_run=true	debug_verbose=false	modify_setbacks=false	setback_value=2
hvac_add_heat_pump_rtu	standard_performance_w_window	upgrade_hvac_add_heat_pump_rtu	backup_ht_fuel_scheme=electric_resistance_backup	performance_oversizing_factor=0	htg_sizing_option=0F	clg_oversizing_estimate=1	htg_to_clg_hp_ratio=1	hp_min_comp_lockout_temp_f=0	hprtu_scenario=two_speed_standard_eff	hr=false	dcv=false	econ=false	roof=false	window=true	sizing_run=true	debug_verbose=false	modify_setbacks=false	setback_value=2
hvac_add_heat_pump_rtu	standard_performance_w_roof_window	upgrade_hvac_add_heat_pump_rtu	backup_ht_fuel_scheme=electric_resistance_backup	performance_oversizing_factor=0	htg_sizing_option=0F	clg_oversizing_estimate=1	htg_to_clg_hp_ratio=1	hp_min_comp_lockout_temp_f=0	hprtu_scenario=two_speed_standard_eff	hr=false	dcv=false	econ=false	roof=true	window=true	sizing_run=true	debug_verbose=false	modify_setbacks=false	setback_value=2
hvac_add_heat_pump_rtu	adv_electric_backup_0pct_oversize_no_hr	upgrade_hvac_add_heat_pump_rtu	backup_ht_fuel_scheme=electric_resistance_backup	performance_oversizing_factor=0.00	htg_sizing_option=0F	clg_oversizing_estimate=1	htg_to_clg_hp_ratio=1	hp_min_comp_lockout_temp_f=0	hprtu_scenario=variable_speed_high_eff	hr=false	dcv=false	econ=false	roof=false	window=true	sizing_run=false	debug_verbose=false	modify_setbacks=false	setback_value=2
hvac_add_heat_pump_rtu	adv_electric_backup_5pct_oversize_no_hr	upgrade_hvac_add_heat_pump_rtu	backup_ht_fuel_scheme=electric_resistance_backup	performance_oversizing_factor=0.05	htg_sizing_option=0F	clg_oversizing_estimate=1	htg_to_clg_hp_ratio=1	hp_min_comp_lockout_temp_f=0	hprtu_scenario=variable_speed_high_eff	hr=false	dcv=false	econ=false	roof=false	window=true	sizing_run=false	debug_verbose=false	modify_setbacks=false	setback_value=2
hvac_add_heat_pump_rtu	adv_electric_backup_10pct_oversize_no_hr	upgrade_hvac_add_heat_pump_rtu	backup_ht_fuel_scheme=electric_resistance_backup	performance_oversizing_factor=0.10	htg_sizing_option=0F	clg_oversizing_estimate=1	htg_to_clg_hp_ratio=1	hp_min_comp_lockout_temp_f=0	hprtu_scenario=variable_speed_high_eff	hr=false	dcv=false	econ=false	roof=false	window=true	sizing_run=false	debug_verbose=false	modify_setbacks=false	setback_value=2
hvac_add_heat_pump_rtu	adv_electric_backup_15pct_oversize_no_hr	upgrade_hvac_add_heat_pump_rtu	backup_ht_fuel_scheme=electric_resistance_backup	performance_oversizing_factor=0.15	htg_sizing_option=0F	clg_oversizing_estimate=1	htg_to_clg_hp_ratio=1	hp_min_comp_lockout_temp_f=0	hprtu_scenario=variable_speed_high_eff	hr=false	dcv=false	econ=false	roof=false	window=true	sizing_run=false	debug_verbose=false	modify_setbacks=false	setback_value=2
hvac_add_heat_pump_rtu	adv_electric_backup_20pct_oversize_no_hr	upgrade_hvac_add_heat_pump_rtu	backup_ht_fuel_scheme=electric_resistance_backup	performance_oversizing_factor=0.20	htg_sizing_option=0F	clg_oversizing_estimate=1	htg_to_clg_hp_ratio=1	hp_min_comp_lockout_temp_f=0	hprtu_scenario=variable_speed_high_eff	hr=false	dcv=false	econ=false	roof=false	window=true	sizing_run=false	debug_verbose=false	modify_setbacks=false	setback_value=2
hvac_add_heat_pump_rtu	adv_electric_backup_25pct_oversize_no_hr	upgrade_hvac_add_heat_pump_rtu	backup_ht_fuel_scheme=electric_resistance_backup	performance_oversizing_factor=0.25	htg_sizing_option=0F	clg_oversizing_estimate=1	htg_to_clg_hp_ratio=1	hp_min_comp_lockout_temp_f=0	hprtu_scenario=variable_speed_high_eff	hr=false	dcv=false	econ=false	roof=false	window=true	sizing_run=false	debug_verbose=false	modify_setbacks=false	setback_value=2
hvac_add_heat_pump_rtu	compressor_lockout_5F	upgrade_hvac_add_heat_pump_rtu	backup_ht_fuel_scheme=electric_resistance_backup	performance_oversizing_factor=0	htg_sizing_option=0F	clg_oversizing_estimate=1	htg_to_clg_hp_ratio=1	hp_min_comp_lockout_temp_f=5	hprtu_scenario=two_speed_standard_eff	hr=false	dcv=false	econ=false	roof=false	window=false	sizing_run=false	debug_verbose=false	modify_setbacks=false	setback_value=2
hvac_add_heat_pump_rtu	compressor_lockout_10F	upgrade_hvac_add_heat_pump_rtu	backup_ht_fuel_scheme=electric_resistance_backup	performance_oversizing_factor=0	htg_sizing_option=0F	clg_oversizing_estimate=1	htg_to_clg_hp_ratio=1	hp_min_comp_lockout_temp_f=10	hprtu_scenario=two_speed_standard_eff	hr=false	dcv=false	econ=false	roof=false	window=false	sizing_run=false	debug_verbose=false	modify_setbacks=false	setback_value=2
hvac_add_heat_pump_rtu	compressor_lockout_17F	upgrade_hvac_add_heat_pump_rtu	backup_ht_fuel_scheme=electric_resistance_backup	performance_oversizing_factor=0	htg_sizing_option=0F	clg_oversizing_estimate=1	htg_to_clg_hp_ratio=1	hp_min_comp_lockout_temp_f=17	hprtu_scenario=two_speed_standard_eff	hr=false	dcv=false	econ=false	roof=false	window=false	sizing_run=false	debug_verbose=false	modify_setbacks=false	setback_value=2
hvac_add_heat_pump_rtu	compressor_lockout_32F	upgrade_hvac_add_heat_pump_rtu	backup_ht_fuel_scheme=electric_resistance_backup	performance_oversizing_factor=0	htg_sizing_option=0F	clg_oversizing_estimate=1	htg_to_clg_hp_ratio=1	hp_min_comp_lockout_temp_f=32	hprtu_scenario=two_speed_standard_eff	hr=false	dcv=false	econ=false	roof=false	window=false	sizing_run=false	debug_verbose=false	modify_setbacks=false	setback_value=2
hvac_add_heat_pump_rtu	cchpc_2027_spec	upgrade_hvac_add_heat_pump_rtu	backup_ht_fuel_scheme=electric_resistance_backup	performance_oversizing_factor=0	htg_sizing_option=0F	clg_oversizing_estimate=1	htg_to_clg_hp_ratio=1	hp_min_comp_lockout_temp_f=-10	hprtu_scenario=cchpc_2027_spec	hr=false	dcv=false	econ=false	roof=false	window=false	sizing_run=false	debug_verbose=false	modify_setbacks=false	setback_value=2
hvac_add_heat_pump_rtu	standard_performance_lab_data	upgrade_hvac_add_heat_pump_rtu	backup_ht_fuel_scheme=electric_resistance_backup	performance_oversizing_factor=0	htg_sizing_option=0F	clg_oversizing_estimate=1	htg_to_clg_hp_ratio=1	hp_min_comp_lockout_temp_f=0	hprtu_scenario=two_speed_lab_data	hr=false	dcv=false	econ=false	roof=false	window=false	sizing_run=false	debug_verbose=false	modify_setbacks=false	setback_value=2
hvac_add_heat_pump_rtu	setback_2F	upgrade_hvac_add_heat_pump_rtu	backup_ht_fuel_scheme=electric_resistance_backup	performance_oversizing_factor=0	htg_sizing_option=0F	clg_oversizing_estimate=1	htg_to_clg_hp_ratio=1	hp_min_comp_lockout_temp_f=0	hprtu_scenario=two_speed_standard_eff	hr=false	dcv=false	econ=false	roof=false	window=false	sizing_run=false	debug_verbose=false	modify_setbacks=true	setback_value=2
hvac_add_heat_pump_rtu	std_perf_no_sb	upgrade_hvac_add_heat_pump_rtu	backup_ht_fuel_scheme=electric_resistance_backup	performance_oversizing_factor=0	htg_sizing_option=0F	clg_oversizing_estimate=1	htg_to_clg_hp_ratio=1	hp_min_comp_lockout_temp_f=0	hprtu_scenario=two_speed_standard_eff	hr=false	dcv=false	econ=false	roof=false	window=false	sizing_run=false	debug_verbose=false	modify_setbacks=false	setback_value=2
hvac_enable_ideal_air_loads	ideal_air_loads	upgrade_hvac_enable_ideal_air_loads
gen_pv	pv_20pct	upgrade_add_pvwatts	pv_area_fraction=0.2	incl_batt_storage=false
gen_pv	pv_40pct	upgrade_add_pvwatts	pv_area_fraction=0.4	incl_batt_storage=false
gen_pv	pv_60pct	upgrade_add_pvwatts	pv_area_fraction=0.6	incl_batt_storage=false
gen_pv	pv_40pct_w_batt	upgrade_add_pvwatts	pv_area_fraction=0.4	incl_batt_storage=true
ppl_electric_kitchen_equip	electric_kitchen_equip	upgrade_ppl_electric_kitchen_equipment
hvac_add_multispeed_coil_min_flow	multispeed_min_flow_default	upgrade_hvac_multispeed_minimum_flow
hvac_advanced_rtu_controls	advanced_rtu_no_dcv_no_econ	upgrade_advanced_rtu_control	add_econo=false	add_dcv=false
hvac_advanced_rtu_controls	advanced_rtu_no_dcv_econ	upgrade_advanced_rtu_control	add_econo=true	add_dcv=false
hvac_advanced_rtu_controls	advanced_rtu_dcv_econ	upgrade_advanced_rtu_control	add_econo=true	add_dcv=true
hvac_advanced_rtu_controls	advanced_rtu_dcv_no_econ	upgrade_advanced_rtu_control	add_econo=false	add_dcv=true
hvac_packaged_geothermal_hp	packaged_ghp_dcv_econ	upgrade_hvac_packaged_gshp	walls=false	roof=false	windows=false	lighting=false	dcv=true	econ=true
hvac_packaged_geothermal_hp_with_envelope	packaged_ghp_dcv_econ_envelope	upgrade_hvac_packaged_gshp	walls=true	roof=true	windows=true	lighting=false	dcv=true	econ=true
hvac_packaged_geothermal_hp_with_envelope_lighting	packaged_ghp_dcv_econ_envelope_lighting	upgrade_hvac_packaged_gshp	walls=true	roof=true	windows=true	lighting=true	dcv=true	econ=true
hvac_console_geothermal_hp	console_ghp	upgrade_hvac_console_gshp	walls=false	roof=false	windows=false	lighting=false
hvac_console_geothermal_hp_with_envelope	console_ghp_envelope	upgrade_hvac_console_gshp	walls=true	roof=true	windows=true	lighting=false
hvac_console_geothermal_hp_with_envelope_lighting	console_ghp_envelope_lighting	upgrade_hvac_console_gshp	walls=true	roof=true	windows=true	lighting=true
hvac_hydronic_geothermal_hp	hydronic_ghp	upgrade_hvac_hydronic_gshp	keep_setpoint=false	hw_setpoint_F=135	chw_setpoint_F=44	autosize_hc=false	hp_des_cap_htg=200	hp_des_cap_clg=200	cop=2.85	walls=false	roof=false	windows=false	lighting=false
hvac_hydronic_geothermal_hp_with_envelope	hydronic_ghp_envelope	upgrade_hvac_hydronic_gshp	keep_setpoint=false	hw_setpoint_F=135	chw_setpoint_F=44	autosize_hc=false	hp_des_cap_htg=200	hp_des_cap_clg=200	cop=2.85	walls=true	roof=true	windows=true	lighting=false
hvac_hydronic_geothermal_hp_with_envelope_lighting	hydronic_ghp_envelope_lighting	upgrade_hvac_hydronic_gshp	keep_setpoint=false	hw_setpoint_F=135	chw_setpoint_F=44	autosize_hc=false	hp_des_cap_htg=200	hp_des_cap_clg=200	cop=2.85	walls=true	roof=true	windows=true	lighting=true
hvac_vrf_hr_doas	vrf_hr	upgrade_hvac_vrf_hr_doas	vrf_defrost_strategy=reverse-cycle	disable_defrost=false	upsizing_allowance_pct=0.0	apply_measure=true
hvac_vrf_hr_doas	vrf_25pct_upsizing	upgrade_hvac_vrf_hr_doas	vrf_defrost_strategy=reverse-cycle	disable_defrost=false	upsizing_allowance_pct=25.0	apply_measure=true
hvac_add_doas_heat_pump_minisplit	hp_minisplit_default	upgrade_hvac_doas_hp_minisplits	area_limit_sf=20000		doas_htg_fuel=electric_resistance	performance_oversizing_factor=0.35
hvac_replace_boiler_by_heatpump	boiler_backup_new_hot_water_setpoint_coil_autosize	upgrade_hvac_replace_boiler_by_heatpump	keep_setpoint=false	hw_setpoint_F=140.0	autosize_hc=true	sizing_method=Outdoor Air Temperature	hp_sizing_temp=17.0	hp_sizing_per=70.0	hp_des_cap=40.0	bu_type=New Electric Resistance Heater	hpwh_cutoff_T=-5	hpwh_Design_OAT=47.0	cop=2.85
hvac_replace_boiler_by_heatpump	gas_boiler_backup_new_hot_water_setpoint_coil_autosize	upgrade_hvac_replace_boiler_by_heatpump	keep_setpoint=false	hw_setpoint_F=140.0	autosize_hc=true	sizing_method=Outdoor Air Temperature	hp_sizing_temp=17.0	hp_sizing_per=70.0	hp_des_cap=40.0	bu_type=Existing Boiler	hpwh_cutoff_T=-5	hpwh_Design_OAT=47.0	cop=2.85
hvac_economizer	apply_measure	upgrade_hvac_economizer
hvac_dcv_v2	demand_control_ventilation	upgrade_hvac_dcv
hvac_exhaust_air_energy_or_heat_recovery	add_energy_or_heat_recovery	upgrade_hvac_exhaust_air_energy_or_heat_recovery
hvac_unocc_oa_control	unocc_oa_control	upgrade_unoccupied_oa_controls
hvac_electric_boiler	elec_boiler	upgrade_hvac_electric_boiler
hvac_condensing_boiler	condensing_boiler	upgrade_hvac_condensing_boiler
hvac_chiller	upgrade_chiller	upgrade_hvac_chiller	upgrade_pump=false	chw_oat_reset=false	cw_oat_reset=false	debug_verbose=false
hvac_chiller	upgrade_chiller_pump	upgrade_hvac_chiller	upgrade_pump=true	chw_oat_reset=false	cw_oat_reset=false	debug_verbose=false
hvac_chiller	upgrade_chiller_pump_chwctrl	upgrade_hvac_chiller	upgrade_pump=true	chw_oat_reset=true	cw_oat_reset=false	debug_verbose=false
hvac_chiller	upgrade_chiller_pump_chwctrl_cwctrl	upgrade_hvac_chiller	upgrade_pump=true	chw_oat_reset=true	cw_oat_reset=true	debug_verbose=false
hvac_thermostat_setback	htg10	upgrade_add_thermostat_setback	clg_setback=5	htg_setback=10	opt_start=true	opt_start_len=3	htg_min=55	clg_max=82
fault_economizer_db_limit	NA	fault_hvac_economizer_changeover_temperature	apply_measure=false	econ_choice=all available economizer	changeovertemp=10.88
fault_economizer_db_limit	No fault	fault_hvac_economizer_changeover_temperature	apply_measure=false	econ_choice=all available economizer	changeovertemp=10.88
fault_economizer_db_limit	Fault	fault_hvac_economizer_changeover_temperature	apply_measure=true	econ_choice=all available economizer	changeovertemp=10.88
fault_economizer_db_limit	dummy_option_does_nothing	fault_hvac_economizer_changeover_temperature
fault_economizer_damper_fully_closed	NA	fault_hvac_economizer_damper_stuck	apply_measure=false	econ_choice=all available economizer	start_month=1	start_day=1	duration_days=365	damper_pos=0.0
fault_economizer_damper_fully_closed	No fault	fault_hvac_economizer_damper_stuck	apply_measure=false	econ_choice=all available economizer	start_month=1	start_day=1	duration_days=365	damper_pos=0.0
fault_economizer_damper_fully_closed	Fault jan	fault_hvac_economizer_damper_stuck	apply_measure=true	econ_choice=all available economizer	start_month=1	start_day=1	duration_days=31	damper_pos=0.0
fault_economizer_damper_fully_closed	Fault feb	fault_hvac_economizer_damper_stuck	apply_measure=true	econ_choice=all available economizer	start_month=2	start_day=1	duration_days=28	damper_pos=0.0
fault_economizer_damper_fully_closed	Fault mar	fault_hvac_economizer_damper_stuck	apply_measure=true	econ_choice=all available economizer	start_month=3	start_day=1	duration_days=31	damper_pos=0.0
fault_economizer_damper_fully_closed	Fault apr	fault_hvac_economizer_damper_stuck	apply_measure=true	econ_choice=all available economizer	start_month=4	start_day=1	duration_days=30	damper_pos=0.0
fault_economizer_damper_fully_closed	Fault may	fault_hvac_economizer_damper_stuck	apply_measure=true	econ_choice=all available economizer	start_month=5	start_day=1	duration_days=31	damper_pos=0.0
fault_economizer_damper_fully_closed	Fault jun	fault_hvac_economizer_damper_stuck	apply_measure=true	econ_choice=all available economizer	start_month=6	start_day=1	duration_days=30	damper_pos=0.0
fault_economizer_damper_fully_closed	Fault jul	fault_hvac_economizer_damper_stuck	apply_measure=true	econ_choice=all available economizer	start_month=7	start_day=1	duration_days=31	damper_pos=0.0
fault_economizer_damper_fully_closed	Fault aug	fault_hvac_economizer_damper_stuck	apply_measure=true	econ_choice=all available economizer	start_month=8	start_day=1	duration_days=31	damper_pos=0.0
fault_economizer_damper_fully_closed	Fault sep	fault_hvac_economizer_damper_stuck	apply_measure=true	econ_choice=all available economizer	start_month=9	start_day=1	duration_days=30	damper_pos=0.0
fault_economizer_damper_fully_closed	Fault oct	fault_hvac_economizer_damper_stuck	apply_measure=true	econ_choice=all available economizer	start_month=10	start_day=1	duration_days=31	damper_pos=0.0
fault_economizer_damper_fully_closed	Fault nov	fault_hvac_economizer_damper_stuck	apply_measure=true	econ_choice=all available economizer	start_month=11	start_day=1	duration_days=30	damper_pos=0.0
fault_economizer_damper_fully_closed	Fault dec	fault_hvac_economizer_damper_stuck	apply_measure=true	econ_choice=all available economizer	start_month=12	start_day=1	duration_days=31	damper_pos=0.0
fault_economizer_damper_fully_closed	dummy_option_does_nothing	fault_hvac_economizer_damper_stuck
geb_df_plug_load	plug_load	reduce_epd_by_percentage_for_peak_hours	epd_reduce_percent=20.0	start_date1=0	end_date1=0	start_date2=0	end_date2=0	start_date3=0	end_date3=0	start_date4=0	end_date4=1	start_date5=0	end_date5=0	start_time1=0	end_time1=0	start_time2=0	end_time2=0	start_time3=0	end_time3=0	start_time4=0	end_time4=0	start_time5=0	end_time5=0	alt_periods=true
geb_df_lighting	lighting	reduce_lpd_by_percentage_for_peak_hours	lpd_reduce_percent=30.0	lpd_reduce_percent_unoccupied=60.0	start_date1=0	end_date1=0	start_date2=0	end_date2=0	start_date3=0	end_date3=0	start_date4=0	end_date4=0	start_date5=0	end_date5=0	start_time1=0	end_time1=0	start_time2=0	end_time2=0	start_time3=0	end_time3=0	start_time4=0	end_time4=0	start_time5=0	end_time5=0	alt_periods=true
geb_df_thermostat_shed	thermostat_shed	AdjustThermostatSetpointsByDegreesForPeakHours	heating_adjustment=-2.0	heating_start_date1=0	heating_end_date1=0	heating_start_date2=0	heating_end_date2=0	heating_start_date3=0	heating_end_date3=0	heating_start_date4=0	heating_end_date4=0	heating_start_date5=0	heating_end_date5=0	heating_start_time1=0	heating_end_time1=0	heating_start_time2=0	heating_end_time2=0	heating_start_time3=0	heating_end_time3=0	heating_start_time4=0	heating_end_time4=0	heating_start_time5=0	heating_end_time5=0	cooling_adjustment=5.0	cooling_start_date1=0	cooling_end_date1=0	cooling_start_date2=0	cooling_end_date2=0	cooling_start_date3=0	cooling_end_date3=0	cooling_start_date4=0	cooling_end_date4=0	cooling_start_date5=0	cooling_end_date5=0	cooling_start_time1=0	cooling_end_time1=0	cooling_start_time2=0	cooling_end_time2=0	cooling_start_time3=0	cooling_end_time3=0	cooling_start_time4=0	cooling_end_time4=0	cooling_start_time5=0	cooling_end_time5=0	alt_periods=true
geb_df_thermostat_preheat	thermostat_preheat	preheating	heating_adjustment=4.0	start_date1=0	end_date1=0	start_date2=0	end_date2=0	start_date3=0	end_date3=0	start_date4=0	end_date4=0	start_date5=0	end_date5=0	start_time1=0	end_time1=0	start_time2=0	end_time2=0	start_time3=0	end_time3=0	start_time4=0	end_time4=0	start_time5=0	end_time5=0	alt_periods=true
geb_df_thermostat_precool	thermostat_precool	precooling	cooling_adjustment=-4.0	start_date1=0	end_date1=0	start_date2=0	end_date2=0	start_date3=0	end_date3=0	start_date4=0	end_date4=0	start_date5=0	end_date5=0	start_time1=0	end_time1=0	start_time2=0	end_time2=0	start_time3=0	end_time3=0	start_time4=0	end_time4=0	start_time5=0	end_time5=0	alt_periods=true
thermostat_control_load_shed	shed_full_baseline_15min	upgrade_df_load_shed	demand_flexibility_objective=peak load	peak_len=4	thermostat_control=true	rebound_len=2	sp_adjustment=2.0	lighting_control=false	light_adjustment_method=absolute change	light_adjustment=30	num_timesteps_in_hr=4	load_prediction_method=full baseline	peak_window_strategy=center with peak	cambium_scenario=LRMER_MidCase_15	pv=false
thermostat_control_load_shed	shed_full_baseline_maxsavings_15min	upgrade_df_load_shed	demand_flexibility_objective=peak load	peak_len=4	thermostat_control=true	rebound_len=2	sp_adjustment=2.0	lighting_control=false	light_adjustment_method=absolute change	light_adjustment=30	num_timesteps_in_hr=4	load_prediction_method=full baseline	peak_window_strategy=max savings	cambium_scenario=LRMER_MidCase_15	pv=false
thermostat_control_load_shed	shed_full_baseline_15min_3hpeak	upgrade_df_load_shed	demand_flexibility_objective=peak load	peak_len=3	thermostat_control=true	rebound_len=2	sp_adjustment=2.0	lighting_control=false	light_adjustment_method=absolute change	light_adjustment=30	num_timesteps_in_hr=4	load_prediction_method=full baseline	peak_window_strategy=center with peak	cambium_scenario=LRMER_MidCase_15	pv=false
thermostat_control_load_shed	shed_full_baseline_15min_norebound	upgrade_df_load_shed	demand_flexibility_objective=peak load	peak_len=4	thermostat_control=true	rebound_len=0	sp_adjustment=2.0	lighting_control=false	light_adjustment_method=absolute change	light_adjustment=30	num_timesteps_in_hr=4	load_prediction_method=full baseline	peak_window_strategy=center with peak	cambium_scenario=LRMER_MidCase_15	pv=false
thermostat_control_load_shed	shed_full_baseline_15min_3cspa	upgrade_df_load_shed	demand_flexibility_objective=peak load	peak_len=4	thermostat_control=true	rebound_len=2	sp_adjustment=3.0	lighting_control=false	light_adjustment_method=absolute change	light_adjustment=30	num_timesteps_in_hr=4	load_prediction_method=full baseline	peak_window_strategy=center with peak	cambium_scenario=LRMER_MidCase_15	pv=false
thermostat_control_load_shed	shed_bin_sample_15min	upgrade_df_load_shed	demand_flexibility_objective=peak load	peak_len=4	thermostat_control=true	rebound_len=2	sp_adjustment=2.0	lighting_control=false	light_adjustment_method=absolute change	light_adjustment=30	num_timesteps_in_hr=4	load_prediction_method=bin sample	peak_window_strategy=center with peak	cambium_scenario=LRMER_MidCase_15	pv=false
thermostat_control_load_shed	shed_part_year_15min	upgrade_df_load_shed	demand_flexibility_objective=peak load	peak_len=4	thermostat_control=true	rebound_len=2	sp_adjustment=2.0	lighting_control=false	light_adjustment_method=absolute change	light_adjustment=30	num_timesteps_in_hr=4	load_prediction_method=part year bin sample	peak_window_strategy=center with peak	cambium_scenario=LRMER_MidCase_15	pv=false
thermostat_control_load_shift	shift_full_baseline_15min	upgrade_df_thermostat_control_load_shift	demand_flexibility_objective=peak load	peak_len=4	prepeak_len=2	sp_adjustment=1.0	num_timesteps_in_hr=4	load_prediction_method=full baseline	peak_window_strategy=center with peak
thermostat_control_load_shift	shift_full_baseline_maxsavings_15min	upgrade_df_thermostat_control_load_shift	demand_flexibility_objective=peak load	peak_len=4	prepeak_len=2	sp_adjustment=1.0	num_timesteps_in_hr=4	load_prediction_method=full baseline	peak_window_strategy=max savings
thermostat_control_load_shift	shift_full_baseline_15min_3hpeak	upgrade_df_thermostat_control_load_shift	demand_flexibility_objective=peak load	peak_len=3	prepeak_len=2	sp_adjustment=1.0	num_timesteps_in_hr=4	load_prediction_method=full baseline	peak_window_strategy=center with peak
thermostat_control_load_shift	shift_full_baseline_15min_1hprepeak	upgrade_df_thermostat_control_load_shift	demand_flexibility_objective=peak load	peak_len=4	prepeak_len=1	sp_adjustment=1.0	num_timesteps_in_hr=4	load_prediction_method=full baseline	peak_window_strategy=center with peak
thermostat_control_load_shift	shift_full_baseline_15min_2cspa	upgrade_df_thermostat_control_load_shift	demand_flexibility_objective=peak load	peak_len=4	prepeak_len=2	sp_adjustment=2.0	num_timesteps_in_hr=4	load_prediction_method=full baseline	peak_window_strategy=center with peak
lighting_load_shed	light_shed_abs_30_15min	upgrade_df_load_shed	demand_flexibility_objective=peak load	peak_len=4	thermostat_control=false	rebound_len=2	sp_adjustment=2.0	lighting_control=true	light_adjustment_method=absolute change	light_adjustment=30.0	num_timesteps_in_hr=4	load_prediction_method=full baseline	peak_window_strategy=center with peak	cambium_scenario=LRMER_MidCase_15	pv=false
lighting_load_shed	light_shed_abs_30_maxsavings_15min	upgrade_df_load_shed	demand_flexibility_objective=peak load	peak_len=4	thermostat_control=false	rebound_len=2	sp_adjustment=2.0	lighting_control=true	light_adjustment_method=absolute change	light_adjustment=30.0	num_timesteps_in_hr=4	load_prediction_method=full baseline	peak_window_strategy=max savings	cambium_scenario=LRMER_MidCase_15	pv=false
lighting_load_shed	light_shed_abs_20_15min	upgrade_df_load_shed	demand_flexibility_objective=peak load	peak_len=4	thermostat_control=false	rebound_len=2	sp_adjustment=2.0	lighting_control=true	light_adjustment_method=absolute change	light_adjustment=20.0	num_timesteps_in_hr=4	load_prediction_method=full baseline	peak_window_strategy=center with peak	cambium_scenario=LRMER_MidCase_15	pv=false
lighting_load_shed	light_shed_abs_50_15min	upgrade_df_load_shed	demand_flexibility_objective=peak load	peak_len=4	thermostat_control=false	rebound_len=2	sp_adjustment=2.0	lighting_control=true	light_adjustment_method=absolute change	light_adjustment=50.0	num_timesteps_in_hr=4	load_prediction_method=full baseline	peak_window_strategy=center with peak	cambium_scenario=LRMER_MidCase_15	pv=false
lighting_load_shed	light_shed_rel_30_15min	upgrade_df_load_shed	demand_flexibility_objective=peak load	peak_len=4	thermostat_control=false	rebound_len=2	sp_adjustment=2.0	lighting_control=true	light_adjustment_method=relative change	light_adjustment=30.0	num_timesteps_in_hr=4	load_prediction_method=full baseline	peak_window_strategy=center with peak	cambium_scenario=LRMER_MidCase_15	pv=false
lighting_load_shed	light_shed_rel_30_maxsavings_15min	upgrade_df_load_shed	demand_flexibility_objective=peak load	peak_len=4	thermostat_control=false	rebound_len=2	sp_adjustment=2.0	lighting_control=true	light_adjustment_method=relative change	light_adjustment=30.0	num_timesteps_in_hr=4	load_prediction_method=full baseline	peak_window_strategy=max savings	cambium_scenario=LRMER_MidCase_15	pv=false
thermostat_lighting_load_shed	tstat_light_load_shed	upgrade_df_load_shed	demand_flexibility_objective=peak load	peak_len=4	thermostat_control=true	rebound_len=2	sp_adjustment=2.0	lighting_control=true	light_adjustment_method=absolute change	light_adjustment=30.0	num_timesteps_in_hr=4	load_prediction_method=full baseline	peak_window_strategy=center with peak	cambium_scenario=LRMER_MidCase_15	pv=false
lighting_emission	light_emission_lowrecost15_15min	upgrade_df_load_shed	demand_flexibility_objective=emissions	peak_len=4	thermostat_control=false	rebound_len=2	sp_adjustment=2.0	lighting_control=true	light_adjustment_method=absolute change	light_adjustment=30.0	num_timesteps_in_hr=4	load_prediction_method=full baseline	peak_window_strategy=max savings	cambium_scenario=LRMER_LowRECost_15	pv=false
lighting_emission	light_emission_highrecost15_15min	upgrade_df_load_shed	demand_flexibility_objective=emissions	peak_len=4	thermostat_control=false	rebound_len=2	sp_adjustment=2.0	lighting_control=true	light_adjustment_method=absolute change	light_adjustment=30.0	num_timesteps_in_hr=4	load_prediction_method=full baseline	peak_window_strategy=max savings	cambium_scenario=LRMER_HighRECost_15	pv=false
lighting_emission	light_emission_midcase15_15min	upgrade_df_load_shed	demand_flexibility_objective=emissions	peak_len=4	thermostat_control=false	rebound_len=2	sp_adjustment=2.0	lighting_control=true	light_adjustment_method=absolute change	light_adjustment=30.0	num_timesteps_in_hr=4	load_prediction_method=full baseline	peak_window_strategy=max savings	cambium_scenario=LRMER_MidCase_15	pv=false
thermostat_control_grid_load_shed	tstat_grid_shed	upgrade_df_load_shed	demand_flexibility_objective=grid peak load	peak_len=4	thermostat_control=true	rebound_len=2	sp_adjustment=2.0	lighting_control=false	light_adjustment_method=absolute change	light_adjustment=30.0	num_timesteps_in_hr=1	load_prediction_method=full baseline	peak_window_strategy=center with peak	cambium_scenario=LRMER_MidCase_15	pv=false
thermostat_control_grid_load_shift	tstat_grid_shift	upgrade_df_thermostat_control_load_shift	demand_flexibility_objective=grid peak load	peak_len=4	prepeak_len=2	sp_adjustment=1.0	num_timesteps_in_hr=1	load_prediction_method=full baseline	peak_window_strategy=center with peak
lighting_grid_load_shed	light_grid_shed_abs_30	upgrade_df_load_shed	demand_flexibility_objective=grid peak load	peak_len=4	thermostat_control=false	rebound_len=2	sp_adjustment=2.0	lighting_control=true	light_adjustment_method=absolute change	light_adjustment=30.0	num_timesteps_in_hr=1	load_prediction_method=full baseline	peak_window_strategy=center with peak	cambium_scenario=LRMER_MidCase_15	pv=false
thermostat_lighting_grid_load_shed	tstat_light_grid_shed	upgrade_df_load_shed	demand_flexibility_objective=grid peak load	peak_len=4	thermostat_control=true	rebound_len=2	sp_adjustment=2.0	lighting_control=true	light_adjustment_method=absolute change	light_adjustment=30.0	num_timesteps_in_hr=1	load_prediction_method=full baseline	peak_window_strategy=center with peak	cambium_scenario=LRMER_MidCase_15	pv=false
thermostat_lighting_load_shed_pv	tstat_light_load_shed_pv	upgrade_df_load_shed	demand_flexibility_objective=peak load	peak_len=4	thermostat_control=true	rebound_len=2	sp_adjustment=2.0	lighting_control=true	light_adjustment_method=absolute change	light_adjustment=30.0	num_timesteps_in_hr=4	load_prediction_method=full baseline	peak_window_strategy=center with peak	cambium_scenario=LRMER_MidCase_15	pv=true
df_precooling	precooling_12to4pm_yearround	precooling	cooling_adjustment=-4.0	starttime_cooling=11:59:00	endtime_cooling=15:59:00	cooling_startdate=01-01	cooling_enddate=12-31	auto_date=false	alt_periods=false
hvac_rtu	upgrade_rtu	upgrade_hvac_rtu_adv	hr=false	dcv=false	debug_verbose=false
hvac_rtu	upgrade_rtu_hr	upgrade_hvac_rtu_adv	hr=true	dcv=false	debug_verbose=false
hvac_rtu	upgrade_rtu_hr_dcv	upgrade_hvac_rtu_adv	hr=true	dcv=true	debug_verbose=false
hvac_pump	upgrade_pump	upgrade_hvac_pump	chw_hw_oat_reset=false	cw_oat_reset=false	debug_verbose=false
hvac_pump	upgrade_pump_chwhwreset	upgrade_hvac_pump	chw_hw_oat_reset=true	cw_oat_reset=false	debug_verbose=false
hvac_pump	upgrade_pump_chwhwreset_cwctrl	upgrade_hvac_pump	chw_hw_oat_reset=true	cw_oat_reset=true	debug_verbose=false
state_id	*
energy_code_compliance_during_original_building_construction	*
energy_code_compliance_interior_lighting	*
energy_code_compliance_hvac	*
energy_code_compliance_exterior_lighting	*
energy_code_compliance_interior_equipment	*
energy_code_compliance_roof	*
energy_code_compliance_service_water_heating	*
energy_code_compliance_walls	*
energy_code_compliance_windows	*
region	*
year_built	*
ownership_status	*
party_responsible_for_operation	*
purchase_input_responsibility	*
year_bin_of_last_interior_lighting_replacement	*
year_bin_of_original_building_construction	*
building_shape	*
ltg_sch_base_peak_ratio_type	*
plugload_sch_base_peak_ratio_type	*
year_bin_of_last_hvac_replacement	*
building_size_lighting_tech	*
year_bin_of_last_exterior_lighting_replacement	*
year_bin_of_last_interior_equipment_replacement	*
year_bin_of_last_roof_replacement	*
year_bin_of_last_service_water_heating_replacement	*
year_bin_of_last_walls_replacement	*
year_bin_of_last_windows_replacement	*
energy_code_in_force_during_last_interior_lighting_replacement	*
energy_code_in_force_during_original_building_construction	*
energy_code_in_force_during_last_hvac_replacement	*
energy_code_in_force_during_last_exterior_lighting_replacement	*
energy_code_in_force_during_last_interior_equipment_replacement	*
energy_code_in_force_during_last_roof_replacement	*
energy_code_in_force_during_last_service_water_heating_replacement	*
energy_code_in_force_during_last_walls_replacement	*
energy_code_in_force_during_last_windows_replacement	*
energy_code_followed_during_last_interior_lighting_replacement	*
energy_code_followed_during_last_windows_replacement	*
nhgis_tract_gisjoin	*
nhgis_county_gisjoin	*
nhgis_puma_gisjoin	*
state_name	*
state_abbreviation	*
census_division_name	*
census_region_name	*
census_division_name_recs	*
american_housing_survey_region	*
weather_file_2018	*
weather_file_TMY3	*
cec_climate_zone	*
climate_zone_building_america	*
climate_zone_ashrae_2006	*
iso_region	*
reeds_balancing_area	*
resstock_county_id	*
resstock_puma_id	*
resstock_custom_region	*
cluster_id	*
cluster_name	*
sampling_region	*
size_bin	*
tract	*
state_id	*
census_region	*
year_bin_of_last_refrigeration_replacement	*
include_refrigeration_technology_level	*
